patient_id,facility,enroll_date,age,sex,residence,education,occupation,marital_status,health_insurance,height_cm,weight_kg,bmi,smoking,alcohol,physical_activity,family_history_htn,diabetes,sbp_mmhg,dbp_mmhg,total_chol_mmol_l,hdl_mmol_l,ldl_mmol_l,triglycerides_mmol_l,fasting_glucose_mmol_l,creatinine_umol_l,sodium_mmol_l,potassium_mmol_l,knowledge_score,distance_to_facility_km,comorbidity_count,htn_diagnosed,months_since_diagnosis,treatment_uptake,adherence,bp_controlled,bmi_cat,bp_category
PHC-1224,Igoma HC,2024-02-01,74,Female,Urban,Primary,Trader,Married,Yes,164.6,61.3,22.6,Former,None,Low,Yes,No,140,92,NA,1.93,3.5,1,6.6,61,134,4.1,14,2.9,1,Yes,95,Yes,Poor,No,Normal,Hypertension
PHC-1169,Kisesa HC,2024-09-03,56,Female,Urban,Primary,Professional,Married,No,160,68.3,26.7,Current,Moderate,Low,Yes,No,185,91,5.4,0.7,NA,2.1,5.5,66,134,3.6,7,10.5,0,Yes,87,No,NA,NA,Overweight,Hypertension
PHC-1391,Bugando PHC,2024-11-26,54,Female,Urban,None,Farmer,Single,No,152.8,49.9,21.4,Never,Moderate,Moderate,Yes,No,147,85,5.4,1.67,2.3,2.7,6,75,139,4.4,9,2.4,0,Yes,116,No,NA,NA,Normal,Hypertension
PHC-0142,Ilemela HC,2024-10-23,33,Female,Urban,Primary,Farmer,Single,Yes,166.2,78.5,28.4,Never,None,Low,Yes,No,124,102,5.9,0.65,4.1,1.7,5.2,86,140,4.4,12,2.2,0,Yes,31,Yes,Good,No,Overweight,Hypertension
PHC-0112,Kisesa HC,2024-06-03,86,Male,Urban,Primary,Unemployed,Married,No,182,71.6,21.6,Former,Heavy,High,No,No,131,95,4.8,1.69,2.4,2,5.1,87,142,4.2,NA,5.4,0,Yes,80,No,NA,NA,Normal,Hypertension
PHC-0102,Igoma HC,2024-04-22,70,Male,Urban,Primary,Trader,Single,No,175.6,97.4,31.6,Never,Heavy,Moderate,No,No,153,95,3.6,1.2,1.4,1.3,5.8,72,138,4,12,6.7,1,Yes,28,No,NA,NA,Obese,Hypertension
PHC-1019,Nyamagana PHC,2024-08-08,45,Female,Urban,None,Unemployed,Married,No,165.6,106.7,38.9,Former,None,Moderate,No,No,162,100,5.3,1.83,2.2,1,5.5,103,141,4.5,17,0.2,1,Yes,6,Yes,Good,No,Obese,Hypertension
PHC-1431,Bugando PHC,2024-02-18,59,Female,Urban,Primary,Professional,Married,No,148.8,55.7,25.2,Current,Moderate,Low,No,No,108,100,2.9,1.39,NA,1.5,4.1,57,141,5,8,0.4,0,Yes,96,No,NA,NA,Overweight,Hypertension
PHC-0119,Bugando PHC,2024-01-12,46,Male,Urban,Primary,Trader,Married,No,172.2,97.8,33,Never,Heavy,Low,Yes,No,152,87,6,1.38,3.4,2.5,6.2,98,140,4.7,13,5,1,Yes,114,No,NA,NA,Obese,Hypertension
PHC-0397,Bugando PHC,2024-10-19,61,Female,Rural,None,Trader,Married,No,165.6,56.5,20.6,Former,None,Low,No,No,127,69,5.2,1.57,2.6,1.3,6.4,76,143,4.4,NA,10.3,1,Yes,53,Yes,Poor,Yes,Normal,Normal
PHC-0431,Nyamagana PHC,2024-03-15,70,Female,Rural,Secondary,Unemployed,Married,Yes,169,42.8,15,Former,Moderate,Moderate,No,No,139,88,6.3,1.44,3.7,0.7,6.5,99,136,4,11,10.7,1,Yes,39,Yes,Poor,Yes,Underweight,Elevated
PHC-0475,Nyamagana PHC,2024-09-06,56,Female,Rural,Primary,Other,Married,No,156.3,62.5,25.6,Current,Heavy,Low,Yes,No,168,85,6.6,1.27,4.3,1.8,3.9,78,137,4.6,6,6.3,1,Yes,85,No,NA,NA,Overweight,Hypertension
PHC-1277,Igoma HC,2024-08-29,45,Female,Urban,None,Trader,Married,No,155.7,57.3,23.6,Never,Moderate,Moderate,No,No,158,83,6.5,0.92,3.6,1.4,5.3,78,141,4.1,13,2.6,1,Yes,20,Yes,Poor,No,Normal,Hypertension
PHC-1201,Bugando PHC,2024-05-04,39,Male,Urban,None,Trader,Married,No,179.2,80.5,25.1,Former,Moderate,Low,Yes,No,138,95,6.6,1.28,4.3,2.4,5,66,141,4.5,13,4.2,1,Yes,112,No,NA,NA,Overweight,Hypertension
PHC-0621,Ilemela HC,2024-08-31,67,Male,Rural,Secondary,Other,Widowed,Yes,160.7,48.9,18.9,Former,None,Moderate,Yes,No,118,85,5.5,1.5,2.9,1.7,7.6,90,137,4.2,9,6.4,0,Yes,42,Yes,Good,Yes,Normal,Elevated
PHC-0331,Nyamagana PHC,2024-03-12,51,Female,Urban,Secondary,Trader,Married,No,169.6,NA,NA,Former,Heavy,Low,Yes,No,164,89,4.8,1.34,2.2,2.9,5.6,108,134,4.1,7,0.6,0,Yes,54,No,NA,NA,NA,Hypertension
PHC-0446,Bugando PHC,2024-09-03,73,Female,Urban,None,Farmer,Single,No,157.8,63,25.3,Never,Moderate,Moderate,Yes,No,162,98,3.3,1.23,1.6,0.8,5,84,140,4.3,12,1.7,0,Yes,114,Yes,Poor,No,Overweight,Hypertension
PHC-0173,Ilemela HC,2024-07-08,60,Male,Rural,Secondary,Professional,Married,Yes,161.5,92.5,35.5,Never,Moderate,Low,No,No,141,81,4.5,0.9,3,2.9,6.1,67,141,4.1,9,6.4,1,Yes,80,No,NA,NA,Obese,Hypertension
PHC-1064,Ilemela HC,2024-09-07,77,Male,Rural,Secondary,Trader,Married,No,172.7,74.9,25.1,Current,Moderate,Low,No,No,137,100,5.1,1.14,3,0.8,5,95,139,4.4,14,4.7,0,Yes,34,Yes,Good,No,Overweight,Hypertension
PHC-1453,Bugando PHC,2024-09-07,38,Female,Rural,Secondary,Farmer,Divorced,No,166.8,59.3,21.3,Never,None,Moderate,Yes,No,126,93,5,0.98,3.2,0.4,4.7,87,141,4.7,14,12.2,0,Yes,62,No,NA,NA,Normal,Hypertension
PHC-0044,Bugando PHC,2024-02-19,43,Female,Urban,Primary,Professional,Married,Yes,155.5,73.4,30.4,Never,Heavy,Moderate,Yes,No,174,95,NA,0.75,4.6,2.4,5.3,66,142,4.8,12,6.4,1,Yes,8,Yes,Good,No,Obese,Hypertension
PHC-1267,Kisesa HC,2024-05-04,48,Male,Rural,None,Other,Married,No,173.3,70.6,23.5,Never,Moderate,Moderate,No,No,102,88,4.9,0.7,NA,2.2,4.9,75,141,4.7,9,9,0,No,0,No,NA,NA,Normal,Elevated
PHC-0644,Buzuruga PHC,2024-06-01,69,Male,Urban,None,Farmer,Widowed,No,177.9,76.7,24.2,Current,Moderate,Low,No,No,161,94,6.3,0.87,4.5,2.2,7.1,69,141,4.3,11,12.3,1,Yes,89,No,NA,NA,Normal,Hypertension
PHC-0733,Kisesa HC,2024-07-18,35,Female,Rural,None,Unemployed,Married,Yes,161.2,62.9,24.2,Current,None,Low,No,No,122,82,5.5,1.11,3.6,1.6,4.1,75,139,4.1,10,8.3,1,No,0,No,NA,NA,Normal,Elevated
PHC-0410,Nyamagana PHC,2024-09-04,44,Male,Urban,Secondary,Trader,Widowed,No,172.6,91,30.5,Never,Moderate,Low,Yes,No,159,90,5.1,1.88,2.2,1.7,3.8,88,144,4.5,12,NA,1,Yes,1,No,NA,NA,Obese,Hypertension
PHC-0882,Bugando PHC,2024-01-17,50,Male,Urban,Primary,Unemployed,Married,No,162.7,67.4,25.5,Never,Moderate,Low,Yes,Yes,136,93,5.6,1.5,3.3,1.2,9,105,140,4.9,5,0.2,2,Yes,77,Yes,Good,No,Overweight,Hypertension
PHC-1018,Bugando PHC,2024-02-17,54,Male,Rural,Primary,Professional,Married,Yes,170.1,76.9,26.6,Former,Moderate,Moderate,No,No,136,89,4.7,1.8,1.9,1.3,4.9,81,138,3.3,12,4.5,1,Yes,87,No,NA,NA,Overweight,Elevated
PHC-1078,Ilemela HC,2024-05-16,63,Male,Urban,Primary,Farmer,Divorced,No,181.7,103,31.2,Current,None,Moderate,No,No,139,83,3.5,1.24,NA,1.5,NA,93,135,4,10,3.5,1,No,0,No,NA,NA,Obese,Elevated
PHC-0398,Ilemela HC,2024-08-28,45,Female,Urban,Secondary,Farmer,Single,No,156.6,53.9,22,Former,None,Low,Yes,No,123,87,4.4,1.47,1.4,1.8,4.8,57,143,3.8,14,0.9,0,No,0,No,NA,NA,Normal,Elevated
PHC-0857,Bugando PHC,2024-03-24,59,Female,Rural,None,Trader,Married,Yes,156.8,51.5,20.9,Never,None,Moderate,No,No,147,100,5.1,1.04,3.4,0.6,4.8,67,140,4.3,7,NA,0,Yes,115,No,NA,NA,Normal,Hypertension
PHC-1316,Kisesa HC,2024-07-19,57,Female,Urban,Secondary,Trader,Married,No,156.5,69.4,28.3,Never,Moderate,Moderate,Yes,No,142,100,5.4,0.85,NA,1.5,6.5,96,144,4.5,13,1.5,0,Yes,61,Yes,Poor,No,Overweight,Hypertension
PHC-1047,Nyamagana PHC,2024-08-12,45,Female,Rural,Secondary,Farmer,Married,No,152.3,55.2,23.8,Former,None,Moderate,No,No,138,96,3.9,1.2,2,0.5,4.6,107,142,4.3,10,14.8,0,Yes,42,No,NA,NA,Normal,Hypertension
PHC-0792,Bugando PHC,2024-05-14,54,Male,Urban,Secondary,Farmer,Single,No,164,82.5,30.7,Never,Heavy,Moderate,Yes,No,168,111,6.4,1.44,4.1,0.5,5.1,84,142,4.1,8,0.5,2,Yes,4,Yes,Good,No,Obese,Hypertension
PHC-0211,Nyamagana PHC,2024-04-28,42,Male,Urban,Primary,Trader,Married,No,176,60.4,19.5,Former,None,Low,Yes,No,144,92,5.7,1.74,3,1.5,6.7,89,140,4.3,12,1.2,0,Yes,46,Yes,Good,No,Normal,Hypertension
PHC-0490,Bugando PHC,2024-10-08,51,Male,Urban,Primary,Farmer,Married,No,164.6,56.2,20.7,Former,Moderate,Low,Yes,No,113,88,3.8,1.4,NA,0.8,6.3,77,134,4.2,14,5.2,0,No,0,No,NA,NA,Normal,Elevated
PHC-0499,Igoma HC,2024-08-05,31,Male,Urban,Secondary,Farmer,Married,No,156.9,65.7,26.7,Never,None,Low,No,No,118,80,4.8,1.41,1.9,1.4,5.1,72,142,4.1,16,10.9,0,No,0,No,NA,NA,Overweight,Elevated
PHC-1345,Igoma HC,2024-02-21,66,Male,Urban,None,Trader,Divorced,Yes,178.6,91.1,28.6,NA,Moderate,High,Yes,No,135,90,5.1,1.27,3.3,1.1,5.8,73,141,4.4,10,1.2,0,Yes,11,No,NA,NA,Overweight,Hypertension
PHC-0384,Buzuruga PHC,2024-07-02,35,Female,Rural,Secondary,Unemployed,Married,Yes,150.4,NA,NA,Never,Moderate,Low,Yes,No,113,74,5.1,1.37,2.4,1.7,5.4,72,136,4.2,10,6.6,0,Yes,25,No,NA,NA,NA,Normal
PHC-0207,Buzuruga PHC,2024-08-17,60,Male,Urban,None,Trader,Divorced,No,170.3,80.1,27.6,Never,None,Moderate,No,No,123,94,7,1.23,4.2,1.1,3.4,71,140,4.1,12,15.2,1,Yes,16,Yes,Good,No,Overweight,Hypertension
PHC-0708,Igoma HC,2024-09-26,67,Female,Rural,Secondary,Trader,Married,Yes,160.9,59.5,23,Never,None,Moderate,Yes,No,148,81,NA,1.42,2.7,1,4.8,112,131,4.7,7,4.4,0,Yes,16,Yes,Poor,No,Normal,Hypertension
PHC-1314,Buzuruga PHC,2024-07-04,73,Female,Urban,None,Farmer,Married,No,164.6,87.4,32.3,Never,None,Moderate,No,No,159,115,4.3,0.66,2.9,0.8,6,74,138,4.5,13,3.8,1,Yes,63,No,NA,NA,Obese,Hypertension
PHC-0168,Ilemela HC,2024-08-31,55,Male,Rural,None,Professional,Married,No,173.8,66.7,22.1,Never,Moderate,Moderate,No,No,138,89,3.7,0.75,1.9,1.7,4.2,105,136,3.6,3,4.9,1,No,0,No,NA,NA,Normal,Elevated
PHC-0886,Bugando PHC,2024-10-22,49,Male,Urban,Primary,Farmer,Married,No,179.7,68.2,21.1,Never,None,High,Yes,No,136,94,4.1,1.43,1.5,1.8,4.2,62,138,4.1,7,NA,0,Yes,18,No,NA,NA,Normal,Hypertension
PHC-0547,Ilemela HC,2024-07-20,34,Female,Urban,Primary,Trader,Widowed,Yes,154.1,NA,NA,Former,Moderate,Moderate,No,No,121,84,5.3,0.76,3.4,1.9,4.7,109,137,4.1,5,0.2,0,No,0,No,NA,NA,NA,Elevated
PHC-0180,Nyamagana PHC,2024-11-29,46,Male,Urban,Primary,Trader,Married,No,169.2,79,27.6,Current,None,Low,No,No,155,87,4.5,1.35,1.8,2.4,5.1,43,139,4.3,11,3.4,0,Yes,87,No,NA,NA,Overweight,Hypertension
PHC-0977,Buzuruga PHC,2024-11-02,46,Female,Urban,Primary,Professional,Married,No,168.4,106.9,37.7,Current,Heavy,Low,Yes,No,136,89,5.1,1.65,1.7,2.5,6.4,90,137,4.2,11,2.2,1,No,0,No,NA,NA,Obese,Elevated
PHC-0714,Igoma HC,2024-05-26,74,Female,Urban,Secondary,Other,Widowed,No,158.9,83.5,33.1,Current,None,Low,No,No,146,81,4.9,0.97,2.3,1.8,6.2,87,140,3.9,11,5.5,1,Yes,64,Yes,Poor,No,Obese,Hypertension
PHC-1378,Nyamagana PHC,2024-01-30,78,Female,Urban,Primary,Farmer,Widowed,No,162.1,65.2,24.8,Never,Moderate,Low,Yes,No,149,98,6.1,1.15,NA,0.4,5.7,100,141,5,12,8.3,0,Yes,46,Yes,Good,No,Normal,Hypertension
PHC-1021,Nyamagana PHC,2024-11-20,70,Female,Urban,Primary,Unemployed,Married,No,160,73.2,28.6,Current,None,Moderate,No,No,168,87,3.9,0.97,2.1,2.2,5.8,83,142,4.9,14,6.6,0,Yes,51,Yes,Good,No,Overweight,Hypertension
PHC-1194,Igoma HC,2024-11-02,33,Female,Urban,Primary,Trader,Married,Yes,159.2,63.8,25.2,Never,Moderate,High,Yes,No,104,100,4.2,1.6,NA,1.8,4.3,52,134,4.3,9,0.8,1,Yes,30,No,NA,NA,Overweight,Hypertension
PHC-0873,Buzuruga PHC,2024-04-24,60,Female,Urban,None,Trader,Married,No,153.6,76.8,32.6,Never,None,Moderate,Yes,No,143,93,7.1,1.68,4.5,1.9,NA,68,139,3.8,9,10.3,2,Yes,80,Yes,Poor,No,Obese,Hypertension
PHC-0260,Igoma HC,2024-05-08,63,Female,Urban,Secondary,Professional,Married,Yes,173.3,87.9,29.3,Current,None,Low,No,No,111,95,5.3,1.58,2.7,1.6,5.9,108,140,3.9,15,9.6,0,Yes,110,No,NA,NA,Overweight,Hypertension
PHC-0826,Buzuruga PHC,2024-10-18,55,Female,Urban,Primary,Trader,Married,Yes,158.6,61.3,24.4,Never,Moderate,High,Yes,No,155,75,4.6,1.44,1.9,1.5,4.3,98,140,4.6,10,1.4,0,Yes,101,Yes,Good,No,Normal,Hypertension
PHC-0201,Bugando PHC,2024-05-26,69,Male,Rural,Primary,Trader,Married,Yes,166.8,71.2,25.6,Current,Moderate,Moderate,No,No,139,101,6.3,1.46,3.9,1.3,5.6,110,138,4.8,19,6.1,1,Yes,101,Yes,Good,No,Overweight,Hypertension
PHC-0118,Igoma HC,2024-06-28,31,Female,Rural,None,Professional,Single,No,167.4,53.1,18.9,Former,Moderate,Moderate,No,No,149,88,6.9,1.29,NA,1.8,5,63,139,4.5,11,4.2,1,Yes,83,No,NA,NA,Normal,Hypertension
PHC-0072,Kisesa HC,2024-09-03,53,Male,Urban,Primary,Unemployed,Married,No,182.4,95.1,28.6,Never,None,Low,Yes,No,159,101,NA,0.84,2.6,2.9,6.5,81,138,4.5,8,7.7,0,Yes,48,No,NA,NA,Overweight,Hypertension
PHC-0061,Kisesa HC,2024-02-23,55,Male,Rural,Tertiary,Trader,Married,No,167.9,53.5,19,Current,Moderate,Low,No,No,143,91,5.6,0.99,3.2,2,5.9,80,136,4.4,20,NA,0,Yes,29,Yes,Poor,No,Normal,Hypertension
PHC-0958,Nyamagana PHC,2024-04-02,62,Female,Rural,Primary,Trader,Married,Yes,163.4,54.1,20.3,Never,Moderate,High,No,No,92,87,5.5,1.99,2.3,2.9,6.5,88,142,4.8,5,6.7,0,No,0,No,NA,NA,Normal,Elevated
PHC-1042,Bugando PHC,2024-11-20,57,Female,Urban,Primary,Trader,Married,No,160.4,48.6,18.9,Never,None,Low,No,No,129,79,4.6,1.48,2.2,0.4,6,88,141,4.8,4,24.5,0,No,0,No,NA,NA,Normal,Normal
PHC-0702,Bugando PHC,2024-08-02,54,Male,Rural,None,Trader,Single,No,171.5,97.3,33.1,Current,None,Low,Yes,No,162,66,4.5,1.63,2.2,1.5,5.7,94,135,4.5,6,9.2,1,Yes,58,No,NA,NA,Obese,Hypertension
PHC-0279,Nyamagana PHC,2024-01-08,61,Male,Urban,Secondary,Professional,Married,No,160.6,86.9,33.7,Never,None,High,No,No,119,73,3.8,1.65,1,1.3,3.9,116,140,4.7,11,4.7,1,No,0,No,NA,NA,Obese,Normal
PHC-0880,Bugando PHC,2024-05-25,69,Female,Urban,None,Professional,Single,Yes,155.9,46.2,19,Never,Moderate,Moderate,Yes,No,121,90,5.1,1.8,2.4,2.2,4.1,64,142,4,15,0.6,0,Yes,48,Yes,Poor,No,Normal,Hypertension
PHC-0064,Kisesa HC,2024-11-17,40,Female,Rural,None,Unemployed,Single,No,168.8,74.8,26.3,Former,None,Low,No,No,143,82,NA,0.5,4.8,1.6,4.9,93,137,4.4,11,6.6,1,Yes,19,No,NA,NA,Overweight,Hypertension
PHC-0096,Buzuruga PHC,2024-11-12,65,Male,Urban,None,Professional,Divorced,No,174,104.1,34.4,NA,Moderate,Moderate,No,No,148,84,4.9,1.36,2.8,1,4.9,91,139,4.2,8,5.1,2,Yes,20,No,NA,NA,Obese,Hypertension
PHC-1435,Bugando PHC,2024-11-05,28,Female,Urban,Tertiary,Trader,Married,Yes,158.7,87.8,34.9,Former,Moderate,Low,Yes,No,146,78,5.4,1.68,2.7,0.8,5.4,75,139,4.3,8,0.5,1,Yes,55,Yes,Good,No,Obese,Hypertension
PHC-0059,Kisesa HC,2024-08-06,42,Female,Rural,Tertiary,Trader,Single,Yes,152.4,63.5,27.3,Never,None,Moderate,No,No,117,89,6.1,1.49,3.2,1.2,5.2,88,139,4.1,11,15.6,0,No,0,No,NA,NA,Overweight,Elevated
PHC-0229,Kisesa HC,2024-06-10,21,Female,Rural,Primary,Unemployed,Married,No,160.8,48.1,18.6,Never,None,Low,Yes,No,136,76,5.3,1.68,2.2,1.1,3.8,73,135,3.6,6,7.4,0,No,0,No,NA,NA,Normal,Elevated
PHC-0682,Nyamagana PHC,2024-02-20,42,Female,Urban,Primary,Other,Married,No,168.1,67.3,23.8,NA,None,Moderate,No,No,149,91,4.9,1.38,2.4,1.4,4.5,89,135,3.6,12,18.7,0,Yes,21,Yes,Good,No,Normal,Hypertension
PHC-1279,Nyamagana PHC,2024-07-09,56,Male,Urban,Secondary,Farmer,Single,No,164.6,67.3,24.8,Former,None,Low,No,No,136,91,5.1,1.02,3,2.5,NA,87,140,4.9,11,13.4,0,Yes,103,Yes,Poor,No,Normal,Hypertension
PHC-0652,Igoma HC,2024-03-17,52,Male,Urban,Primary,Unemployed,Divorced,No,170,77.5,26.8,NA,Moderate,Moderate,Yes,No,158,88,4.7,1.23,2.6,2.7,4.4,103,140,3.8,7,16.9,0,Yes,73,No,NA,NA,Overweight,Hypertension
PHC-1393,Nyamagana PHC,2024-10-11,58,Female,Rural,Tertiary,Other,Single,No,160.3,49.7,19.3,Former,Moderate,Low,Yes,No,134,73,6.4,1.76,4.1,1.3,4.5,79,140,4.8,9,NA,1,Yes,55,Yes,Good,Yes,Normal,Elevated
PHC-1152,Nyamagana PHC,2024-01-29,31,Female,Urban,None,Farmer,Married,No,162.1,111.7,42.5,Never,Moderate,High,Yes,No,135,80,4.2,1.44,1.4,1.4,4,64,143,4.1,9,4.2,1,No,0,No,NA,NA,Obese,Elevated
PHC-1451,Bugando PHC,2024-07-29,43,Male,Urban,Primary,Farmer,Married,No,170,63.4,21.9,Never,None,Low,Yes,No,141,79,4.3,1.06,2.5,1.4,5.2,71,137,3.3,12,1.7,1,Yes,36,Yes,Poor,No,Normal,Hypertension
PHC-0187,Ilemela HC,2024-10-07,39,Male,Urban,Tertiary,Professional,Married,Yes,175.9,46.4,15,Former,None,Low,No,No,113,91,3.2,1.51,1,1.9,4.7,75,142,4.4,12,1.7,0,Yes,66,Yes,Poor,No,Underweight,Hypertension
PHC-0341,Igoma HC,2024-07-25,39,Male,Rural,Tertiary,Farmer,Single,No,166.5,55.1,19.9,Never,Moderate,Low,No,No,92,98,5.2,0.98,2.9,1,5.8,75,132,4.1,15,6.8,0,Yes,56,No,NA,NA,Normal,Hypertension
PHC-0588,Buzuruga PHC,2024-09-04,48,Female,Rural,Secondary,Farmer,Widowed,Yes,162.4,NA,NA,Current,None,Moderate,Yes,No,128,78,4.2,1.71,1.2,1.6,5.1,95,139,4.5,5,8.7,0,No,0,No,NA,NA,NA,Normal
PHC-0128,Nyamagana PHC,2024-01-21,48,Female,Rural,Primary,Farmer,Married,No,163.3,66.6,25,Former,Moderate,Moderate,No,No,143,90,4.2,1.35,1.9,2.2,4.5,78,139,4.8,7,18.2,0,Yes,108,Yes,Poor,No,Normal,Hypertension
PHC-1455,Bugando PHC,2024-12-01,47,Female,Urban,Tertiary,Trader,Married,Yes,147.5,NA,NA,Former,None,Low,No,No,113,102,5.6,1.46,3,1,5.3,85,139,3.9,17,3.1,1,Yes,95,Yes,Good,No,NA,Hypertension
PHC-1165,Buzuruga PHC,2024-05-21,71,Male,Rural,Primary,Other,Single,Yes,187.4,86.7,24.7,Never,None,Moderate,No,No,162,96,5.6,1.47,3.1,1.5,5.2,85,134,4.2,6,10.5,0,Yes,103,No,NA,NA,Normal,Hypertension
PHC-1246,Kisesa HC,2024-04-06,22,Female,Rural,None,Trader,Married,No,156.5,44.8,18.3,Never,None,Moderate,No,No,103,75,5.1,1.26,2.3,1.7,7,43,141,4.1,9,8.4,0,No,0,No,NA,NA,Underweight,Normal
PHC-0010,Bugando PHC,2024-11-02,76,Female,Rural,Primary,Trader,Married,Yes,152.7,58.6,25.1,Never,Moderate,High,Yes,No,160,107,4.3,1.59,1.5,1.9,6.3,69,142,4.4,6,NA,0,Yes,88,Yes,Good,No,Overweight,Hypertension
PHC-0971,Kisesa HC,2024-01-19,41,Male,Urban,Primary,Unemployed,Widowed,No,167.8,76.4,27.1,Never,None,Low,No,No,145,72,4.3,0.65,2.5,1.7,NA,83,136,4,7,1.7,0,Yes,26,No,NA,NA,Overweight,Hypertension
PHC-0371,Bugando PHC,2024-06-06,78,Female,Urban,Secondary,Farmer,Married,No,165.2,71.7,26.3,Never,None,High,Yes,No,146,82,5.7,1.53,2.9,2.7,6.1,100,142,4.7,16,1.4,0,Yes,108,Yes,Poor,No,Overweight,Hypertension
PHC-0716,Kisesa HC,2024-06-02,45,Female,Urban,None,Unemployed,Widowed,Yes,154.5,55.7,23.3,Former,None,Moderate,No,No,101,104,5.5,0.88,3.2,2.2,5.2,72,141,4.3,15,NA,0,Yes,75,No,NA,NA,Normal,Hypertension
PHC-1383,Kisesa HC,2024-10-18,44,Male,Urban,None,Farmer,Married,No,175.5,77.5,25.2,Never,None,Low,No,No,163,94,5,1.97,1.5,1.1,7.1,100,142,4.2,13,8.9,0,Yes,8,No,NA,NA,Overweight,Hypertension
PHC-1292,Ilemela HC,2024-04-26,58,Female,Rural,Primary,Farmer,Married,No,150.7,63.3,27.9,Never,None,Low,No,No,166,88,5.3,0.95,3.2,1,7.1,95,139,4.1,11,11.4,0,Yes,59,Yes,Poor,No,Overweight,Hypertension
PHC-1408,Ilemela HC,2024-02-02,52,Female,Urban,Tertiary,Unemployed,Married,No,166.1,82.5,29.9,Never,None,Low,No,No,151,81,6.5,1.69,3.1,3.2,4.6,88,142,3.9,13,0.9,1,Yes,42,Yes,Good,No,Overweight,Hypertension
PHC-1363,Bugando PHC,2024-10-15,30,Male,Urban,Tertiary,Professional,Single,Yes,166.7,91.6,33,Former,None,Moderate,Yes,No,194,91,6.4,2.02,3.1,1.8,5.6,72,139,4.4,14,4.3,2,Yes,65,Yes,Poor,No,Obese,Hypertension
PHC-0956,Ilemela HC,2024-10-04,61,Female,Urban,Primary,Trader,Married,No,156.3,62.1,25.4,Former,None,High,Yes,No,166,96,4.3,0.9,2.1,0.6,6.1,88,133,4.7,9,0.3,0,Yes,115,Yes,Poor,No,Overweight,Hypertension
PHC-0598,Bugando PHC,2024-05-10,50,Male,Urban,Tertiary,Professional,Single,Yes,172.2,90.3,30.5,Current,None,Low,Yes,No,148,84,5.8,0.89,4.3,1.9,4,49,136,4.6,3,1.6,1,Yes,76,Yes,Good,No,Obese,Hypertension
PHC-0117,Igoma HC,2024-05-26,42,Female,Rural,Primary,Unemployed,Divorced,No,159.6,69,27.1,Never,Moderate,Moderate,No,No,142,78,4.2,1.01,2,2,6.1,74,140,3.4,7,22.3,0,Yes,61,No,NA,NA,Overweight,Hypertension
PHC-0834,Igoma HC,2024-07-05,88,Male,Urban,None,Farmer,Married,Yes,181.2,73.9,22.5,Never,Moderate,Moderate,No,No,123,105,3.7,1.21,1.2,2,7.5,96,140,4.2,9,11.6,0,Yes,42,No,NA,NA,Normal,Hypertension
PHC-1265,Buzuruga PHC,2024-05-02,52,Female,Rural,Secondary,Professional,Divorced,Yes,168.6,70.9,24.9,Never,Moderate,Moderate,No,No,145,89,6,2.08,2.5,2.3,4.3,72,138,4.6,14,5.8,0,Yes,107,Yes,Poor,No,Normal,Hypertension
PHC-0884,Nyamagana PHC,2024-05-23,50,Male,Rural,Secondary,Farmer,Married,No,172.2,71,23.9,Never,Moderate,Low,Yes,No,90,77,5.4,1.58,2.8,1,6.4,88,135,4.6,13,13.3,0,No,0,No,NA,NA,Normal,Normal
PHC-0413,Bugando PHC,2024-08-18,49,Female,Rural,Primary,Other,Married,No,161.2,39,15,Former,None,Moderate,No,No,90,108,4.3,1.37,2.3,1.1,4.9,103,142,4,6,9.2,1,Yes,86,No,NA,NA,Underweight,Hypertension
PHC-0416,Bugando PHC,2024-10-18,57,Female,Urban,Primary,Unemployed,Married,No,168.5,63.4,22.3,Current,Heavy,Low,No,No,132,80,5.4,1.51,3.1,1.3,5.5,71,139,3.6,13,2.7,0,No,0,No,NA,NA,Normal,Elevated
PHC-1131,Ilemela HC,2024-04-14,56,Female,Urban,Secondary,Other,Married,No,148.5,59.9,27.2,Current,None,Moderate,Yes,No,154,97,4.6,1.22,2.5,0.6,3.7,62,138,4,10,10.9,0,Yes,98,Yes,Poor,No,Overweight,Hypertension
PHC-1166,Ilemela HC,2024-09-14,36,Female,Rural,None,Farmer,Married,No,169.7,66.9,23.2,Never,None,Moderate,Yes,No,118,68,5.6,2.23,2.3,2,6.1,83,140,4,12,28.3,0,No,0,No,NA,NA,Normal,Normal
PHC-0347,Bugando PHC,2024-06-08,51,Female,Urban,Secondary,Trader,Married,Yes,161.2,NA,NA,Never,None,Low,No,No,152,90,4.5,0.99,2.4,2,NA,96,140,4.9,9,0.8,0,Yes,63,No,NA,NA,NA,Hypertension
PHC-0599,Bugando PHC,2024-07-24,61,Female,Urban,Secondary,Trader,Married,No,166.4,104.3,37.7,Never,None,Moderate,Yes,No,148,72,3.8,1.07,1.2,2.2,6.7,63,142,4.5,10,10.9,1,Yes,1,No,NA,NA,Obese,Hypertension
PHC-0670,Nyamagana PHC,2024-03-02,53,Female,Urban,None,Unemployed,Single,No,161.1,61,23.5,Never,Heavy,Moderate,No,No,104,88,7,0.78,NA,2.3,NA,91,139,4.2,9,4.1,1,No,0,No,NA,NA,Normal,Elevated
PHC-1116,Buzuruga PHC,2024-09-24,40,Female,Rural,Tertiary,Farmer,Widowed,Yes,159.3,74.1,29.2,Former,None,Moderate,No,No,156,99,6.7,1.16,4.3,1.2,6.4,75,142,4.3,6,7.5,1,Yes,7,Yes,Poor,No,Overweight,Hypertension
PHC-1204,Nyamagana PHC,2024-04-11,66,Female,Urban,Secondary,Farmer,Widowed,No,160.3,NA,NA,Former,Heavy,Low,No,No,169,80,4.3,1.24,NA,2.2,5.1,67,140,4.4,8,2.7,0,Yes,11,Yes,Good,No,NA,Hypertension
PHC-0018,Nyamagana PHC,2024-03-10,54,Male,Urban,Primary,Farmer,Married,No,169.3,57.7,20.1,Never,Heavy,Moderate,No,No,99,72,6.3,1.62,NA,1.7,5,60,140,4.3,12,1,1,No,0,No,NA,NA,Normal,Normal
PHC-0345,Ilemela HC,2024-03-19,50,Female,Urban,Primary,Farmer,Divorced,Yes,159.3,68.3,26.9,Current,None,Low,No,No,137,95,5.3,0.5,3.7,2.9,4.4,54,135,4.4,10,0.6,0,Yes,98,Yes,Good,No,Overweight,Hypertension
PHC-0759,Bugando PHC,2024-07-05,57,Female,Urban,Primary,Farmer,Married,No,161.4,59.2,22.7,Former,None,Moderate,No,No,146,90,NA,1.72,1.9,0.9,5.7,85,137,3.6,11,2.6,0,Yes,118,No,NA,NA,Normal,Hypertension
PHC-0936,Ilemela HC,2024-04-02,46,Female,Rural,Primary,Farmer,Widowed,No,166.6,46,16.6,Former,None,Low,No,No,117,67,4,2.1,1,0.9,4.6,66,145,4.7,16,5.1,0,No,0,No,NA,NA,Underweight,Normal
PHC-1076,Nyamagana PHC,2024-06-12,50,Male,Urban,Secondary,Trader,Married,Yes,161.7,60.6,23.2,Former,Moderate,High,Yes,No,111,80,3.5,2.07,1,1.4,6,88,136,3.8,9,2,0,No,0,No,NA,NA,Normal,Elevated
PHC-0327,Buzuruga PHC,2024-04-18,55,Female,Rural,Secondary,Trader,Married,No,155.5,62.7,25.9,Never,None,Moderate,No,No,110,79,4,1.23,1.7,1.3,4.3,81,142,3.1,7,10.3,0,Yes,41,Yes,Poor,Yes,Overweight,Normal
PHC-1248,Bugando PHC,2024-06-21,52,Male,Rural,Primary,Farmer,Married,No,180.5,108.5,33.3,Current,Heavy,Low,No,No,122,72,5.4,1.44,3.3,2,5,114,136,4.6,3,4,1,No,0,No,NA,NA,Obese,Normal
PHC-1413,Kisesa HC,2024-09-06,66,Female,Urban,Primary,Professional,Married,Yes,163.3,74.6,28,Never,Moderate,Low,Yes,No,122,90,6.4,0.97,4.3,2.4,5.8,94,141,4.3,6,2.8,1,Yes,10,No,NA,NA,Overweight,Hypertension
PHC-0805,Ilemela HC,2024-06-06,58,Male,Rural,Primary,Trader,Widowed,No,174.8,72.3,23.7,Former,Heavy,High,Yes,No,112,78,3,1.53,1,2.1,4.7,118,137,5.3,7,7,0,No,0,No,NA,NA,Normal,Normal
PHC-0326,Nyamagana PHC,2024-04-29,90,Female,Rural,Primary,Other,Married,No,154.7,67.9,28.4,NA,Heavy,Low,No,No,155,97,6.3,1.57,3.9,2,5.7,75,139,4.2,8,6.8,1,Yes,40,No,NA,NA,Overweight,Hypertension
PHC-0493,Bugando PHC,2024-07-07,42,Female,Urban,Secondary,Farmer,Married,No,172.8,91.6,30.7,Never,Heavy,Moderate,Yes,No,140,75,4.8,1.12,2.3,1.8,5.7,59,139,4.4,9,19.4,1,Yes,23,No,NA,NA,Obese,Hypertension
PHC-1196,Nyamagana PHC,2024-04-10,57,Female,Rural,Secondary,Professional,Married,No,163.7,68.5,25.6,Never,Moderate,Moderate,Yes,No,130,81,7.8,1.24,5.6,3.2,4.9,82,148,3.8,7,10,2,No,0,No,NA,NA,Overweight,Elevated
PHC-1003,Ilemela HC,2024-09-14,50,Male,Urban,Tertiary,Farmer,Divorced,Yes,166.6,85.9,30.9,Former,Moderate,High,Yes,No,153,87,5.5,0.96,3.1,1.3,5.3,54,142,4.4,10,12.6,1,Yes,57,No,NA,NA,Obese,Hypertension
PHC-1016,Bugando PHC,2024-08-31,60,Female,Rural,Secondary,Farmer,Married,No,161.2,41.9,16.1,Current,Moderate,Moderate,Yes,No,121,77,4.6,1.64,1.6,1.6,5.4,68,139,4.4,16,7.1,0,No,0,No,NA,NA,Underweight,Normal
PHC-1483,Igoma HC,2024-11-28,59,Male,Urban,Primary,Professional,Widowed,No,167,74.5,26.7,Never,Moderate,Low,Yes,Yes,179,78,5.1,1.35,3.1,1.2,7.6,111,144,3.2,9,5.9,1,Yes,59,Yes,Good,No,Overweight,Hypertension
PHC-0362,Igoma HC,2024-02-25,39,Female,Rural,Primary,Farmer,Married,No,166.3,87.4,31.6,Never,Heavy,Moderate,Yes,No,113,99,5.1,1.2,2.6,3.4,6.1,92,137,4.5,11,12.7,1,Yes,98,No,NA,NA,Obese,Hypertension
PHC-0996,Bugando PHC,2024-04-16,47,Female,Rural,Primary,Professional,Married,Yes,153.4,73.4,31.2,Never,None,Low,No,No,169,74,5.9,0.5,4.8,1.9,6.6,85,140,4.8,10,15.8,1,Yes,56,No,NA,NA,Obese,Hypertension
PHC-1054,Kisesa HC,2024-01-27,58,Female,Rural,Secondary,Farmer,Married,Yes,150.1,63.7,28.3,Former,Moderate,Moderate,No,No,163,95,4.6,0.5,2.8,2.8,5.9,96,143,4.7,11,6.2,0,Yes,65,No,NA,NA,Overweight,Hypertension
PHC-0639,Ilemela HC,2024-08-14,55,Female,Urban,Tertiary,Other,Married,No,161.9,59,22.5,Never,None,High,Yes,No,131,92,4.8,1.34,2.4,1.9,5.5,72,139,4.6,11,2.8,0,Yes,42,Yes,Poor,No,Normal,Hypertension
PHC-0962,Nyamagana PHC,2024-09-16,42,Female,Rural,Secondary,Trader,Married,No,157.4,72.5,29.3,Never,Moderate,High,No,No,160,95,4.9,1.35,2.1,1,5.7,41,140,3.5,10,7.9,1,Yes,44,No,NA,NA,Overweight,Hypertension
PHC-1073,Buzuruga PHC,2024-08-13,65,Male,Urban,NA,Farmer,Married,No,173.5,106.9,35.5,Never,Moderate,High,Yes,No,140,84,4.3,0.72,2.3,2.9,4,68,137,4.5,8,4.2,1,Yes,34,No,NA,NA,Obese,Hypertension
PHC-0672,Ilemela HC,2024-02-15,81,Female,Urban,Primary,Farmer,Married,No,157.6,62.9,25.3,Former,None,Moderate,No,No,138,100,6.2,1.51,3.6,2.5,5.7,97,136,4.4,15,1.4,0,Yes,50,Yes,Good,No,Overweight,Hypertension
PHC-1479,Bugando PHC,2024-07-01,90,Female,Urban,Primary,Trader,Married,No,162.1,70,26.6,Never,Moderate,Low,No,No,142,100,4.8,1.81,1.4,2.7,5.4,107,142,3.7,10,11.6,0,Yes,16,Yes,Poor,No,Overweight,Hypertension
PHC-0028,Buzuruga PHC,2024-07-13,66,Female,Urban,Primary,Farmer,Single,Yes,145.1,65.5,31.1,Never,Moderate,Low,No,No,164,100,5.7,1.55,3.1,2.6,5.9,72,140,5.4,6,0.2,1,Yes,51,Yes,Poor,No,Obese,Hypertension
PHC-0329,Nyamagana PHC,2024-08-03,23,Female,Rural,Primary,Trader,Widowed,No,162.1,60,22.8,Current,Heavy,Moderate,No,No,149,80,5.2,1.46,2.8,0.4,7.2,96,143,3.9,15,13,0,Yes,28,No,NA,NA,Normal,Hypertension
PHC-0717,Kisesa HC,2024-05-11,63,Female,Rural,Primary,Other,Married,No,155.4,64.9,26.9,Never,Moderate,Low,No,No,123,71,3.9,1.07,1.5,2.8,5,93,138,4.2,17,6.4,0,No,0,No,NA,NA,Overweight,Normal
PHC-0982,Ilemela HC,2024-05-20,67,Male,Urban,None,Other,Married,No,177.9,72.1,22.8,Never,Heavy,Moderate,Yes,No,142,121,4.3,1.76,1.9,1.4,5.1,51,135,4,9,2.2,1,Yes,89,Yes,Poor,No,Normal,Hypertension
PHC-0603,Igoma HC,2024-02-19,44,Female,Rural,Secondary,Farmer,Married,No,154,76,32,Never,None,Low,No,No,157,93,3.7,0.92,2,2.7,4.9,89,139,4.2,9,4.4,1,Yes,28,No,NA,NA,Obese,Hypertension
PHC-0674,Igoma HC,2024-04-12,60,Male,Urban,None,Unemployed,Married,No,177.6,77.5,24.6,Never,None,Moderate,Yes,No,150,95,6.2,1.47,3.7,2.4,4.9,94,137,4,5,1.9,0,Yes,67,Yes,Good,No,Normal,Hypertension
PHC-0024,Kisesa HC,2024-09-20,36,Female,Rural,Secondary,Professional,Married,No,169.6,88.7,30.8,NA,Moderate,Moderate,No,No,136,67,5.2,0.82,NA,1.6,4.4,61,145,4.2,8,6.6,1,No,0,No,NA,NA,Obese,Elevated
PHC-0242,Buzuruga PHC,2024-06-03,45,Female,Rural,None,Farmer,Married,No,161.8,58.8,22.5,Former,Moderate,High,No,No,136,64,4.7,1.35,1.9,1.1,5.7,72,138,4.1,18,17.5,1,No,0,No,NA,NA,Normal,Elevated
PHC-1299,Ilemela HC,2024-04-30,20,Male,Urban,Secondary,Unemployed,Married,Yes,175.5,63.7,20.7,Never,Moderate,Low,Yes,No,131,89,4.7,1.45,2.4,1.5,4.8,80,142,3.7,17,5.5,1,No,0,No,NA,NA,Normal,Elevated
PHC-0147,Nyamagana PHC,2024-06-17,50,Female,Rural,Primary,Unemployed,Married,No,164.6,88.2,32.6,Never,Moderate,Low,Yes,No,145,103,5.4,1.23,3.3,2.1,5.8,61,143,4.1,NA,10.8,1,Yes,108,No,NA,NA,Obese,Hypertension
PHC-0474,Kisesa HC,2024-08-12,46,Male,Rural,None,Unemployed,Married,Yes,163.5,97.1,36.3,Current,None,Moderate,Yes,No,132,88,NA,1,4.3,1.7,4.4,98,143,4.5,16,6.4,1,No,0,No,NA,NA,Obese,Elevated
PHC-1195,Nyamagana PHC,2024-02-14,43,Male,Urban,Tertiary,Unemployed,Married,Yes,168.2,84.3,29.8,Current,None,Moderate,Yes,No,129,89,5.5,1.42,3.1,1.8,5.4,74,138,5.6,9,1.4,0,No,0,No,NA,NA,Overweight,Elevated
PHC-0288,Buzuruga PHC,2024-09-29,35,Female,Rural,Primary,Other,Divorced,Yes,164.3,82.6,30.6,Never,Moderate,Moderate,No,No,143,102,3.8,1.4,1.3,2.3,5.3,85,141,4,7,4.4,1,Yes,37,No,NA,NA,Obese,Hypertension
PHC-1189,Buzuruga PHC,2024-10-18,57,Female,Urban,Tertiary,Farmer,Married,No,151.9,40.7,17.6,Never,Heavy,High,No,No,92,82,6.1,1.06,3.7,0.7,6.6,97,139,4.4,NA,5.1,1,Yes,116,No,NA,NA,Underweight,Elevated
PHC-0985,Igoma HC,2024-10-26,40,Female,Urban,Secondary,Trader,Married,Yes,157.6,86.2,34.7,Never,Heavy,High,No,No,144,84,4.7,1.45,1.5,1.6,6,60,138,4.3,9,1.5,1,Yes,59,No,NA,NA,Obese,Hypertension
PHC-0972,Nyamagana PHC,2024-01-29,86,Male,Urban,Primary,Trader,Married,No,175.1,68.9,22.5,Never,None,Low,No,No,174,88,4.4,0.58,2.6,1.4,4.7,105,144,4.1,7,10.3,0,Yes,14,Yes,Poor,No,Normal,Hypertension
PHC-0205,Nyamagana PHC,2024-03-18,49,Female,Urban,Primary,Farmer,Divorced,No,166.5,81.1,29.3,Current,Moderate,Moderate,No,No,126,91,5.1,1.79,2.7,2.7,4,82,139,3.7,7,18.6,1,Yes,81,No,NA,NA,Overweight,Hypertension
PHC-1188,Nyamagana PHC,2024-07-28,58,Female,Rural,Primary,Unemployed,Widowed,Yes,154.5,74.7,31.3,Never,None,Moderate,No,No,156,80,6.5,1.52,3.8,1.6,4.5,69,138,4,11,15.4,2,Yes,34,No,NA,NA,Obese,Hypertension
PHC-1117,Bugando PHC,2024-04-04,60,Male,Urban,Primary,Farmer,Married,No,144.9,58.3,27.8,Never,Heavy,Low,No,No,152,75,6.3,0.97,4,2.7,4.5,104,136,3.9,6,21.1,1,Yes,61,Yes,Poor,No,Overweight,Hypertension
PHC-0507,Buzuruga PHC,2024-01-13,41,Male,Urban,Secondary,Trader,Married,No,170.9,97.3,33.3,Current,Moderate,Low,No,No,151,100,6,1.03,NA,1.8,5.8,94,136,4.7,5,4.7,1,Yes,24,No,NA,NA,Obese,Hypertension
PHC-1429,Nyamagana PHC,2024-08-02,71,Female,Rural,None,Unemployed,Married,Yes,163.6,94.8,35.4,Former,Moderate,Low,Yes,No,172,102,5.9,1.22,3.3,2.5,5.3,104,136,3.6,11,8,1,Yes,63,No,NA,NA,Obese,Hypertension
PHC-0014,Bugando PHC,2024-05-14,45,Female,Urban,Secondary,Farmer,Married,Yes,160.9,78.3,30.2,Former,Moderate,Moderate,No,No,171,82,5.5,1.55,2.9,1.2,4.7,49,140,4.1,15,1.7,2,Yes,7,Yes,Good,No,Obese,Hypertension
PHC-0109,Igoma HC,2024-08-10,88,Male,Urban,Primary,Farmer,Widowed,Yes,173.2,69,23,Former,Moderate,High,No,No,90,84,NA,1.59,2.2,1.2,4.9,61,140,4.1,8,8.8,1,No,0,No,NA,NA,Normal,Elevated
PHC-1332,Buzuruga PHC,2024-01-24,55,Male,Urban,Tertiary,Professional,Widowed,No,169.2,73.9,25.8,Never,Moderate,Moderate,Yes,No,172,98,NA,1.42,1,1.4,5.5,70,140,4.6,14,0.6,0,Yes,86,Yes,Poor,No,Overweight,Hypertension
PHC-0349,Nyamagana PHC,2024-10-25,68,Male,Rural,Primary,Trader,Married,No,161.4,68.5,26.3,Never,Moderate,Low,No,No,115,86,6.9,1.33,4.1,0.9,7.3,88,139,4.8,NA,8.2,1,No,0,No,NA,NA,Overweight,Elevated
PHC-0250,Bugando PHC,2024-02-07,52,Female,Urban,Secondary,Unemployed,Married,No,158.4,54.5,21.7,Never,Moderate,Low,Yes,No,122,86,4.8,1.56,2.6,1.9,5.6,59,135,4.6,10,11.4,1,Yes,98,No,NA,NA,Normal,Elevated
PHC-0375,Buzuruga PHC,2024-05-05,47,Male,Rural,None,Trader,Married,No,180,75,23.1,Current,None,Moderate,No,No,126,90,5.3,1.21,3.1,0.6,5.6,63,138,4.1,11,6.2,0,Yes,114,No,NA,NA,Normal,Hypertension
PHC-0035,Kisesa HC,2024-07-05,81,Female,Urban,Primary,Unemployed,Divorced,No,156.7,71.1,29,Never,Heavy,Low,No,Yes,174,85,5.7,1.2,3.9,1.8,7.1,85,137,3.8,9,12.7,1,Yes,48,Yes,Poor,No,Overweight,Hypertension
PHC-0811,Nyamagana PHC,2024-09-18,48,Female,Urban,Secondary,Trader,Married,No,168.6,70.1,24.7,Never,Heavy,Low,Yes,No,121,84,3.7,1.5,1,1.3,6.8,65,138,4.1,7,0.8,0,No,0,No,NA,NA,Normal,Elevated
PHC-0099,Ilemela HC,2024-07-12,60,Male,Rural,Primary,Other,Married,No,177.5,95.2,30.2,Former,None,Low,No,No,126,109,3.8,1.24,1.5,1.7,6,68,144,3.8,15,6.3,1,Yes,63,No,NA,NA,Obese,Hypertension
PHC-0631,Bugando PHC,2024-10-25,52,Female,Urban,Secondary,Farmer,Single,No,158,63.6,25.5,Never,Heavy,Moderate,No,No,159,92,3.9,1.12,1.4,1.4,4,96,140,4.3,13,22.3,0,Yes,57,No,NA,NA,Overweight,Hypertension
PHC-1334,Kisesa HC,2024-07-08,49,Female,Rural,Secondary,Farmer,Married,Yes,161,80.1,30.9,Former,Moderate,Moderate,Yes,No,133,69,6.4,1.47,3.5,2.3,4.7,87,146,4.4,6,24.9,2,No,0,No,NA,NA,Obese,Elevated
PHC-0455,Ilemela HC,2024-04-12,67,Female,Urban,Secondary,Unemployed,Married,No,149.7,65.2,29.1,Never,None,Moderate,No,Yes,140,115,5.1,1.5,NA,1.8,8.8,91,144,4.2,8,18.8,1,Yes,112,No,NA,NA,Overweight,Hypertension
PHC-1070,Igoma HC,2024-01-18,84,Male,Urban,Secondary,Unemployed,Married,No,157.6,64,25.8,Current,None,Low,Yes,No,144,72,4.8,1.62,1.9,1.6,5.7,72,139,4.1,8,5.3,1,Yes,63,Yes,Poor,No,Overweight,Hypertension
PHC-0417,Ilemela HC,2024-10-20,46,Male,Rural,Secondary,Farmer,Widowed,No,173.8,73.5,24.3,Current,Moderate,Moderate,Yes,No,142,88,5.8,2.12,NA,2.7,8.2,58,145,4.2,15,6.1,0,Yes,57,Yes,Good,No,Normal,Hypertension
PHC-0186,Kisesa HC,2024-11-22,49,Female,Rural,None,Other,Married,No,165.3,81.1,29.7,Never,None,Low,No,No,146,84,NA,1.19,2.2,1.7,5.1,64,137,4.1,14,4.4,0,Yes,119,Yes,Good,No,Overweight,Hypertension
PHC-1216,Ilemela HC,2024-03-22,42,Male,Rural,Tertiary,Trader,Divorced,No,168.4,62,21.9,Never,Heavy,Moderate,Yes,No,109,81,4.2,1.57,1.2,2.2,6.9,89,140,4.4,15,12.2,0,No,0,No,NA,NA,Normal,Elevated
PHC-0427,Igoma HC,2024-03-21,47,Female,Urban,Secondary,Farmer,Divorced,Yes,149.5,77.7,34.8,Never,None,Low,No,No,149,80,7.6,1.45,5.2,2.2,7.4,105,140,4.2,16,5,2,Yes,33,Yes,Poor,No,Obese,Hypertension
PHC-0736,Buzuruga PHC,2024-04-15,73,Female,Rural,None,Farmer,Widowed,No,158.2,72.6,29,Former,Moderate,Moderate,No,No,136,95,3.1,1.39,1,1.7,7.1,76,142,3.5,10,NA,0,Yes,62,Yes,Good,No,Overweight,Hypertension
PHC-0466,Ilemela HC,2024-02-06,42,Female,Rural,Secondary,Trader,Married,No,165,70.1,25.7,Current,Heavy,Moderate,No,No,133,84,3.9,0.88,2.1,2.7,5.5,97,141,4.5,9,6.2,0,No,0,No,NA,NA,Overweight,Elevated
PHC-0025,Ilemela HC,2024-08-21,40,Male,Urban,Secondary,Unemployed,Widowed,No,176.5,79.9,25.6,Never,None,Moderate,No,No,112,93,NA,1.62,2.5,1.7,5.4,45,139,3.9,13,15.4,0,Yes,114,No,NA,NA,Overweight,Hypertension
PHC-0111,Buzuruga PHC,2024-02-26,32,Female,Urban,Secondary,Unemployed,Married,No,160.1,70.4,27.5,Never,Moderate,Low,Yes,No,107,75,5.1,1.74,2.6,1.1,5.2,83,141,4.5,10,4.2,0,No,0,No,NA,NA,Overweight,Normal
PHC-0016,Bugando PHC,2024-02-16,61,Female,Rural,Secondary,Other,Married,No,162.4,67.6,25.6,Never,Moderate,High,No,No,160,65,5.7,1.15,3,0.4,6.3,88,143,3.9,16,5.6,0,Yes,111,Yes,Poor,No,Overweight,Hypertension
PHC-0285,Kisesa HC,2024-11-08,38,Female,Urban,Primary,Farmer,Single,No,169.7,NA,NA,Current,Heavy,Low,No,No,121,74,5.9,2,3,2.4,6.3,61,141,4,6,0.7,1,No,0,No,NA,NA,NA,Normal
PHC-0904,Buzuruga PHC,2024-05-22,34,Male,Rural,Primary,Farmer,Single,No,153.1,55.3,23.6,Never,None,Moderate,No,No,154,83,3.7,1.28,1.7,1.4,5.7,96,136,4.6,12,9.7,0,Yes,45,No,NA,NA,Normal,Hypertension
PHC-0415,Buzuruga PHC,2024-03-14,57,Female,Rural,Secondary,Trader,Widowed,Yes,152.4,40.5,17.4,Former,None,Low,Yes,No,124,88,5.9,2,3.1,2.3,5.4,86,142,4.9,NA,5,0,No,0,No,NA,NA,Underweight,Elevated
PHC-1049,Bugando PHC,2024-06-08,64,Female,Urban,Primary,Trader,Married,No,152.7,56.3,24.1,NA,None,High,No,No,122,102,5.2,1.05,3,1.6,6.4,85,137,4.1,12,4.4,0,Yes,109,Yes,Poor,No,Normal,Hypertension
PHC-0148,Ilemela HC,2024-02-26,45,Female,Rural,Tertiary,Trader,Married,Yes,158.5,66.7,26.6,Never,Moderate,Low,No,No,181,80,3.6,0.66,NA,0.5,4.4,58,135,3.9,12,4,0,Yes,100,No,NA,NA,Overweight,Hypertension
PHC-1126,Ilemela HC,2024-05-26,47,Female,Rural,Tertiary,Farmer,Married,No,158.1,61,24.4,Never,Heavy,Moderate,Yes,No,136,76,5.1,0.98,3.2,0.9,6.4,71,137,4,14,7.9,0,No,0,No,NA,NA,Normal,Elevated
PHC-0946,Kisesa HC,2024-06-13,38,Male,Urban,Primary,Trader,Married,No,183.7,82.5,24.4,Never,None,Moderate,No,No,115,95,5.5,1.66,2.7,0.6,5.1,87,137,5.2,10,5.4,1,Yes,68,No,NA,NA,Normal,Hypertension
PHC-0508,Nyamagana PHC,2024-06-01,50,Female,Rural,Secondary,Unemployed,Married,Yes,162.5,65.6,24.8,Current,None,Moderate,No,No,133,85,5.9,2.19,2.4,1.2,4.3,68,138,4.2,14,7.7,1,No,0,No,NA,NA,Normal,Elevated
PHC-0685,Bugando PHC,2024-07-04,53,Female,Rural,Primary,Other,Divorced,No,165.5,61.1,22.3,Current,None,High,No,No,126,86,5.8,0.99,3.6,1.4,4.4,87,131,4.7,9,14,0,No,0,No,NA,NA,Normal,Elevated
PHC-0922,Kisesa HC,2024-11-21,51,Male,Urban,Primary,Unemployed,Divorced,Yes,167.9,NA,NA,Never,None,High,No,No,146,102,5.7,1.85,3.3,3.2,6,87,139,3.5,7,2.1,1,Yes,4,Yes,Poor,No,NA,Hypertension
PHC-1048,Ilemela HC,2024-04-04,58,Male,Urban,Tertiary,Farmer,Married,Yes,171.1,79,27,Current,None,Moderate,No,No,177,74,4.8,1.61,1.7,1.4,5.1,125,139,3.6,8,1,0,Yes,76,No,NA,NA,Overweight,Hypertension
PHC-0871,Buzuruga PHC,2024-06-26,67,Male,Urban,Tertiary,Trader,Married,No,159.5,59.7,23.5,Former,None,Moderate,No,No,159,106,5.4,0.97,3.6,1.4,6.7,64,139,4.2,7,1.4,0,Yes,89,No,NA,NA,Normal,Hypertension
PHC-0651,Ilemela HC,2024-02-28,60,Female,Rural,Primary,Professional,Married,No,159.5,55.2,21.7,Never,None,Low,No,No,164,88,4.9,1.12,2.9,1.5,4.1,75,135,4.3,15,10.9,0,Yes,105,Yes,Poor,No,Normal,Hypertension
PHC-0100,Nyamagana PHC,2024-01-16,57,Female,Rural,Secondary,Unemployed,Married,Yes,163.4,75.8,28.4,Never,Moderate,Low,No,No,130,76,7.4,1.64,4.6,1.4,3.4,58,134,3.8,NA,6.6,2,No,0,No,NA,NA,Overweight,Elevated
PHC-0005,Bugando PHC,2024-01-24,54,Female,Urban,Secondary,Farmer,Married,Yes,165.3,87.4,32,Current,Moderate,Low,No,No,143,84,4.7,1.42,1.8,2.8,5.3,83,133,4.1,7,15.3,1,Yes,101,Yes,Good,No,Obese,Hypertension
PHC-0468,Buzuruga PHC,2024-11-27,68,Female,Rural,Primary,Farmer,Single,Yes,161.2,72.8,28,Never,Moderate,High,Yes,No,173,97,4.2,1.37,1.6,1.6,NA,48,140,4.7,11,18.6,0,Yes,85,No,NA,NA,Overweight,Hypertension
PHC-0047,Nyamagana PHC,2024-06-04,28,Male,Rural,Primary,Trader,Single,No,165.4,80.6,29.5,Current,None,Moderate,No,No,165,69,6.5,1.48,4.1,2.1,5.2,66,139,2.9,11,6.7,1,Yes,34,Yes,Good,No,Overweight,Hypertension
PHC-0620,Ilemela HC,2024-11-15,48,Female,Urban,Secondary,Other,Married,Yes,152,66.7,28.9,Current,None,Low,No,No,125,82,4.4,1.13,2.7,2,5.8,74,135,4,5,13.4,0,No,0,No,NA,NA,Overweight,Elevated
PHC-0264,Bugando PHC,2024-09-16,25,Male,Urban,Primary,Professional,Divorced,No,161.6,58.4,22.4,Current,None,Low,No,No,127,84,5.2,1.3,2.4,1.3,6.2,63,135,4.1,10,6.9,0,No,0,No,NA,NA,Normal,Elevated
PHC-0703,Ilemela HC,2024-11-02,46,Female,Rural,Secondary,Farmer,Divorced,No,156.5,71,29,Never,None,Moderate,Yes,No,165,80,4.8,1.3,2.3,2,5.1,84,143,4.9,8,17.9,0,Yes,61,No,NA,NA,Overweight,Hypertension
PHC-0757,Kisesa HC,2024-01-17,39,Male,Rural,Primary,Farmer,Married,No,175.3,61.8,20.1,Never,None,Low,No,No,115,95,6.7,1.05,4.2,2.1,5.4,61,138,4,NA,4.6,2,Yes,22,No,NA,NA,Normal,Hypertension
PHC-0190,Kisesa HC,2024-02-18,69,Male,Urban,Tertiary,Trader,Married,No,165.8,91.9,33.4,Never,None,High,No,No,159,105,4,0.57,NA,3.4,7.5,118,142,4.1,8,5.8,1,Yes,11,No,NA,NA,Obese,Hypertension
PHC-0641,Nyamagana PHC,2024-05-12,63,Male,Urban,Primary,Trader,Married,No,166.4,70.2,25.4,Former,Moderate,Moderate,No,No,149,64,3.9,1.05,1.6,3.6,5.9,43,137,5,18,4,0,Yes,50,Yes,Poor,No,Overweight,Hypertension
PHC-0833,Nyamagana PHC,2024-05-05,78,Female,Urban,Primary,Farmer,Married,No,163.1,59.6,22.4,Former,Moderate,Low,No,No,171,83,5.5,1.45,2.8,0.9,5.1,84,143,4.4,13,20.6,0,Yes,109,Yes,Good,No,Normal,Hypertension
PHC-0998,Igoma HC,2024-08-27,52,Female,Rural,Primary,Farmer,Divorced,No,164.7,72.9,26.9,Never,None,Moderate,Yes,No,140,83,4.6,1.57,1.9,1.5,5.6,65,140,4.5,9,14.9,0,Yes,75,No,NA,NA,Overweight,Hypertension
PHC-0790,Ilemela HC,2024-01-31,65,Male,Urban,Secondary,Professional,Single,Yes,162.5,79,29.9,Never,None,Moderate,Yes,No,153,110,5.8,1.81,2.8,2.5,6.9,74,142,3.7,6,4.9,0,Yes,58,No,NA,NA,Overweight,Hypertension
PHC-0286,Bugando PHC,2024-08-26,66,Male,Urban,Tertiary,Trader,Married,No,167.6,69.7,24.8,Never,Moderate,Moderate,No,No,144,115,5.5,1.24,3.5,1.9,5.2,98,143,4.3,10,0.4,0,Yes,81,No,NA,NA,Normal,Hypertension
PHC-1274,Buzuruga PHC,2024-01-13,63,Male,Rural,None,Farmer,Married,Yes,153.3,57,24.3,Never,Moderate,Low,Yes,No,132,92,4.8,1.38,2.5,1.1,5.6,80,137,4.6,8,9.3,0,Yes,46,No,NA,NA,Normal,Hypertension
PHC-1085,Bugando PHC,2024-02-07,77,Male,Urban,Secondary,Unemployed,Married,Yes,167.9,59.2,21,Current,Moderate,Moderate,No,No,140,95,4.9,1.36,3.1,1.3,5.7,98,139,4.5,13,4.2,0,Yes,23,Yes,Poor,No,Normal,Hypertension
PHC-0465,Ilemela HC,2024-02-07,46,Female,Urban,Secondary,Farmer,Widowed,Yes,162.8,59.7,22.5,Never,None,Moderate,No,No,103,96,3,1.82,NA,0.7,6.1,105,137,3.9,12,36.6,0,Yes,78,No,NA,NA,Normal,Hypertension
PHC-0748,Bugando PHC,2024-05-09,69,Female,Rural,Secondary,Farmer,Single,Yes,151.3,50.7,22.1,Never,None,Low,No,No,105,91,5,1.28,2.8,1.1,5.8,95,135,3.4,10,NA,0,Yes,24,Yes,Poor,No,Normal,Hypertension
PHC-0114,Ilemela HC,2024-08-21,35,Female,Rural,Primary,Farmer,Divorced,No,153.6,45.9,19.5,Current,None,Low,No,No,130,87,5.4,1.5,2.9,1.5,7,79,137,4.4,8,5.5,0,No,0,No,NA,NA,Normal,Elevated
PHC-1328,Buzuruga PHC,2024-08-20,36,Female,Rural,Secondary,Other,Married,No,168.4,53.6,18.9,Never,None,Moderate,No,No,105,85,6.2,1.21,4.1,1.4,4.1,43,136,4.7,8,15.8,0,Yes,16,No,NA,NA,Normal,Elevated
PHC-0052,Kisesa HC,2024-03-31,64,Female,Urban,Secondary,Trader,Widowed,No,162.3,67.5,25.6,Never,None,High,Yes,No,171,77,5.3,1.26,3,2.3,6.3,58,135,4.6,8,12.4,0,Yes,102,Yes,Good,No,Overweight,Hypertension
PHC-0448,Buzuruga PHC,2024-04-21,63,Female,Urban,Secondary,Unemployed,Divorced,No,158.2,67.2,26.9,Never,None,Moderate,No,No,165,99,5.6,0.9,3.8,1.6,8,105,136,4.1,5,11.5,0,Yes,11,Yes,Good,No,Overweight,Hypertension
PHC-0761,Nyamagana PHC,2024-05-28,56,Male,Urban,NA,Trader,Married,Yes,173.1,74.2,24.8,Former,Heavy,Moderate,No,No,121,97,4.8,1.55,2.7,0.6,6.8,100,140,3.6,15,16.8,0,Yes,116,Yes,Good,No,Normal,Hypertension
PHC-0542,Nyamagana PHC,2024-08-25,41,Male,Urban,Tertiary,Unemployed,Married,No,174.9,67.1,21.9,Never,Heavy,Low,No,No,145,73,6.4,1.42,3.8,1.2,6.2,65,135,4.8,12,11.3,1,Yes,65,No,NA,NA,Normal,Hypertension
PHC-0469,Nyamagana PHC,2024-05-06,49,Female,Urban,Primary,Trader,Married,No,146.2,68.8,32.2,Current,None,Low,No,No,168,68,4.9,1.33,2.8,1.6,4.5,62,137,4.4,11,0.6,1,Yes,19,Yes,Good,No,Obese,Hypertension
PHC-0883,Igoma HC,2024-04-20,53,Male,Urban,Tertiary,Farmer,Married,No,168.3,76.7,27.1,Former,Moderate,High,No,No,130,103,5.8,1.62,2.6,3.5,4.3,75,141,4.5,18,0.2,0,Yes,5,Yes,Good,No,Overweight,Hypertension
PHC-0738,Ilemela HC,2024-09-29,41,Male,Urban,Secondary,Other,Married,No,176.1,80.9,26.1,Former,Moderate,Low,No,No,137,90,6.2,1.38,3.4,1.8,4.8,69,140,4.8,15,7.3,0,Yes,48,No,NA,NA,Overweight,Hypertension
PHC-0611,Igoma HC,2024-07-03,43,Male,Rural,Primary,Trader,Single,Yes,166.8,64.8,23.3,Never,None,High,No,No,127,79,5.3,1.64,2.5,0.4,5.1,85,136,4.9,10,12.4,1,No,0,No,NA,NA,Normal,Normal
PHC-1333,Nyamagana PHC,2024-05-11,58,Female,Urban,Secondary,Other,Married,Yes,156.2,90.1,36.9,Current,None,Low,No,No,158,73,5.3,1.03,3.5,1.6,5.2,97,133,5.1,NA,9.9,1,Yes,40,Yes,Good,No,Obese,Hypertension
PHC-0352,Bugando PHC,2024-01-25,28,Male,Urban,Secondary,Trader,Married,No,164.2,85,31.5,Never,None,Moderate,No,No,142,90,4.3,1.39,2.3,2.4,5.5,96,137,4.3,14,9.2,1,Yes,1,No,NA,NA,Obese,Hypertension
PHC-0957,Kisesa HC,2024-07-13,53,Female,Rural,Tertiary,Professional,Married,No,168,85.3,30.2,Never,Moderate,Low,Yes,No,188,102,5.5,1.43,3,3.1,5.5,99,138,4.7,14,16,1,Yes,73,Yes,Poor,No,Obese,Hypertension
PHC-0379,Kisesa HC,2024-07-13,72,Female,Rural,Primary,Other,Married,Yes,168,61.8,21.9,Never,None,Low,Yes,No,135,77,5.9,0.97,4,1.2,4.6,67,138,3.8,11,14.8,0,No,0,No,NA,NA,Normal,Elevated
PHC-1458,Ilemela HC,2024-02-19,48,Male,Urban,None,Trader,Married,No,159.9,78,30.5,Never,None,Moderate,Yes,No,136,86,4,1.41,1.2,0.9,4.3,52,139,4.3,12,27.4,1,No,0,No,NA,NA,Obese,Elevated
PHC-0165,Nyamagana PHC,2024-06-06,51,Female,Urban,Secondary,Unemployed,Married,Yes,147,56.6,26.2,Never,Moderate,Moderate,Yes,No,137,72,7.1,1.75,4.5,1.6,3.6,56,137,4.2,15,7.4,1,No,0,No,NA,NA,Overweight,Elevated
PHC-0821,Ilemela HC,2024-06-18,40,Male,Urban,Secondary,Other,Married,No,176.3,79,25.4,Former,None,Low,No,No,123,91,7,1.85,4,2.2,5.1,91,142,4.1,10,10.4,1,Yes,105,No,NA,NA,Overweight,Hypertension
PHC-1040,Bugando PHC,2024-05-10,69,Male,Urban,Secondary,Trader,Single,Yes,175.2,85.5,27.9,Never,Moderate,Moderate,No,Yes,175,90,3.5,1.73,1,1,6.3,101,139,4.1,11,8.8,1,Yes,40,Yes,Good,No,Overweight,Hypertension
PHC-0208,Bugando PHC,2024-07-29,65,Male,Urban,Primary,Trader,Married,Yes,155.1,58.9,24.5,Never,None,Low,No,No,101,90,7.2,1.65,4.8,1.5,NA,92,140,4.1,13,4.8,1,Yes,3,Yes,Good,No,Normal,Hypertension
PHC-1460,Buzuruga PHC,2024-02-18,42,Male,Rural,Primary,Trader,Single,No,165.8,60.6,22,Never,None,Low,No,No,113,87,4.8,1.4,NA,0.5,NA,91,140,4.2,8,14.2,0,Yes,67,No,NA,NA,Normal,Elevated
PHC-0351,Kisesa HC,2024-01-21,23,Female,Rural,Primary,Farmer,Married,No,156,55,22.6,Never,None,Low,Yes,No,140,102,4.3,1.39,1.8,2.6,5.2,79,143,4.7,6,9.6,0,Yes,100,No,NA,NA,Normal,Hypertension
PHC-0678,Nyamagana PHC,2024-04-19,58,Female,Urban,None,Unemployed,Widowed,No,163.9,55.8,20.8,Former,None,Low,Yes,No,123,89,3.8,1.26,1.4,2,7.8,83,143,4.4,8,4.5,0,No,0,No,NA,NA,Normal,Elevated
PHC-0807,Ilemela HC,2024-05-01,48,Male,Rural,Secondary,Farmer,Married,Yes,176.2,93.2,30,Never,None,Low,No,No,138,83,4.9,1.42,NA,1.8,7.1,100,134,4.2,12,5.8,1,No,0,No,NA,NA,Overweight,Elevated
PHC-0921,Buzuruga PHC,2024-03-05,55,Female,Rural,None,Trader,Married,No,160.9,82.2,31.8,Former,None,Moderate,No,No,143,81,4,1.25,1.6,2.3,6,95,138,3.9,15,4.9,2,Yes,88,No,NA,NA,Obese,Hypertension
PHC-0253,Bugando PHC,2024-01-16,38,Female,Rural,Secondary,Unemployed,Single,Yes,149.9,41.8,18.6,Never,Moderate,High,Yes,No,123,79,5.8,1.03,3.7,0.4,5.7,67,135,3.8,11,8.3,0,No,0,No,NA,NA,Normal,Normal
PHC-0021,Bugando PHC,2024-06-19,74,Female,Urban,Tertiary,Trader,Married,No,156.5,58.8,24,Current,Heavy,Low,No,No,156,95,4.9,0.67,3.8,1.5,5.7,101,140,4.4,11,7.1,0,Yes,62,Yes,Poor,No,Normal,Hypertension
PHC-0309,Nyamagana PHC,2024-03-10,67,Male,Urban,Primary,Trader,Married,No,152.2,62.3,26.9,Never,Moderate,Low,No,No,148,98,3.8,1.12,1.7,1.6,4.6,104,140,3.4,5,6.4,0,Yes,118,No,NA,NA,Overweight,Hypertension
PHC-0780,Nyamagana PHC,2024-07-12,54,Female,Urban,Primary,Trader,Single,No,157.7,52.3,21,Never,None,Low,Yes,No,145,90,6.8,0.55,5.3,2.8,5.1,103,135,4.1,17,15.3,1,Yes,86,No,NA,NA,Normal,Hypertension
PHC-0877,Ilemela HC,2024-09-09,66,Female,Rural,Primary,Professional,Married,No,172.1,77.8,26.3,Current,None,Moderate,Yes,No,133,99,5.7,1.26,3.2,1.8,6.5,73,139,4.5,14,19.6,0,Yes,60,Yes,Good,No,Overweight,Hypertension
PHC-0370,Bugando PHC,2024-09-03,48,Female,Rural,None,Trader,Single,Yes,167.8,74.3,26.4,Never,None,Moderate,No,No,134,81,5.5,1.13,2.9,2.4,5.5,98,134,3.8,13,14.2,0,No,0,No,NA,NA,Overweight,Elevated
PHC-0393,Igoma HC,2024-11-20,77,Female,Rural,Primary,Trader,Married,No,159.7,68.4,26.8,Never,Heavy,Low,No,No,137,94,5,1.56,1.8,2.1,NA,101,137,5.1,13,4.7,0,Yes,47,No,NA,NA,Overweight,Hypertension
PHC-0858,Ilemela HC,2024-04-25,44,Female,Urban,Tertiary,Farmer,Single,Yes,157.9,74.6,29.9,Current,Moderate,Low,No,No,160,88,NA,1.35,3.3,2.3,6,56,143,4.9,13,0.7,0,Yes,55,Yes,Poor,No,Overweight,Hypertension
PHC-0872,Bugando PHC,2024-10-05,43,Female,Rural,Primary,Trader,Widowed,Yes,159.2,72.7,28.7,Former,Moderate,Moderate,Yes,No,147,103,5,1.1,2.4,2.6,5,63,139,3.7,7,4.3,1,Yes,34,No,NA,NA,Overweight,Hypertension
PHC-0263,Kisesa HC,2024-09-25,30,Female,Urban,Primary,Trader,Widowed,No,153.5,66.2,28.1,Former,None,Low,No,No,123,62,NA,1.52,1.1,2.4,4.6,88,143,4,8,0.3,0,No,0,No,NA,NA,Overweight,Normal
PHC-0027,Kisesa HC,2024-10-03,39,Female,Urban,None,Unemployed,Married,Yes,150.8,57.5,25.3,Never,None,Low,No,No,162,77,5.8,1.33,3.2,1.5,NA,80,140,4,12,2,0,Yes,88,Yes,Good,No,Overweight,Hypertension
PHC-0740,Bugando PHC,2024-02-02,64,Female,Urban,None,Trader,Married,Yes,159.1,66.4,26.2,Current,None,High,No,No,123,91,NA,1.34,2.6,2,4.4,83,137,4.3,5,9.2,0,Yes,86,No,NA,NA,Overweight,Hypertension
PHC-1231,Bugando PHC,2024-06-28,85,Female,Urban,Tertiary,Trader,Married,No,164.3,76.7,28.4,Current,Moderate,Moderate,No,No,165,63,NA,1.13,1,2.6,6,78,139,4,9,5.1,0,Yes,29,Yes,Good,No,Overweight,Hypertension
PHC-1422,Buzuruga PHC,2024-11-04,48,Female,Urban,None,Professional,Married,Yes,151.2,70.2,30.7,Never,Moderate,Low,No,No,103,86,5.3,1.41,2.8,1.9,5,90,132,4.4,6,6.3,1,Yes,65,No,NA,NA,Obese,Elevated
PHC-0903,Buzuruga PHC,2024-04-01,58,Male,Rural,Primary,Other,Single,No,177.4,102.8,32.7,Never,None,Moderate,No,No,131,78,6.4,0.74,4.6,2.2,4.2,66,136,4.3,17,6.3,2,No,0,No,NA,NA,Obese,Elevated
PHC-0700,Nyamagana PHC,2024-01-27,51,Female,Rural,Tertiary,Unemployed,Married,No,159.4,38.2,15,Current,Moderate,Low,No,No,120,95,4.8,1.21,2.8,2.4,7,75,139,4.7,10,10.3,0,Yes,110,No,NA,NA,Underweight,Hypertension
PHC-0737,Kisesa HC,2024-09-08,80,Female,Rural,Primary,Farmer,Married,Yes,157.5,73,29.4,Never,None,Low,No,No,154,85,NA,0.72,3.3,2.3,6.8,122,146,4.7,7,12.3,0,Yes,84,Yes,Good,No,Overweight,Hypertension
PHC-1000,Nyamagana PHC,2024-09-04,51,Female,Rural,None,Trader,Married,No,167.6,66,23.5,Never,Heavy,Moderate,Yes,No,101,69,4.2,1.43,1.7,0.6,5.3,73,141,4.3,NA,4.8,0,No,0,No,NA,NA,Normal,Normal
PHC-1028,Ilemela HC,2024-06-28,67,Female,Urban,Primary,Trader,Divorced,No,149.8,70.5,31.4,Never,None,Low,Yes,No,159,96,5.7,0.88,4,1.7,5.4,68,139,3.5,9,1.1,1,Yes,34,Yes,Poor,No,Obese,Hypertension
PHC-1133,Buzuruga PHC,2024-06-30,70,Female,Urban,Secondary,Trader,Divorced,No,162.1,73.5,28,Never,Moderate,Moderate,Yes,No,158,95,NA,1.49,3,2.9,5.6,81,139,4,14,3.8,0,Yes,41,Yes,Good,No,Overweight,Hypertension
PHC-0511,Nyamagana PHC,2024-04-15,53,Male,Rural,Tertiary,Trader,Widowed,No,180.6,87.4,26.8,Former,None,Moderate,No,No,117,87,4,1.59,1,0.6,6.1,122,132,4.2,17,12.2,0,No,0,No,NA,NA,Overweight,Elevated
PHC-0566,Igoma HC,2024-05-28,46,Female,Urban,None,Farmer,Married,No,161.6,62.7,24,Never,None,Moderate,No,No,131,101,3.2,1.57,1,0.7,5,59,141,4.4,8,24.2,0,Yes,86,No,NA,NA,Normal,Hypertension
PHC-0129,Ilemela HC,2024-03-05,65,Male,Rural,Secondary,Unemployed,Married,No,176.9,91.5,29.2,Never,None,Low,No,No,136,92,4.2,1.8,1.1,1.5,5.8,84,140,3.9,7,7,1,Yes,56,No,NA,NA,Overweight,Hypertension
PHC-0769,Bugando PHC,2024-07-10,72,Male,Rural,None,Unemployed,Single,No,173.4,75,24.9,Former,None,Low,No,No,167,92,NA,1.65,NA,2.5,4.8,105,143,4.3,14,7.5,2,Yes,58,Yes,Poor,No,Normal,Hypertension
PHC-0846,Ilemela HC,2024-07-24,75,Female,Rural,Secondary,Unemployed,Married,No,141.3,60.2,30.2,Never,Heavy,High,Yes,No,149,95,5,1.31,2.9,2.8,4.8,72,142,5.4,13,8.2,1,Yes,83,Yes,Poor,No,Obese,Hypertension
PHC-0276,Nyamagana PHC,2024-11-21,30,Female,Rural,None,Trader,Married,No,155.4,76.4,31.6,Current,None,High,Yes,No,146,85,4.5,0.97,2.2,1.5,5.2,84,143,4.9,13,17.6,1,Yes,65,No,NA,NA,Obese,Hypertension
PHC-0569,Bugando PHC,2024-11-09,60,Female,Rural,Tertiary,Other,Married,No,158.1,54.8,21.9,Never,None,Low,No,No,114,81,4,1.89,1,1.5,4.8,48,140,4.2,7,12.9,0,No,0,No,NA,NA,Normal,Elevated
PHC-0666,Bugando PHC,2024-07-26,41,Female,Rural,Secondary,Farmer,Divorced,No,170.1,70.1,24.2,Never,None,Moderate,No,No,142,92,5.1,0.97,3.2,2.2,NA,40,140,4.4,16,5.8,1,Yes,78,Yes,Poor,No,Normal,Hypertension
PHC-0359,Nyamagana PHC,2024-03-30,49,Male,Rural,Secondary,Trader,Single,Yes,182.5,88,26.4,Never,None,Low,Yes,No,109,74,2.8,0.67,NA,1.9,6.1,91,138,4.9,7,10.3,0,No,0,No,NA,NA,Overweight,Normal
PHC-1319,Bugando PHC,2024-07-16,64,Female,Rural,None,Professional,Widowed,No,163.9,86,32,Never,None,Low,Yes,Yes,121,66,5.4,1.92,2.3,1.9,NA,93,134,5,7,6.1,2,No,0,No,NA,NA,Obese,Normal
PHC-0636,Nyamagana PHC,2024-09-27,29,Male,Urban,Primary,Trader,Married,No,166.3,70.2,25.4,Former,None,Moderate,No,No,166,97,4.3,1.2,1.7,2.9,5.4,99,134,4.7,9,7.3,1,Yes,75,No,NA,NA,Overweight,Hypertension
PHC-0512,Kisesa HC,2024-09-17,75,Female,Urban,None,Unemployed,Widowed,Yes,150.8,65.1,28.6,Former,None,High,Yes,No,133,89,5,1.45,2.1,2.4,4.8,92,141,3.5,8,1.4,0,No,0,No,NA,NA,Overweight,Elevated
PHC-0839,Kisesa HC,2024-10-08,64,Male,Rural,Secondary,Professional,Married,No,178.5,69.1,21.7,Never,None,Moderate,No,No,136,88,5.5,1.72,NA,1.3,6,77,139,4.7,15,10.8,0,No,0,No,NA,NA,Normal,Elevated
PHC-0152,Nyamagana PHC,2024-10-06,18,Female,Urban,Primary,Farmer,Married,Yes,152.7,72.8,31.2,Never,Moderate,Moderate,Yes,No,138,88,4.4,1.2,2.3,2.1,6,70,142,3.4,6,0.7,1,No,0,No,NA,NA,Obese,Elevated
PHC-1180,Bugando PHC,2024-02-25,70,Male,Rural,Tertiary,Trader,Married,Yes,171,83.6,28.6,Never,None,Moderate,No,No,123,110,4.7,1.05,NA,2,4.9,97,144,3.8,6,9.4,0,Yes,108,No,NA,NA,Overweight,Hypertension
PHC-1414,Nyamagana PHC,2024-10-18,25,Male,Urban,Primary,Farmer,Single,Yes,167.5,58.4,20.8,Never,Heavy,Moderate,No,No,138,86,3.6,1.35,1.6,1.3,5.5,71,140,4.2,13,1.6,0,Yes,61,No,NA,NA,Normal,Elevated
PHC-0514,Ilemela HC,2024-03-21,38,Male,Rural,None,Farmer,Married,No,167.6,67.6,24.1,Former,Heavy,Low,Yes,No,150,97,4.1,1.19,2.2,3,5.9,79,141,4.4,17,10.7,0,Yes,27,Yes,Poor,No,Normal,Hypertension
PHC-1298,Bugando PHC,2024-01-31,60,Male,Rural,Secondary,Other,Married,No,157.4,86.1,34.8,Never,None,Low,No,No,178,99,5.9,1.7,4,2.9,5.9,108,139,4.1,8,7.2,1,Yes,108,No,NA,NA,Obese,Hypertension
PHC-0913,Ilemela HC,2024-10-16,53,Male,Urban,Tertiary,Professional,Single,Yes,164,64.7,24.1,Never,Moderate,Moderate,Yes,No,124,78,4.9,1.16,2.7,2,5.3,83,139,4.8,16,6.4,1,No,0,No,NA,NA,Normal,Normal
PHC-0295,Igoma HC,2024-07-07,61,Female,Urban,Primary,Trader,Married,No,164.9,76.3,28.1,Never,None,Low,No,No,105,97,4.9,0.78,3.4,1.7,3.3,100,144,3.5,5,1.6,0,Yes,5,Yes,Poor,No,Overweight,Hypertension
PHC-1456,Ilemela HC,2024-04-02,48,Female,Rural,None,Trader,Divorced,Yes,163.8,48.6,18.1,Never,Heavy,Moderate,No,No,102,87,4.2,0.5,2.6,1.9,6,88,137,4,11,8.2,0,Yes,37,Yes,Poor,Yes,Underweight,Elevated
PHC-1337,Bugando PHC,2024-09-10,34,Male,Urban,None,Farmer,Married,No,179.6,78.7,24.4,Never,Moderate,Low,No,No,115,87,5.2,1.23,2.7,2,5.2,85,140,4.8,7,8.4,0,No,0,No,NA,NA,Normal,Elevated
PHC-1024,Bugando PHC,2024-09-16,70,Female,Rural,Primary,Other,Widowed,No,156.7,41.7,17,Never,None,Moderate,Yes,No,106,106,5.4,1.47,3.2,1.3,7.3,83,139,4.4,NA,8.5,0,Yes,101,No,NA,NA,Underweight,Hypertension
PHC-1366,Ilemela HC,2024-05-02,34,Female,Urban,Primary,Trader,Widowed,No,161.4,72.4,27.8,Never,None,Moderate,Yes,No,120,96,4.4,0.56,3,2.4,5.7,85,140,4.5,8,0.2,0,Yes,74,No,NA,NA,Overweight,Hypertension
PHC-0800,Bugando PHC,2024-04-22,70,Female,Rural,Secondary,Other,Married,No,162.2,60.1,22.8,Former,None,Moderate,No,No,142,94,5.3,1.59,2.4,0.8,6.2,68,141,4.6,13,10.7,0,Yes,117,No,NA,NA,Normal,Hypertension
PHC-0649,Nyamagana PHC,2024-11-14,49,Female,Urban,Primary,Other,Married,No,160.3,82.5,32.1,Current,Moderate,Low,Yes,No,148,71,4.2,0.86,2.6,1.4,6,72,135,3.6,9,NA,1,Yes,76,No,NA,NA,Obese,Hypertension
PHC-1480,Nyamagana PHC,2024-05-10,79,Female,Urban,Primary,Trader,Divorced,No,157.8,66.9,26.9,Current,Moderate,Low,No,No,152,87,6.4,1.27,3.5,1.9,5.6,68,145,4.4,6,10.5,2,Yes,65,No,NA,NA,Overweight,Hypertension
PHC-0364,Igoma HC,2024-05-10,82,Female,Rural,Primary,Unemployed,Widowed,Yes,166.9,86.9,31.2,Never,Moderate,Low,Yes,No,174,85,3.9,1.69,1,2.6,4.7,63,138,4.5,11,11,2,Yes,108,Yes,Good,No,Obese,Hypertension
PHC-0986,Nyamagana PHC,2024-08-01,55,Male,Rural,Secondary,Unemployed,Married,No,177.9,77.7,24.6,Never,Heavy,Low,Yes,No,146,90,4.3,1.17,1.6,0.4,6.9,62,140,4.5,13,11.8,0,Yes,116,No,NA,NA,Normal,Hypertension
PHC-0314,Nyamagana PHC,2024-02-03,53,Male,Rural,Primary,Unemployed,Married,No,168,84.4,29.9,Never,Heavy,Moderate,Yes,No,125,86,6.5,1.91,3.5,1.8,6.3,86,141,4.4,13,4.3,1,No,0,No,NA,NA,Overweight,Elevated
PHC-1300,Bugando PHC,2024-06-08,53,Male,Urban,None,Other,Divorced,No,165.5,57,20.8,Never,Moderate,Low,No,No,151,88,6.1,1.5,4,1.8,NA,77,140,4.3,NA,NA,0,Yes,67,No,NA,NA,Normal,Hypertension
PHC-1006,Igoma HC,2024-11-29,66,Male,Urban,Primary,Trader,Widowed,No,171.5,67.1,22.8,Former,Heavy,High,Yes,No,153,87,5,1.25,2.1,2,3.9,96,135,4.9,12,5.3,0,Yes,9,Yes,Poor,No,Normal,Hypertension
PHC-0870,Igoma HC,2024-06-23,27,Female,Urban,Secondary,Other,Single,No,163.5,65.7,24.6,Current,Heavy,Low,No,No,149,64,7,1.62,3.9,2.2,5.4,81,136,3.5,10,0.6,2,Yes,2,No,NA,NA,Normal,Hypertension
PHC-0489,Bugando PHC,2024-05-31,68,Male,Urban,Secondary,Farmer,Married,No,177.7,84.2,26.7,Never,None,Low,No,No,143,73,NA,0.65,3.9,1.9,4.8,91,139,3.8,8,7.2,0,Yes,115,Yes,Poor,No,Overweight,Hypertension
PHC-0766,Igoma HC,2024-05-01,50,Male,Urban,Secondary,Professional,Widowed,No,157.4,68.1,27.5,Never,Heavy,Low,No,No,173,88,5.7,1.2,3.3,2.3,5.3,89,140,4.8,11,4.9,1,Yes,11,Yes,Poor,No,Overweight,Hypertension
PHC-0565,Nyamagana PHC,2024-05-14,61,Female,Rural,Secondary,Professional,Single,No,154,78.9,33.3,Former,Moderate,High,Yes,No,153,89,5.5,0.82,NA,2.9,5.8,98,139,4.5,16,5.8,1,Yes,65,Yes,Poor,No,Obese,Hypertension
PHC-0325,Nyamagana PHC,2024-04-10,50,Male,Rural,Tertiary,Farmer,Single,Yes,168.5,73.7,26,Never,Moderate,Low,Yes,No,127,90,4,1.35,1,0.4,NA,91,141,3.7,14,22.4,0,Yes,11,Yes,Good,No,Overweight,Hypertension
PHC-0869,Bugando PHC,2024-02-15,60,Female,Urban,Primary,Professional,Married,Yes,159.6,71.8,28.2,Former,None,High,No,No,148,105,4.1,0.99,2.2,0.4,6.1,91,129,3.6,14,0.2,0,Yes,53,No,NA,NA,Overweight,Hypertension
PHC-0171,Ilemela HC,2024-01-30,81,Male,Rural,Tertiary,Trader,Married,No,168.2,73.8,26.1,Never,None,Low,Yes,No,121,84,6.7,1.72,3.6,1.5,5,70,141,4,12,21.1,1,Yes,108,No,NA,NA,Overweight,Elevated
PHC-0573,Igoma HC,2024-06-12,47,Female,Urban,Secondary,Professional,Married,Yes,157.3,73.3,29.6,Never,None,Low,No,No,142,78,4.9,0.97,2.7,1.6,5.9,51,139,4.3,12,3.5,0,Yes,16,Yes,Poor,No,Overweight,Hypertension
PHC-0532,Buzuruga PHC,2024-07-14,22,Female,Urban,Primary,Trader,Married,No,166.6,92.4,33.3,Current,None,Low,Yes,No,146,86,4.9,1.34,2.8,0.8,6,80,138,5,15,15.2,1,Yes,19,No,NA,NA,Obese,Hypertension
PHC-1344,Buzuruga PHC,2024-09-25,35,Female,Urban,None,Other,Widowed,No,154.1,83.5,35.2,Former,None,Low,Yes,No,121,72,5.3,1.61,2.5,1.2,6.2,84,141,4.6,12,7.9,1,No,0,No,NA,NA,Obese,Normal
PHC-0265,Nyamagana PHC,2024-11-09,64,Female,Rural,Secondary,Trader,Married,No,161.7,64.3,24.6,Never,None,Moderate,Yes,No,132,113,5,1.81,2,2.2,5.4,81,137,4.6,12,14.7,0,Yes,60,No,NA,NA,Normal,Hypertension
PHC-0541,Ilemela HC,2024-07-25,42,Male,Urban,Tertiary,Trader,Married,No,173,47.7,15.9,Never,Moderate,Low,No,No,154,73,3.6,1.88,1,0.6,5.2,105,138,4.5,16,28.8,0,Yes,103,No,NA,NA,Underweight,Hypertension
PHC-1432,Kisesa HC,2024-06-09,63,Female,Urban,Primary,Farmer,Married,Yes,154.7,57.3,23.9,Current,None,Moderate,Yes,No,136,70,NA,1.57,3.5,2.1,5.7,49,140,4.3,9,2.2,0,Yes,43,Yes,Good,Yes,Normal,Elevated
PHC-1266,Buzuruga PHC,2024-08-20,65,Male,Rural,Secondary,Trader,Married,No,169,88.9,31.1,Never,None,Moderate,Yes,No,178,76,4.4,0.94,1.8,1,5.9,105,136,4.4,9,8.8,2,Yes,12,No,NA,NA,Obese,Hypertension
PHC-0729,Igoma HC,2024-03-12,60,Male,Rural,Primary,Other,Married,No,170.2,77.3,26.7,Never,Moderate,Moderate,No,No,160,82,4.3,1.46,1.7,1.7,4.8,99,140,3.3,12,7.4,0,Yes,119,No,NA,NA,Overweight,Hypertension
PHC-0752,Igoma HC,2024-06-02,31,Male,Rural,Primary,Professional,Divorced,No,166.1,61,22.1,Current,Moderate,Moderate,Yes,Yes,155,89,5.8,1.63,NA,2.1,7.1,76,137,5.3,9,4.2,1,Yes,9,No,NA,NA,Normal,Hypertension
PHC-0607,Kisesa HC,2024-02-26,55,Female,Rural,Primary,Trader,Married,No,157.6,68.1,27.4,Never,None,Moderate,No,No,134,86,5.7,1.36,3.4,2.2,6.2,66,140,3.4,14,8.2,0,No,0,No,NA,NA,Overweight,Elevated
PHC-1420,Igoma HC,2024-10-22,57,Female,Urban,Secondary,Farmer,Divorced,Yes,160.4,76,29.5,Never,None,Moderate,No,No,144,72,5.5,1.48,2.5,2.4,5.6,98,140,4,6,6,0,Yes,106,Yes,Poor,No,Overweight,Hypertension
PHC-0739,Nyamagana PHC,2024-11-22,52,Female,Rural,Secondary,Other,Married,Yes,169.5,69.2,24.1,Never,None,Moderate,Yes,No,120,81,4.7,1.04,2.6,1.8,6.3,73,138,4.2,13,9.9,0,No,0,No,NA,NA,Normal,Elevated
PHC-1082,Nyamagana PHC,2024-10-12,65,Male,Urban,Primary,Farmer,Divorced,No,177.2,61.5,19.6,Never,Moderate,Low,No,No,145,109,5.3,1.52,2.9,2.3,4.8,74,138,3.8,4,2.2,0,Yes,87,Yes,Good,No,Normal,Hypertension
PHC-0881,Kisesa HC,2024-02-25,45,Female,Rural,None,Unemployed,Married,Yes,154.9,61.3,25.5,Current,Heavy,Moderate,No,No,140,90,4.5,1.44,1.8,3.1,4.3,80,139,5.4,9,8.9,0,Yes,73,No,NA,NA,Overweight,Hypertension
PHC-1439,Bugando PHC,2024-09-18,48,Male,Rural,Tertiary,Other,Widowed,No,172.9,77.7,26,Never,Heavy,Low,No,No,122,69,4.3,1.36,1.5,3.4,5.5,117,139,4.6,8,4.1,0,No,0,No,NA,NA,Overweight,Normal
PHC-0214,Kisesa HC,2024-03-01,50,Female,Urban,Primary,Professional,Married,No,165.7,71,25.9,Current,Moderate,Moderate,Yes,No,105,97,5,2.18,1.7,0.8,4.8,82,141,4.4,14,1.9,1,Yes,114,No,NA,NA,Overweight,Hypertension
PHC-1150,Kisesa HC,2024-06-04,87,Female,Urban,Secondary,Trader,Married,No,158.6,60.1,23.9,Never,Moderate,Low,No,No,171,88,7.8,0.5,6,1.4,5.9,72,140,4.5,6,0.7,1,Yes,63,Yes,Poor,No,Normal,Hypertension
PHC-0504,Ilemela HC,2024-06-11,70,Female,Urban,Primary,Farmer,Divorced,Yes,164.2,66,24.5,Never,None,Moderate,No,Yes,147,77,6,1.23,3.8,0.8,8.7,101,134,4,3,27.7,1,Yes,97,Yes,Poor,No,Normal,Hypertension
PHC-0368,Nyamagana PHC,2024-08-09,67,Male,Urban,Primary,Farmer,Married,No,167.1,75.6,27.1,Former,Heavy,Low,Yes,No,146,81,5.2,1.53,2.6,1,4.4,113,135,4.3,13,14,0,Yes,21,No,NA,NA,Overweight,Hypertension
PHC-0572,Bugando PHC,2024-11-29,60,Female,Rural,Primary,Farmer,Married,No,158.3,59.1,23.6,Never,Heavy,Low,No,No,122,83,5.1,1.14,2.5,1,5.2,92,143,3.9,16,8.8,1,No,0,No,NA,NA,Normal,Elevated
PHC-1074,Igoma HC,2024-03-22,68,Female,Rural,Secondary,Unemployed,Widowed,Yes,164.9,68.7,25.3,Current,None,Low,No,No,119,65,6.8,1.79,3.6,2.1,4.1,101,137,4.6,15,4.6,1,No,0,No,NA,NA,Overweight,Normal
PHC-0200,Nyamagana PHC,2024-06-28,53,Female,Rural,Primary,Professional,Widowed,Yes,159.1,76.3,30.1,Never,None,Moderate,No,No,125,89,3.8,1.34,1.6,3,5.9,80,139,4.8,5,13,1,Yes,36,No,NA,NA,Obese,Elevated
PHC-0485,Bugando PHC,2024-11-02,40,Female,Rural,None,Farmer,Married,Yes,154.5,65.7,27.5,Current,None,High,Yes,No,130,82,6.8,1.05,4.8,2.5,4.8,40,136,4.6,6,NA,1,Yes,48,No,NA,NA,Overweight,Elevated
PHC-1434,Bugando PHC,2024-06-12,54,Female,Rural,Primary,Farmer,Single,Yes,155.1,45,18.7,Never,Moderate,Moderate,No,No,135,82,5.4,1.48,3.2,1.9,5.9,50,135,4,11,8.9,0,No,0,No,NA,NA,Normal,Elevated
PHC-0411,Ilemela HC,2024-06-10,56,Male,Rural,Primary,Trader,Divorced,No,173.6,64.3,21.3,Never,None,Low,Yes,No,166,83,4.8,1.33,2.2,0.7,6.3,108,143,5.1,14,7.4,0,Yes,32,No,NA,NA,Normal,Hypertension
PHC-0526,Ilemela HC,2024-11-30,68,Male,Rural,Primary,Professional,Married,Yes,165.8,57.6,21,Current,Heavy,Moderate,No,No,110,92,4.6,1.11,NA,0.4,5.9,80,138,4.1,9,8.2,0,Yes,48,No,NA,NA,Normal,Hypertension
PHC-0721,Igoma HC,2024-08-13,45,Male,Urban,Primary,Trader,Single,No,170.8,NA,NA,Never,Heavy,Low,No,No,152,81,4.6,1.36,2.3,1.8,5.7,72,140,4.8,9,0.6,1,Yes,16,No,NA,NA,NA,Hypertension
PHC-0217,Buzuruga PHC,2024-07-18,51,Male,Urban,Secondary,Farmer,Single,Yes,175.9,83.4,27,Former,None,Low,No,No,167,88,5.9,1.21,4.2,2.3,6.4,79,135,5.2,10,0.6,0,Yes,115,No,NA,NA,Overweight,Hypertension
PHC-1154,Bugando PHC,2024-07-24,64,Female,Rural,Primary,Farmer,Divorced,No,157.6,63.7,25.6,Current,Heavy,Low,Yes,No,126,82,5.6,0.99,3.5,2.4,3.4,65,134,4.4,14,4.3,0,No,0,No,NA,NA,Overweight,Elevated
PHC-0254,Bugando PHC,2024-06-04,32,Male,Urban,Primary,Farmer,Married,Yes,163.4,49.3,18.5,Never,None,Low,No,No,92,92,4.5,1.6,2.4,0.7,4.2,80,138,4,10,0.9,0,Yes,82,No,NA,NA,Underweight,Hypertension
PHC-0153,Kisesa HC,2024-01-08,57,Female,Urban,Primary,Farmer,Married,No,156.4,60.3,24.7,Never,None,Low,No,No,131,93,5.6,1.73,2.8,2.3,4.4,118,142,4.6,9,6.3,1,Yes,31,No,NA,NA,Normal,Hypertension
PHC-0195,Igoma HC,2024-05-12,57,Female,Urban,Primary,Unemployed,Married,No,162.1,45.2,17.2,Never,Moderate,Moderate,Yes,No,169,86,6.2,1.53,3.7,1.1,5,50,142,3.6,7,1,1,Yes,86,Yes,Poor,No,Underweight,Hypertension
PHC-1160,Kisesa HC,2024-04-03,46,Female,Urban,Primary,Farmer,Widowed,No,152.6,60.8,26.1,Former,None,Moderate,Yes,No,129,80,6.2,1.96,3,0.4,5.7,85,139,3.7,4,2.5,1,No,0,No,NA,NA,Overweight,Elevated
PHC-0864,Bugando PHC,2024-05-11,75,Female,Urban,Secondary,Other,Divorced,Yes,164.5,111.5,41.2,Current,None,Low,No,No,196,68,4.6,1.75,2.5,1.8,4.9,80,137,3.9,5,7.8,1,Yes,50,Yes,Poor,No,Obese,Hypertension
PHC-0069,Igoma HC,2024-01-25,47,Female,Rural,Primary,Unemployed,Widowed,Yes,162.6,70.9,26.8,Former,None,Moderate,No,No,125,85,4.1,2.05,1,0.7,4.7,90,143,4.8,9,4.7,0,No,0,No,NA,NA,Overweight,Elevated
PHC-0131,Ilemela HC,2024-06-09,21,Male,Urban,Secondary,Unemployed,Widowed,No,175.6,78.2,25.4,Never,None,Low,Yes,No,139,79,4.2,1.21,1.8,2.3,6.5,50,132,4.2,9,8.6,0,No,0,No,NA,NA,Overweight,Elevated
PHC-0518,Kisesa HC,2024-05-19,69,Female,Rural,Secondary,Farmer,Married,Yes,159.7,57.1,22.4,Current,Heavy,Moderate,No,No,90,83,3.7,0.93,NA,1.6,4.1,99,140,4.5,11,7.1,0,Yes,10,No,NA,NA,Normal,Elevated
PHC-1207,Igoma HC,2024-01-17,47,Female,Rural,Tertiary,Professional,Divorced,No,157.1,58.3,23.6,Former,Moderate,Low,No,No,136,88,3.6,1.86,1,1.2,5.3,56,139,4.1,6,5.1,0,No,0,No,NA,NA,Normal,Elevated
PHC-0301,Nyamagana PHC,2024-10-16,41,Male,Rural,Tertiary,Professional,Married,No,169,63.2,22.1,Never,Moderate,High,No,No,142,84,4.2,0.89,2.2,1.8,4.6,48,139,4.3,9,13.4,0,Yes,114,Yes,Poor,No,Normal,Hypertension
PHC-0390,Kisesa HC,2024-05-09,41,Female,Urban,Secondary,Unemployed,Single,Yes,161.2,65.2,25.1,Never,Moderate,Moderate,No,No,132,82,6,1.08,3.7,1.9,NA,70,143,3.7,9,29.4,0,No,0,No,NA,NA,Overweight,Elevated
PHC-1250,Bugando PHC,2024-02-28,40,Female,Urban,Primary,Professional,Divorced,No,160.9,56.6,21.9,Never,None,High,Yes,No,135,109,4.2,0.8,2.5,1.5,4,46,138,4,9,5.4,0,Yes,89,Yes,Poor,No,Normal,Hypertension
PHC-0718,Ilemela HC,2024-04-08,58,Male,Urban,Secondary,Trader,Married,No,175.2,73.7,24,Former,Moderate,Low,No,No,143,80,5.5,1.77,2.5,1.5,4.5,95,143,4.1,14,0.4,1,Yes,43,Yes,Poor,No,Normal,Hypertension
PHC-0472,Nyamagana PHC,2024-03-31,37,Male,Rural,Primary,Farmer,Married,No,186.6,104.1,29.9,Current,Moderate,Moderate,No,No,135,104,NA,1.18,3.2,2.1,6.9,105,140,3.4,4,8.7,0,Yes,17,No,NA,NA,Overweight,Hypertension
PHC-0241,Nyamagana PHC,2024-01-16,27,Male,Urban,Secondary,Farmer,Widowed,No,181.9,103.1,31.2,Current,None,Moderate,No,No,144,89,5.9,0.72,4.2,1.1,NA,94,141,4,15,8.3,1,Yes,99,Yes,Poor,No,Obese,Hypertension
PHC-0557,Nyamagana PHC,2024-07-26,60,Female,Urban,None,Trader,Married,No,156.7,50.7,20.6,Former,Heavy,Low,No,No,131,69,6,1.09,3.7,0.9,5.1,129,139,4.2,4,3.2,0,Yes,40,No,NA,NA,Normal,Elevated
PHC-0188,Igoma HC,2024-01-25,60,Male,Urban,Primary,Farmer,Widowed,No,164.3,79.2,29.3,Never,None,Moderate,Yes,No,137,99,6.7,1.26,4.1,1.8,NA,105,132,4.8,15,3.9,1,Yes,28,No,NA,NA,Overweight,Hypertension
PHC-0709,Bugando PHC,2024-01-30,48,Female,Rural,None,Professional,Single,No,154.5,48.8,20.4,Never,None,Low,No,No,117,89,3.8,1.18,1.8,0.6,NA,83,134,4.3,11,10.2,1,No,0,No,NA,NA,Normal,Elevated
PHC-0502,Igoma HC,2024-10-12,51,Female,Urban,Primary,Other,Married,Yes,161,76.3,29.4,Current,Heavy,Moderate,Yes,No,151,92,6,1.54,3.3,2.4,4.4,50,140,5,10,0.4,0,Yes,25,Yes,Poor,No,Overweight,Hypertension
PHC-1438,Nyamagana PHC,2024-02-14,74,Female,Urban,Secondary,Farmer,Married,No,160.9,78.6,30.4,Never,None,Moderate,Yes,Yes,153,98,3.2,1.03,1.1,0.9,8.7,70,138,3.9,12,4.1,2,Yes,34,Yes,Poor,No,Obese,Hypertension
PHC-0594,Bugando PHC,2024-10-07,38,Male,Urban,Primary,Trader,Married,No,160.1,97.5,38,Never,None,Low,Yes,No,147,75,5.8,1.37,3.2,2.2,6.1,94,140,4.2,6,2.2,1,Yes,15,No,NA,NA,Obese,Hypertension
PHC-0968,Kisesa HC,2024-11-14,35,Female,Rural,Primary,Other,Married,Yes,161.6,68.7,26.3,NA,None,Low,Yes,No,155,79,4.6,1.31,2.3,0.8,5,61,136,3.8,4,5.3,0,Yes,65,Yes,Good,No,Overweight,Hypertension
PHC-1320,Nyamagana PHC,2024-06-16,76,Female,Urban,Secondary,Unemployed,Married,No,149.6,77.4,34.6,Never,None,Low,Yes,No,167,89,5.5,1.15,2.5,3.1,6,77,138,4.1,10,NA,1,Yes,55,Yes,Good,No,Obese,Hypertension
PHC-0284,Bugando PHC,2024-02-01,51,Female,Urban,NA,Farmer,Widowed,Yes,159.7,52.5,20.6,Never,Heavy,Low,No,No,128,90,4.7,1.05,2.6,0.7,6,97,139,4.5,18,16.5,0,Yes,115,Yes,Good,No,Normal,Hypertension
PHC-1175,Igoma HC,2024-04-28,75,Male,Rural,Tertiary,Professional,Married,No,172.2,80.3,27.1,Never,None,Low,No,No,96,100,6.7,1.28,4.1,0.4,7.3,111,137,3.9,10,7.1,1,Yes,116,No,NA,NA,Overweight,Hypertension
PHC-1230,Nyamagana PHC,2024-05-01,40,Female,Rural,Primary,Professional,Married,No,159.5,56.2,22.1,Current,Moderate,Low,Yes,No,120,85,4.9,1.1,2.9,2.3,5.3,40,135,4.3,6,NA,0,No,0,No,NA,NA,Normal,Elevated
PHC-1127,Nyamagana PHC,2024-09-24,65,Male,Rural,Primary,Unemployed,Married,No,176.4,59.6,19.2,Never,None,High,No,No,110,101,5.7,1.56,3.1,0.8,4.8,90,136,4.2,12,14.9,0,Yes,81,Yes,Good,No,Normal,Hypertension
PHC-1071,Nyamagana PHC,2024-05-22,45,Female,Urban,None,Farmer,Single,Yes,162,65.3,24.9,Former,None,Moderate,Yes,No,134,80,5,1.11,2.8,0.8,6.1,78,137,4.2,6,26.3,1,No,0,No,NA,NA,Normal,Elevated
PHC-0451,Bugando PHC,2024-07-03,64,Female,Rural,Tertiary,Farmer,Married,Yes,160.9,73.3,28.3,Former,Moderate,Low,No,No,161,77,3.9,1.65,1,3.1,4.9,90,142,4.9,8,4.7,1,Yes,40,Yes,Poor,No,Overweight,Hypertension
PHC-0110,Nyamagana PHC,2024-08-05,74,Male,Urban,Primary,Trader,Married,Yes,165.9,NA,NA,Never,None,High,Yes,No,146,81,5.8,2.02,2.9,2.8,4.8,131,143,4,10,3.7,1,Yes,11,Yes,Poor,No,NA,Hypertension
PHC-1305,Nyamagana PHC,2024-03-15,71,Female,Rural,Primary,Professional,Married,Yes,155.4,80.2,33.2,Never,Moderate,Moderate,No,No,117,99,5.4,1.43,NA,2.8,4.6,48,138,4.1,11,6.1,1,Yes,30,Yes,Good,No,Obese,Hypertension
PHC-0123,Kisesa HC,2024-08-18,66,Female,Rural,Secondary,Professional,Married,No,165.9,66.1,24,Former,Moderate,Moderate,No,No,128,77,6.2,0.86,4.1,0.9,5.1,76,138,4.3,17,11.1,0,No,0,No,NA,NA,Normal,Normal
PHC-0784,Buzuruga PHC,2024-10-21,49,Female,Rural,Primary,Other,Married,Yes,168.5,82.6,29.1,Never,None,Moderate,No,No,170,88,4.2,1.76,NA,1.7,5.1,94,142,3.9,14,9.3,0,Yes,15,Yes,Poor,No,Overweight,Hypertension
PHC-0281,Igoma HC,2024-03-31,51,Female,Urban,Secondary,Unemployed,Married,Yes,160.4,92.2,35.8,Current,None,Moderate,Yes,No,107,97,6.5,1.29,4.5,1.7,4.7,65,138,4.5,14,2.2,2,Yes,88,Yes,Poor,No,Obese,Hypertension
PHC-0548,Igoma HC,2024-03-28,24,Male,Urban,Secondary,Unemployed,Married,No,163.7,85.1,31.8,Never,None,Moderate,No,No,115,89,3.8,1.66,1.6,1.9,5.1,65,142,3.8,3,10.4,1,No,0,No,NA,NA,Obese,Elevated
PHC-0659,Buzuruga PHC,2024-09-08,72,Female,Rural,None,Trader,Married,No,154.7,38,15.9,Current,Moderate,Moderate,Yes,No,137,90,4.3,1.84,1.7,1,5.1,106,137,3.2,6,10.1,0,Yes,14,Yes,Poor,No,Underweight,Hypertension
PHC-1234,Ilemela HC,2024-08-24,63,Male,Urban,None,Farmer,Widowed,Yes,173.7,121.2,40.2,Current,Moderate,Moderate,Yes,No,157,93,4.6,0.88,2.4,2.5,3.2,83,144,4.7,10,2.6,1,Yes,11,No,NA,NA,Obese,Hypertension
PHC-1270,Bugando PHC,2024-03-24,51,Male,Urban,Secondary,Farmer,Married,No,166.4,83,30,Never,None,Low,No,No,143,98,4.6,0.54,3.3,1.6,4.6,99,139,4.6,9,1.2,0,Yes,30,No,NA,NA,Overweight,Hypertension
PHC-0355,Ilemela HC,2024-04-07,48,Male,Urban,Secondary,Unemployed,Married,Yes,175.5,99.2,32.2,Never,None,Low,No,No,102,90,5.6,1.16,3.2,1.1,6.2,67,141,4.5,7,3.1,1,Yes,108,Yes,Good,No,Obese,Hypertension
PHC-0433,Bugando PHC,2024-02-24,54,Female,Rural,None,Farmer,Married,Yes,169.8,71,24.6,Never,None,Low,Yes,No,115,85,5.5,1.31,2.5,2.3,4.7,56,140,4.2,10,13.4,0,No,0,No,NA,NA,Normal,Elevated
PHC-0587,Kisesa HC,2024-01-30,30,Male,Urban,Secondary,Trader,Married,Yes,159.8,82.8,32.4,Never,Heavy,Moderate,No,No,121,73,4.2,1.73,1.3,1.3,NA,79,137,4.2,6,9.2,1,No,0,No,NA,NA,Obese,Normal
PHC-1080,Nyamagana PHC,2024-07-15,56,Female,Rural,None,Professional,Married,No,155,86.3,35.9,Never,None,Moderate,Yes,No,128,75,5.6,1.45,3.2,2.5,6.1,124,144,4.6,11,6.8,1,Yes,69,No,NA,NA,Obese,Normal
PHC-0669,Ilemela HC,2024-09-18,52,Male,Urban,None,Professional,Widowed,Yes,170.6,50.4,17.3,Current,None,Moderate,No,No,128,82,5.8,0.94,3.8,0.5,5.9,101,140,4.7,13,3.7,0,No,0,No,NA,NA,Underweight,Elevated
PHC-0373,Buzuruga PHC,2024-08-25,62,Female,Urban,Secondary,Farmer,Married,Yes,155.5,62.1,25.7,Never,Moderate,High,No,No,141,80,5.4,1.3,2.9,0.7,4.4,51,140,4.1,11,26.9,1,Yes,110,Yes,Good,No,Overweight,Hypertension
PHC-1128,Bugando PHC,2024-09-03,33,Female,Urban,Tertiary,Trader,Married,No,164.8,75.6,27.8,Former,None,Low,No,No,110,72,6.5,1.54,3.9,1.9,4.5,83,147,4.3,17,4,1,No,0,No,NA,NA,Overweight,Normal
PHC-0068,Igoma HC,2024-02-06,43,Male,Urban,NA,Farmer,Married,Yes,160,55.7,21.8,Former,Heavy,Low,Yes,No,143,82,5.3,1.2,2.6,1.8,4.8,80,137,5.1,12,7.6,0,Yes,80,No,NA,NA,Normal,Hypertension
PHC-1134,Kisesa HC,2024-06-03,41,Male,Urban,Primary,Unemployed,Married,Yes,179.5,NA,NA,Current,Moderate,Low,Yes,No,115,96,4.9,1.01,NA,2.1,4.3,54,137,3.8,13,4.1,0,Yes,28,Yes,Poor,No,NA,Hypertension
PHC-1467,Kisesa HC,2024-08-13,55,Male,Rural,Primary,Trader,Married,No,170.6,71.8,24.7,Never,None,Moderate,No,No,166,82,6.6,1.42,4.4,1.8,5.3,102,140,4.7,8,5.5,1,Yes,49,No,NA,NA,Normal,Hypertension
PHC-0464,Bugando PHC,2024-11-24,47,Female,Urban,NA,Trader,Widowed,No,159.8,44.7,17.5,Never,None,Moderate,Yes,No,90,72,5.6,1.11,3.8,0.4,NA,103,140,4.2,1,12.2,0,Yes,100,No,NA,NA,Underweight,Normal
PHC-0452,Kisesa HC,2024-11-23,40,Male,Urban,Primary,Trader,Married,No,164,69.9,26,Never,Moderate,Low,No,No,102,87,7.6,1.77,4.7,2.1,5.4,50,141,3.9,10,1.2,1,Yes,102,No,NA,NA,Overweight,Elevated
PHC-0803,Kisesa HC,2024-11-12,47,Female,Urban,Primary,Farmer,Married,No,155.7,45.1,18.6,Former,Moderate,Moderate,Yes,No,107,93,5.4,1.63,2.9,1.5,5.6,108,138,4.2,4,5.9,0,Yes,44,No,NA,NA,Normal,Hypertension
PHC-0582,Ilemela HC,2024-01-18,52,Male,Urban,Secondary,Professional,Single,Yes,180.5,83.9,25.8,Former,Moderate,Low,No,No,144,82,3.8,1.52,1.2,1.7,4.4,77,140,4.6,19,10.7,0,Yes,91,No,NA,NA,Overweight,Hypertension
PHC-0799,Nyamagana PHC,2024-02-21,32,Male,Urban,None,Unemployed,Widowed,No,156.6,62.3,25.4,Former,Heavy,Low,No,No,111,70,3.9,1.79,1,1.9,6.5,65,136,4.7,11,2.2,1,No,0,No,NA,NA,Overweight,Normal
PHC-0501,Igoma HC,2024-04-11,71,Male,Urban,Secondary,Farmer,Married,Yes,175.5,84.9,27.6,Never,None,Low,No,No,121,84,5.5,0.56,NA,2.6,6.3,65,138,4.2,16,0.2,0,No,0,No,NA,NA,Overweight,Elevated
PHC-0408,Nyamagana PHC,2024-05-03,43,Female,Rural,Primary,Farmer,Married,No,167,70,25.1,NA,Moderate,Moderate,Yes,No,140,100,4.6,0.7,2.5,1.7,6.5,74,139,3.6,2,6.2,0,Yes,33,Yes,Poor,No,Overweight,Hypertension
PHC-0319,Kisesa HC,2024-07-26,47,Male,Rural,None,Unemployed,Married,No,176.8,53.4,17.1,Current,Moderate,Moderate,No,No,159,77,6.7,1.35,4.1,0.9,3,127,142,4.2,14,7.4,1,Yes,102,No,NA,NA,Underweight,Hypertension
PHC-1433,Bugando PHC,2024-04-30,83,Female,Rural,Primary,Unemployed,Married,No,156.8,52,21.2,Former,Heavy,Low,No,No,104,89,5.9,1.6,3.3,0.4,5.7,98,138,3.9,15,7.1,0,No,0,No,NA,NA,Normal,Elevated
PHC-0610,Ilemela HC,2024-02-05,63,Female,Urban,Primary,Farmer,Married,No,164.9,71.4,26.3,Former,Moderate,High,Yes,No,135,88,5.3,1.2,3.2,1.4,6.6,94,140,4.1,4,1.7,0,Yes,62,No,NA,NA,Overweight,Elevated
PHC-1401,Bugando PHC,2024-09-19,70,Male,Rural,Tertiary,Other,Married,No,165.7,55.1,20.1,Never,None,High,Yes,No,133,96,3.7,1.15,1.2,1.5,6.4,103,138,3.4,12,NA,0,Yes,81,Yes,Poor,No,Normal,Hypertension
PHC-0011,Ilemela HC,2024-12-01,51,Male,Urban,Secondary,Farmer,Single,No,161.7,73.3,28,Never,None,Low,No,No,128,81,5.6,1.08,3.5,1.5,4.2,71,139,5,13,2.8,1,No,0,No,NA,NA,Overweight,Elevated
PHC-0133,Nyamagana PHC,2024-02-04,64,Female,Rural,Primary,Farmer,Single,No,161.7,71,27.2,Never,Moderate,Low,Yes,No,173,77,5.9,1.63,3.7,0.7,6.6,69,144,4.5,14,11,0,Yes,71,Yes,Good,No,Overweight,Hypertension
PHC-1228,Nyamagana PHC,2024-03-10,51,Female,Urban,Primary,Trader,Married,No,164.2,66.8,24.8,Never,None,Low,Yes,No,144,65,6.1,0.74,NA,1.4,6.1,88,136,4.2,7,8.1,0,Yes,51,No,NA,NA,Normal,Hypertension
PHC-0699,Bugando PHC,2024-08-20,43,Male,Rural,None,Farmer,Married,No,157.4,64.6,26.1,Current,Heavy,Low,No,No,145,92,5.2,1.25,3.1,2.7,6.7,91,136,4.6,10,29.1,0,Yes,27,No,NA,NA,Overweight,Hypertension
PHC-0975,Buzuruga PHC,2024-07-31,64,Female,Rural,Secondary,Unemployed,Single,Yes,160.2,79.7,31.1,Never,Moderate,Moderate,Yes,No,135,69,5.2,0.54,NA,1.3,NA,65,141,3.6,5,14.7,1,No,0,No,NA,NA,Obese,Elevated
PHC-0622,Igoma HC,2024-07-04,20,Female,Rural,Primary,Farmer,Married,No,150.2,NA,NA,Former,Moderate,Low,No,No,144,83,4.1,1.04,2.1,0.4,4.5,42,139,3.4,7,6.1,0,Yes,67,Yes,Good,No,NA,Hypertension
PHC-1284,Igoma HC,2024-01-09,24,Female,Rural,None,Trader,Married,No,153.7,41.9,17.7,Never,Moderate,Moderate,Yes,No,132,63,5.2,1.64,2.1,1.3,5.9,71,135,5,10,5.8,1,Yes,77,No,NA,NA,Underweight,Elevated
PHC-1283,Buzuruga PHC,2024-09-20,67,Male,Urban,Primary,Other,Divorced,No,166.4,44.7,16.1,Current,None,Low,No,No,150,108,4.4,1.29,1.9,1.4,4.1,74,137,4,14,9.7,1,Yes,11,Yes,Poor,No,Underweight,Hypertension
PHC-1091,Bugando PHC,2024-07-02,66,Male,Rural,Secondary,Unemployed,Married,No,155.3,72.4,30,Never,Moderate,High,Yes,No,163,86,5.9,1.82,3.2,1.5,4.6,80,136,4.2,7,5.7,1,Yes,78,Yes,Good,No,Overweight,Hypertension
PHC-0126,Ilemela HC,2024-05-12,63,Female,Rural,Tertiary,Farmer,Widowed,No,152.7,54.1,23.2,Never,Moderate,Low,No,No,165,94,5.1,1.42,2.6,2.1,4.3,77,135,4.5,16,12.9,1,Yes,71,No,NA,NA,Normal,Hypertension
PHC-1359,Ilemela HC,2024-02-06,78,Female,Urban,Primary,Other,Married,No,154.3,81.1,34.1,Former,None,Moderate,Yes,No,152,86,4.9,1.48,2,2.7,5,115,144,4,8,5.7,1,Yes,111,Yes,Good,No,Obese,Hypertension
PHC-1354,Nyamagana PHC,2024-04-29,48,Female,Rural,None,Unemployed,Married,No,166.1,70.7,25.6,NA,Moderate,Low,No,No,126,105,5.4,0.9,3.3,0.9,6.1,62,139,4.3,8,4.4,0,Yes,56,No,NA,NA,Overweight,Hypertension
PHC-0829,Nyamagana PHC,2024-05-05,62,Female,Urban,Secondary,Farmer,Married,Yes,160.3,45,17.5,Never,None,Moderate,No,No,152,84,4.4,1.64,2.1,1.8,5.3,77,137,2.8,6,1.1,0,Yes,54,Yes,Good,No,Underweight,Hypertension
PHC-1302,Bugando PHC,2024-10-16,63,Male,Rural,Primary,Trader,Married,No,177.4,47.2,15,Never,None,Moderate,Yes,No,96,84,4.7,1.39,NA,1.3,5.6,116,141,4.4,6,6.6,0,Yes,95,No,NA,NA,Underweight,Elevated
PHC-1245,Igoma HC,2024-10-27,60,Female,Rural,Secondary,Farmer,Single,No,147.9,53.1,24.3,NA,Moderate,Moderate,No,No,148,72,5.2,1.3,2.8,1.1,4,67,141,4.9,7,8.8,1,Yes,63,No,NA,NA,Normal,Hypertension
PHC-0387,Bugando PHC,2024-09-30,68,Male,Urban,Secondary,Professional,Married,No,178.4,95.8,30.1,Never,None,Low,No,No,127,95,4.9,1.67,2.1,2,5.9,92,139,5.1,14,1.9,1,Yes,58,No,NA,NA,Obese,Hypertension
PHC-0290,Kisesa HC,2024-01-18,55,Male,Rural,Primary,Farmer,Married,No,173.9,98,32.4,Former,None,Low,No,No,113,70,5.7,1.25,3.5,1.1,4.5,113,136,4.7,10,8.5,1,Yes,106,No,NA,NA,Obese,Normal
PHC-0879,Kisesa HC,2024-07-08,39,Male,Urban,Primary,Trader,Married,No,158.3,65.6,26.2,Never,None,Moderate,Yes,No,138,89,5.7,0.94,3.7,2.1,5.5,57,146,4.3,13,0.5,1,No,0,No,NA,NA,Overweight,Elevated
PHC-0849,Ilemela HC,2024-10-30,43,Female,Urban,Primary,Professional,Single,No,161.2,73.4,28.2,Never,None,Moderate,No,No,142,82,4.7,1.71,1.6,1.9,4.6,72,137,4.2,6,2.3,0,Yes,34,Yes,Poor,No,Overweight,Hypertension
PHC-0838,Nyamagana PHC,2024-05-12,41,Male,Urban,None,Farmer,Married,No,167.8,NA,NA,Never,Heavy,Moderate,Yes,Yes,145,90,5.1,1.39,2.7,2,7.4,83,145,4.5,6,20,2,Yes,107,No,NA,NA,NA,Hypertension
PHC-0054,Kisesa HC,2024-05-23,69,Female,Urban,Primary,Unemployed,Married,Yes,157.6,83,33.4,Never,Heavy,Low,No,No,139,86,5.7,1.02,3.9,3,6.7,108,136,5,11,3.9,1,Yes,102,No,NA,NA,Obese,Elevated
PHC-0735,Nyamagana PHC,2024-11-01,37,Female,Urban,Primary,Professional,Married,No,157.9,76,30.5,Former,Moderate,Moderate,Yes,No,134,74,6,1.22,3.3,2.3,6,78,139,4.3,11,12,1,No,0,No,NA,NA,Obese,Elevated
PHC-0596,Bugando PHC,2024-10-05,44,Female,Rural,Primary,Trader,Single,Yes,161.4,88.8,34.1,NA,Moderate,Moderate,No,No,155,102,5.8,2.04,2.4,2.7,4.8,91,137,3.9,9,NA,1,Yes,38,No,NA,NA,Obese,Hypertension
PHC-0801,Ilemela HC,2024-08-23,60,Female,Rural,Primary,Other,Widowed,No,150.7,55.9,24.6,Never,None,Moderate,No,No,114,106,5.3,1.77,2.4,0.7,6.2,83,138,4.5,9,5.3,0,Yes,35,No,NA,NA,Normal,Hypertension
PHC-1450,Kisesa HC,2024-09-07,59,Female,Urban,Primary,Farmer,Married,Yes,170.7,83.8,28.8,Never,Heavy,Moderate,No,No,185,75,4,1.42,1.2,1.4,5.3,88,150,3.1,7,0.9,0,Yes,95,Yes,Good,No,Overweight,Hypertension
PHC-0041,Buzuruga PHC,2024-11-21,59,Female,Urban,Primary,Farmer,Single,Yes,163.8,73.5,27.4,Never,Moderate,Moderate,Yes,No,152,99,6.2,1.27,NA,1.8,5.2,62,140,4.5,15,3.2,0,Yes,56,Yes,Poor,No,Overweight,Hypertension
PHC-0340,Kisesa HC,2024-05-25,54,Female,Rural,Primary,Farmer,Single,No,164.9,58.9,21.7,Never,Moderate,High,No,No,137,84,4.2,1.37,1.5,1.7,6.1,118,142,3.5,12,17,1,No,0,No,NA,NA,Normal,Elevated
PHC-0705,Nyamagana PHC,2024-06-19,68,Female,Urban,Secondary,Trader,Divorced,No,160,75,29.3,Former,None,Moderate,Yes,No,157,90,5.8,1.38,3.5,2.1,5.9,78,138,3.5,12,5.7,0,Yes,38,Yes,Good,No,Overweight,Hypertension
PHC-0875,Nyamagana PHC,2024-09-21,53,Male,Rural,Secondary,Unemployed,Married,Yes,164.8,62.5,23,Never,None,Low,Yes,No,159,82,3.9,1.61,1.4,1.4,7.3,84,141,4.2,NA,9.6,0,Yes,75,Yes,Poor,No,Normal,Hypertension
PHC-1122,Nyamagana PHC,2024-11-16,57,Male,Rural,Tertiary,Professional,Married,Yes,169.9,88.5,30.7,Never,None,High,No,No,162,94,5.7,1.34,2.9,1.1,6.7,95,139,4,10,24.3,1,Yes,94,Yes,Poor,No,Obese,Hypertension
PHC-1147,Ilemela HC,2024-06-17,60,Male,Urban,Primary,Other,Married,No,168.7,58.5,20.6,Never,None,Low,No,No,155,95,3.3,1.33,1.1,0.9,NA,97,138,4,13,5.5,0,Yes,50,Yes,Poor,No,Normal,Hypertension
PHC-0084,Kisesa HC,2024-02-22,69,Female,Urban,Primary,Trader,Widowed,No,164.4,71.3,26.4,Former,None,Moderate,Yes,No,176,83,4.3,0.93,2,0.9,6.6,80,141,4.6,9,2.3,0,Yes,103,Yes,Poor,No,Overweight,Hypertension
PHC-0116,Kisesa HC,2024-11-28,33,Female,Rural,None,Trader,Married,No,154,69.7,29.4,Current,Moderate,Low,Yes,No,157,75,4.6,1.65,1.7,2.7,6,86,137,4.5,9,14,0,Yes,43,Yes,Poor,No,Overweight,Hypertension
PHC-1159,Ilemela HC,2024-03-12,48,Male,Rural,Secondary,Farmer,Married,Yes,165.3,77.9,28.5,NA,None,Low,No,No,139,113,5.3,1.63,2.8,2.6,6.1,70,140,4.4,8,8.8,1,Yes,90,No,NA,NA,Overweight,Hypertension
PHC-1341,Ilemela HC,2024-01-11,30,Female,Urban,Primary,Trader,Married,No,157.8,62.5,25.1,Never,Heavy,Moderate,Yes,No,144,101,4.4,1.1,2.2,2.1,5.5,60,141,4.1,11,5.9,0,Yes,108,Yes,Poor,No,Overweight,Hypertension
PHC-1385,Ilemela HC,2024-07-05,80,Female,Rural,Secondary,Professional,Married,No,165.9,85.3,31,Never,Moderate,Moderate,No,No,150,79,5.9,1.94,3.4,1.8,4.5,98,136,3.2,18,7.4,1,Yes,80,Yes,Good,No,Obese,Hypertension
PHC-0770,Nyamagana PHC,2024-11-06,48,Female,Rural,Secondary,Professional,Married,No,163.6,58.9,22,Never,None,Moderate,Yes,No,96,95,5.7,2.07,2.9,1.8,5.7,85,134,4.6,6,7.5,0,Yes,78,No,NA,NA,Normal,Hypertension
PHC-1477,Kisesa HC,2024-03-10,87,Female,Urban,Primary,Farmer,Married,No,161.4,62,23.8,Never,Moderate,Low,No,No,151,109,4.8,0.67,3.2,0.4,4.5,109,138,4.1,8,0.2,0,Yes,62,Yes,Good,No,Normal,Hypertension
PHC-0271,Ilemela HC,2024-11-27,47,Female,Urban,Secondary,Professional,Married,Yes,161.6,75.4,28.9,Never,Moderate,Moderate,No,No,132,76,6.1,1.01,3.6,1.9,5.8,98,141,3.9,7,1.1,0,No,0,No,NA,NA,Overweight,Elevated
PHC-0926,Buzuruga PHC,2024-06-08,40,Female,Urban,Primary,Farmer,Divorced,No,156.2,72.1,29.6,Former,Moderate,Moderate,No,No,156,96,5.3,0.65,3.7,2.1,5.5,81,138,4.1,16,11.9,0,Yes,102,Yes,Poor,No,Overweight,Hypertension
PHC-1253,Kisesa HC,2024-07-22,36,Male,Urban,Primary,Unemployed,Married,Yes,166.9,84.5,30.3,Never,None,Moderate,Yes,No,147,95,NA,0.84,1.9,1.8,5.7,74,140,4.6,6,1.5,1,Yes,75,Yes,Poor,No,Obese,Hypertension
PHC-1418,Ilemela HC,2024-06-01,60,Female,Urban,Primary,Trader,Married,No,165.5,57.1,20.8,Former,None,Low,No,No,155,91,4.9,1.52,2.1,1.3,5.8,108,142,3.8,0,3.6,1,Yes,111,Yes,Poor,No,Normal,Hypertension
PHC-1264,Buzuruga PHC,2024-05-19,57,Female,Rural,Primary,Farmer,Single,No,159.6,73.3,28.8,Never,Moderate,Moderate,Yes,No,128,95,6,1.26,NA,2.4,4.8,61,141,3.8,10,6.2,0,Yes,66,No,NA,NA,Overweight,Hypertension
PHC-0378,Nyamagana PHC,2024-08-28,56,Male,Urban,Primary,Other,Single,Yes,178.2,85.8,27,Current,Heavy,High,No,No,127,87,5.5,1.34,2.7,2,5.5,71,137,5,14,5.4,0,Yes,115,Yes,Poor,Yes,Overweight,Elevated
PHC-1318,Kisesa HC,2024-10-17,44,Female,Urban,None,Farmer,Divorced,No,158.7,66.1,26.2,Former,None,Low,No,No,111,78,5.4,1.78,2.6,0.9,5.6,94,142,4.7,11,0.6,0,No,0,No,NA,NA,Overweight,Normal
PHC-0097,Buzuruga PHC,2024-02-23,22,Female,Rural,Secondary,Professional,Married,No,159.6,78,30.6,Never,None,Moderate,No,No,155,82,5.5,0.5,3.9,0.9,7,72,138,4.4,7,7.5,1,Yes,48,No,NA,NA,Obese,Hypertension
PHC-0698,Igoma HC,2024-06-30,44,Male,Urban,Secondary,Other,Married,Yes,163,62.3,23.4,Former,None,Moderate,Yes,No,150,72,5.3,1.58,2.7,3.3,4.9,87,136,4.3,14,2,0,Yes,81,Yes,Good,No,Normal,Hypertension
PHC-0701,Nyamagana PHC,2024-05-16,62,Female,Rural,Primary,Trader,Married,Yes,161.8,81.1,31,Never,None,High,No,No,163,110,6.5,1.6,4,3.2,5.7,69,137,3.7,13,5.1,2,Yes,32,No,NA,NA,Obese,Hypertension
PHC-1369,Buzuruga PHC,2024-01-26,66,Female,Rural,Secondary,Farmer,Widowed,No,152.9,65.7,28.1,Never,None,High,Yes,No,164,95,NA,1.36,4.2,2.1,5.2,89,143,4.4,11,5.2,1,Yes,70,Yes,Poor,No,Overweight,Hypertension
PHC-0559,Igoma HC,2024-03-28,57,Male,Rural,Secondary,Farmer,Widowed,No,165.2,47.8,17.5,Never,Moderate,Low,No,No,137,77,4.8,0.75,3,1.5,6.6,94,141,4.8,13,14,0,No,0,No,NA,NA,Underweight,Elevated
PHC-0049,Kisesa HC,2024-05-14,71,Male,Rural,Tertiary,Other,Married,No,164.2,55.8,20.7,Never,Moderate,Low,No,No,145,109,5.1,1.28,2.7,2,5.6,91,139,4,NA,6.1,0,Yes,42,Yes,Poor,No,Normal,Hypertension
PHC-1361,Nyamagana PHC,2024-05-30,37,Male,Urban,Secondary,Trader,Married,No,172,83.6,28.3,Former,Moderate,Low,No,No,132,87,7,1.25,4.8,1.6,5.6,84,142,4,11,1.9,1,No,0,No,NA,NA,Overweight,Elevated
PHC-1118,Buzuruga PHC,2024-09-10,63,Female,Rural,Primary,Farmer,Married,No,163.9,60.9,22.7,Never,Moderate,Moderate,Yes,No,121,75,NA,0.75,2.9,2.1,5.4,87,135,3.5,9,7.2,0,No,0,No,NA,NA,Normal,Normal
PHC-1135,Buzuruga PHC,2024-04-23,53,Male,Urban,Primary,Trader,Married,Yes,157.5,58.8,23.7,Never,None,Moderate,No,No,130,88,4.9,0.86,3,0.4,5.5,115,143,4,4,6.1,1,Yes,95,Yes,Good,Yes,Normal,Elevated
PHC-0154,Igoma HC,2024-09-18,60,Male,Urban,Secondary,Trader,Married,Yes,170.1,86.5,29.9,Former,None,Moderate,Yes,No,168,93,4.2,1.18,2.5,2,5.8,79,139,4.1,6,3,0,Yes,87,No,NA,NA,Overweight,Hypertension
PHC-0238,Ilemela HC,2024-06-21,38,Female,Urban,Primary,Unemployed,Married,No,161.3,60.7,23.3,Never,None,Low,Yes,Yes,128,93,5.4,1.5,2.9,1.3,8.5,86,140,3.5,7,6.4,1,Yes,11,Yes,Good,No,Normal,Hypertension
PHC-0055,Nyamagana PHC,2024-09-14,18,Female,Rural,Primary,Trader,Married,No,158.8,63.4,25.1,Never,Moderate,Low,No,No,115,83,7.7,1.02,5.5,1.2,6.9,99,142,4.3,11,43.6,2,No,0,No,NA,NA,Overweight,Elevated
PHC-0395,Igoma HC,2024-02-13,53,Female,Rural,Primary,Other,Divorced,Yes,154.5,46,19.3,Never,Heavy,High,Yes,No,112,84,4.5,1.92,NA,0.5,6.2,95,133,4.4,12,4.3,1,No,0,No,NA,NA,Normal,Elevated
PHC-0124,Kisesa HC,2024-01-20,43,Female,Rural,Secondary,Farmer,Widowed,No,162.4,53.7,20.4,Former,Moderate,Low,Yes,No,128,87,6.7,1.54,4.3,1,4.9,89,141,4.8,8,7.3,1,No,0,No,NA,NA,Normal,Elevated
PHC-0356,Bugando PHC,2024-06-19,60,Female,Urban,Secondary,Farmer,Married,No,158.7,61.8,24.5,Never,None,Moderate,No,No,133,74,6.2,1.13,3.9,0.5,5.2,84,139,4.8,13,0.7,0,Yes,84,Yes,Poor,Yes,Normal,Elevated
PHC-0432,Ilemela HC,2024-07-08,43,Male,Rural,Primary,Professional,Married,No,161.8,99,37.8,Never,None,Low,No,No,145,100,5.8,1.39,3.5,2.1,5.5,91,136,4.4,16,16.6,1,Yes,70,No,NA,NA,Obese,Hypertension
PHC-0135,Bugando PHC,2024-03-17,53,Female,Urban,Primary,Farmer,Married,No,158.5,70.5,28.1,Never,Moderate,Moderate,Yes,No,148,84,2.9,1.69,1,2.3,3.9,78,137,3.9,10,1.1,0,Yes,112,No,NA,NA,Overweight,Hypertension
PHC-0269,Ilemela HC,2024-11-26,43,Male,Urban,Secondary,Professional,Married,Yes,168.8,66.7,23.4,Never,Heavy,Moderate,Yes,No,150,91,5.9,2.08,2.6,1.8,5.7,103,135,3.6,10,0.6,0,Yes,20,Yes,Poor,No,Normal,Hypertension
PHC-0386,Ilemela HC,2024-05-11,40,Female,Rural,Secondary,Trader,Married,Yes,158.5,54,21.5,Never,None,Low,No,No,101,77,4.4,1.04,2.2,2.3,7.3,67,138,4.2,9,30.1,0,No,0,No,NA,NA,Normal,Normal
PHC-0098,Bugando PHC,2024-09-18,48,Female,Rural,Primary,Other,Widowed,No,161.8,73.2,28,Former,Heavy,Low,No,No,135,90,8.1,1.1,6.1,2.4,NA,54,139,3.7,NA,12.7,1,Yes,56,No,NA,NA,Overweight,Hypertension
PHC-0221,Bugando PHC,2024-07-23,35,Female,Rural,Tertiary,Professional,Married,No,159.1,69.3,27.4,Current,None,Low,No,No,165,61,4.8,0.73,3.1,2.4,4.2,81,140,3.9,15,6.8,0,Yes,106,No,NA,NA,Overweight,Hypertension
PHC-0042,Nyamagana PHC,2024-03-17,63,Female,Urban,Secondary,Trader,Married,No,155.5,49.7,20.6,Never,Moderate,Low,No,No,126,78,6.8,1.92,3.4,1.6,6.8,108,139,3.7,10,6.4,1,No,0,No,NA,NA,Normal,Normal
PHC-1011,Ilemela HC,2024-05-17,79,Female,Rural,Primary,Trader,Married,No,161.9,94.6,36.1,Never,None,Moderate,Yes,Yes,167,92,5.1,1.2,3,2.8,8,97,141,4.5,NA,8.2,2,Yes,113,Yes,Good,No,Obese,Hypertension
PHC-0657,Igoma HC,2024-05-06,44,Female,Urban,Tertiary,Professional,Married,No,154.5,57.5,24.1,Never,None,Low,Yes,No,141,91,5.8,1.37,3.2,1.2,6,76,138,4,15,3.1,0,Yes,87,No,NA,NA,Normal,Hypertension
PHC-1062,Bugando PHC,2024-02-03,92,Female,Rural,None,Trader,Married,No,162.7,85.8,32.4,Current,Heavy,Moderate,No,No,151,79,6.7,1.08,4,3.1,6.2,120,139,4,8,4.1,2,Yes,3,Yes,Poor,No,Obese,Hypertension
PHC-0505,Ilemela HC,2024-02-16,53,Female,Urban,Tertiary,Farmer,Single,No,155.3,57.4,23.8,NA,None,Low,No,No,122,85,7.6,0.88,5.9,0.4,4.9,95,140,4.9,11,2.8,1,No,0,No,NA,NA,Normal,Elevated
PHC-0830,Bugando PHC,2024-02-13,53,Male,Urban,None,Farmer,Divorced,No,173,NA,NA,Never,None,Low,No,No,162,92,4,1.56,1.2,1.4,6.6,117,142,4.3,13,9.5,0,Yes,1,No,NA,NA,NA,Hypertension
PHC-1464,Bugando PHC,2024-01-24,64,Male,Urban,Primary,Farmer,Single,No,171.1,80.8,27.6,Never,None,Low,No,No,145,83,4.3,1.19,2.3,2.4,5.3,111,139,4.6,3,0.2,0,Yes,6,No,NA,NA,Overweight,Hypertension
PHC-0789,Igoma HC,2024-03-17,52,Female,Rural,Secondary,Farmer,Single,No,161.1,68,26.2,Never,None,Moderate,No,No,129,89,3.7,2.04,1,1,5.3,89,138,4.7,9,11.4,0,No,0,No,NA,NA,Overweight,Elevated
PHC-0013,Igoma HC,2024-02-08,35,Female,Rural,Primary,Farmer,Married,No,149.4,84.9,38,Current,None,Moderate,No,No,131,90,5.7,1.28,3.5,3.3,5.8,101,143,4.2,10,6.1,1,Yes,14,No,NA,NA,Obese,Hypertension
PHC-0519,Ilemela HC,2024-03-05,51,Female,Rural,Primary,Other,Divorced,No,153.2,59.1,25.2,Never,None,Low,No,No,142,67,5.9,1.41,3.5,1.2,4.4,98,137,4.7,12,9.4,0,Yes,84,No,NA,NA,Overweight,Hypertension
PHC-1441,Bugando PHC,2024-06-27,38,Female,Urban,Primary,Farmer,Married,No,155.7,52.7,21.7,Current,None,High,No,No,138,90,4.4,1.32,2.6,0.8,5.2,77,140,4.6,6,NA,0,Yes,56,No,NA,NA,Normal,Hypertension
PHC-0604,Igoma HC,2024-09-22,38,Male,Urban,Primary,Farmer,Single,No,166.9,71.7,25.7,Never,None,Moderate,Yes,No,118,90,4.3,1.32,2.1,1.1,6.8,103,136,3.8,15,3.2,0,Yes,30,No,NA,NA,Overweight,Hypertension
PHC-0453,Nyamagana PHC,2024-05-30,41,Female,Urban,Primary,Farmer,Married,Yes,153.4,77.9,33.1,Never,None,Low,Yes,No,131,87,5.9,1.38,3.9,1,6.2,42,138,3.6,17,16.3,1,No,0,No,NA,NA,Obese,Elevated
PHC-0586,Igoma HC,2024-08-29,59,Male,Urban,Primary,Farmer,Married,Yes,171.4,NA,NA,Never,None,Moderate,No,No,134,95,5.4,0.85,3.2,1.5,5.2,61,136,4.7,9,0.4,0,Yes,3,Yes,Poor,No,NA,Hypertension
PHC-0782,Bugando PHC,2024-11-12,54,Female,Urban,Primary,Other,Married,No,153.2,68.1,29,Current,None,Low,Yes,No,118,92,5.9,1.36,3.4,2.1,4.6,99,137,3.8,8,6.3,0,Yes,73,Yes,Poor,No,Overweight,Hypertension
PHC-0684,Kisesa HC,2024-10-12,54,Male,Rural,Primary,Farmer,Married,No,165.3,52.1,19.1,Never,None,Low,No,No,160,83,5.1,2.11,1.7,1.4,5.2,90,140,4.1,6,18.7,1,Yes,66,No,NA,NA,Normal,Hypertension
PHC-0919,Bugando PHC,2024-01-17,82,Female,Urban,Primary,Unemployed,Married,Yes,160.1,69.3,27,Never,Moderate,Low,No,No,120,99,6.1,1.11,3.2,2,4.2,85,141,4.2,15,16.5,0,Yes,90,Yes,Good,No,Overweight,Hypertension
PHC-1326,Kisesa HC,2024-07-24,59,Male,Rural,Primary,Professional,Married,No,166,62,22.5,Former,None,Moderate,No,No,167,89,4.3,2.04,1,2,6.6,81,137,4.1,11,10.8,0,Yes,64,No,NA,NA,Normal,Hypertension
PHC-0667,Nyamagana PHC,2024-10-12,78,Male,Rural,Primary,Professional,Divorced,No,159.1,65.3,25.8,Never,None,Moderate,No,No,147,69,4.8,1.52,2.8,1.3,5.6,68,134,3.7,10,8.8,0,Yes,34,Yes,Good,No,Overweight,Hypertension
PHC-0947,Nyamagana PHC,2024-03-27,38,Male,Urban,Tertiary,Trader,Married,No,161.3,74.3,28.6,Current,Moderate,Moderate,No,No,159,91,5,1.33,2.7,0.8,5.4,53,141,3.9,8,3.5,0,Yes,81,No,NA,NA,Overweight,Hypertension
PHC-1443,Kisesa HC,2024-08-04,57,Female,Rural,NA,Other,Single,No,172.4,58.7,19.7,Never,Moderate,Low,No,No,125,92,NA,0.5,3.6,1.3,4.7,61,135,4.2,12,11.5,1,Yes,20,Yes,Good,No,Normal,Hypertension
PHC-1330,Kisesa HC,2024-03-12,58,Male,Rural,Primary,Trader,Divorced,No,177.9,80.8,25.5,Never,None,Low,No,No,166,107,6,0.79,4.2,2.4,5.4,101,147,3.7,14,4,0,Yes,1,No,NA,NA,Overweight,Hypertension
PHC-1144,Bugando PHC,2024-10-25,43,Male,Urban,None,Professional,Married,No,170.6,86.4,29.7,Former,Moderate,Low,No,No,144,76,6.9,1.63,4.8,1.5,4.5,73,137,3.6,18,3.6,1,Yes,58,No,NA,NA,Overweight,Hypertension
PHC-1347,Ilemela HC,2024-01-11,41,Male,Urban,Primary,Unemployed,Married,No,175.1,102.4,33.4,Never,None,Low,No,No,154,92,5.9,1.78,3,1.3,3.8,121,141,4.3,19,6.4,1,Yes,89,No,NA,NA,Obese,Hypertension
PHC-0896,Kisesa HC,2024-02-28,60,Female,Urban,Primary,Unemployed,Widowed,No,161,39,15,Never,None,Moderate,No,No,90,89,3.5,1.24,1.2,1.3,4.9,80,142,3.3,11,8.5,1,Yes,41,No,NA,NA,Underweight,Elevated
PHC-0225,Igoma HC,2024-07-09,70,Male,Rural,Primary,Professional,Widowed,No,192.6,132.8,35.8,Never,Moderate,Low,No,Yes,152,85,6.2,0.96,4,0.7,8.6,89,146,4,14,12.7,3,Yes,15,Yes,Poor,No,Obese,Hypertension
PHC-0337,Buzuruga PHC,2024-08-19,67,Female,Urban,None,Other,Married,No,161.9,54.3,20.7,Former,None,High,No,No,127,119,5.3,0.78,3.7,1.8,NA,88,142,4.8,8,1.7,0,Yes,92,No,NA,NA,Normal,Hypertension
PHC-0233,Kisesa HC,2024-07-06,57,Male,Urban,Secondary,Farmer,Married,Yes,165.4,79.4,29,Former,None,Moderate,No,No,153,82,8.3,1.37,5.5,1.5,6.1,69,137,4.3,12,5.4,1,Yes,69,Yes,Poor,No,Overweight,Hypertension
PHC-0818,Nyamagana PHC,2024-02-29,35,Male,Rural,Primary,Other,Married,No,172.7,77.1,25.9,Never,Moderate,High,No,No,119,65,5.1,1.64,2.6,2.5,4.8,81,142,4.1,13,13.9,0,No,0,No,NA,NA,Overweight,Normal
PHC-0983,Ilemela HC,2024-05-18,27,Male,Urban,None,Professional,Married,No,161.2,74.8,28.8,Never,Moderate,Low,Yes,No,129,81,5,1.55,2.5,1.5,5.8,41,141,4,11,NA,0,No,0,No,NA,NA,Overweight,Elevated
PHC-0688,Buzuruga PHC,2024-01-27,63,Female,Urban,Secondary,Trader,Married,No,164.8,69.6,25.6,NA,Heavy,Moderate,Yes,No,140,96,6.1,0.5,4,1.6,6.9,102,143,4.8,16,1.7,1,Yes,67,Yes,Good,No,Overweight,Hypertension
PHC-0741,Nyamagana PHC,2024-07-25,63,Female,Urban,Tertiary,Unemployed,Married,No,150.8,66.5,29.2,Never,Moderate,Low,Yes,No,171,116,6.3,1.02,4.4,2.1,3.8,69,139,4.3,10,2.5,1,Yes,44,No,NA,NA,Overweight,Hypertension
PHC-0954,Ilemela HC,2024-05-25,46,Female,Urban,Secondary,Farmer,Married,Yes,153.1,54.8,23.4,Never,Heavy,Low,No,No,116,86,5.1,1.1,2.9,1.6,5.2,81,141,4.2,11,0.9,0,No,0,No,NA,NA,Normal,Elevated
PHC-0298,Buzuruga PHC,2024-08-05,70,Male,Urban,None,Farmer,Married,No,170.5,55.8,19.2,Current,None,High,Yes,No,151,81,4,0.78,1.9,1.3,4.8,100,140,4.2,11,27.5,0,Yes,68,No,NA,NA,Normal,Hypertension
PHC-0861,Ilemela HC,2024-08-13,50,Male,Rural,Secondary,Unemployed,Married,No,169.1,75.3,26.3,Former,None,High,Yes,No,149,76,5.4,0.9,3.5,2.3,6.6,84,146,4.1,11,11.7,0,Yes,70,No,NA,NA,Overweight,Hypertension
PHC-1301,Nyamagana PHC,2024-03-17,33,Male,Urban,Primary,Trader,Married,No,165.6,55.7,20.3,Former,None,Low,Yes,No,106,104,4.3,1.47,1.5,1.1,4.1,80,137,5.3,10,2.9,0,Yes,114,Yes,Good,No,Normal,Hypertension
PHC-0863,Ilemela HC,2024-09-15,37,Male,Rural,Primary,Trader,Married,No,183.7,108.3,32.1,Never,None,High,Yes,No,132,80,4.1,1.81,1,2.2,NA,74,133,3.7,7,8.1,1,No,0,No,NA,NA,Obese,Elevated
PHC-0206,Igoma HC,2024-10-05,35,Male,Urban,Primary,Farmer,Married,No,163.9,64.1,23.9,Current,Moderate,High,No,No,146,105,5.3,0.94,3.8,1.5,5.1,56,138,5.1,7,2.1,0,Yes,8,No,NA,NA,Normal,Hypertension
PHC-0004,Igoma HC,2024-07-03,65,Male,Rural,Secondary,Other,Widowed,No,178.1,96.1,30.3,Former,Moderate,Moderate,No,No,135,86,6,1.27,3.9,3.3,4.9,79,134,3.7,7,19.3,2,No,0,No,NA,NA,Obese,Elevated
PHC-0719,Kisesa HC,2024-10-04,42,Female,Urban,Secondary,Other,Divorced,No,168.7,79.7,28,Never,None,Low,No,No,122,93,5.1,1.39,2.8,0.8,5.1,94,142,4.7,6,4.9,0,Yes,71,No,NA,NA,Overweight,Hypertension
PHC-0706,Kisesa HC,2024-01-24,57,Male,Rural,Tertiary,Trader,Widowed,No,164,72.2,26.8,Never,None,Low,No,No,169,62,3.7,1.4,1,1.8,6,60,143,4.4,13,21.8,0,Yes,77,Yes,Poor,No,Overweight,Hypertension
PHC-1496,Kisesa HC,2024-07-06,59,Male,Rural,Secondary,Farmer,Widowed,No,175.7,87.1,28.2,Current,None,Low,No,No,149,88,4.5,1.41,2,2.4,5.8,75,137,4.7,7,7,0,Yes,36,No,NA,NA,Overweight,Hypertension
PHC-1190,Bugando PHC,2024-02-10,52,Male,Urban,Tertiary,Professional,Married,No,160.7,48,18.6,Never,Moderate,Low,No,No,133,89,3.2,1.81,1,2.8,5.4,76,141,3.8,11,19.9,0,No,0,No,NA,NA,Normal,Elevated
PHC-0900,Nyamagana PHC,2024-06-25,67,Female,Rural,Primary,Unemployed,Married,No,159.9,75.7,29.6,Never,Moderate,Low,No,No,142,96,5.6,1.22,3.5,1.4,6.1,127,144,4.3,7,16.2,0,Yes,71,No,NA,NA,Overweight,Hypertension
PHC-1377,Buzuruga PHC,2024-06-28,33,Female,Urban,Primary,Trader,Married,No,162.7,52.9,20,Never,None,Low,Yes,No,94,100,7.1,1.33,4.9,0.9,4.4,68,139,4.1,8,4.2,2,Yes,69,No,NA,NA,Normal,Hypertension
PHC-0749,Kisesa HC,2024-03-12,62,Male,Urban,Primary,Farmer,Single,No,171.3,98.1,33.4,NA,None,Moderate,Yes,No,127,111,6.1,1.24,3.5,2.6,6,80,140,4.4,14,0.5,2,Yes,81,Yes,Good,No,Obese,Hypertension
PHC-1371,Kisesa HC,2024-09-10,34,Male,Urban,None,Unemployed,Widowed,Yes,171.3,72.5,24.7,Current,None,High,Yes,No,118,90,6.2,0.94,4,0.9,4.4,80,136,4.4,14,NA,0,Yes,52,No,NA,NA,Normal,Hypertension
PHC-0743,Bugando PHC,2024-07-15,49,Male,Urban,Primary,Professional,Married,Yes,172.2,102.9,34.7,Former,Moderate,High,No,No,157,68,6,1.23,3.7,3.1,5.5,81,141,4.5,0,1,1,Yes,31,No,NA,NA,Obese,Hypertension
PHC-0893,Igoma HC,2024-09-15,68,Male,Rural,Secondary,Farmer,Single,No,170.5,71.3,24.5,Former,None,Low,No,No,183,79,6.5,1.54,4.2,1.6,4.3,117,137,4.4,14,9.7,1,Yes,17,Yes,Good,No,Normal,Hypertension
PHC-0713,Bugando PHC,2024-11-14,68,Female,Urban,Secondary,Trader,Married,No,164.2,56.5,21,Never,None,Low,No,No,129,107,3.2,1.37,1.1,2.1,5.1,69,138,3.6,13,8.1,0,Yes,63,Yes,Poor,No,Normal,Hypertension
PHC-1493,Kisesa HC,2024-06-02,60,Female,Rural,Tertiary,Other,Married,No,153.7,35.4,15,Never,Moderate,Low,Yes,No,116,86,3.8,1.23,1.4,2,4.6,82,144,4.3,15,4.3,0,No,0,No,NA,NA,Underweight,Elevated
PHC-1226,Ilemela HC,2024-03-26,45,Female,Rural,Secondary,Other,Single,Yes,153.9,43.4,18.3,Never,None,Low,No,No,110,92,4.8,0.67,3.3,1.8,5.9,67,145,4.1,11,7.7,0,Yes,80,No,NA,NA,Underweight,Hypertension
PHC-1014,Nyamagana PHC,2024-06-22,59,Male,Rural,Secondary,Other,Widowed,No,169.9,64.3,22.3,Never,None,Moderate,No,No,149,119,6.5,1.52,3.5,1.7,4.2,76,141,4.3,9,5.8,1,Yes,109,Yes,Good,No,Normal,Hypertension
PHC-1065,Nyamagana PHC,2024-02-17,46,Female,Rural,Secondary,Farmer,Married,No,155,NA,NA,Never,Moderate,Low,Yes,No,142,98,5.4,1.51,2.8,1.1,6.4,66,136,4.2,9,10.7,1,Yes,69,No,NA,NA,NA,Hypertension
PHC-1178,Kisesa HC,2024-06-27,53,Male,Rural,None,Farmer,Married,No,177.6,84.9,26.9,Never,Moderate,Moderate,Yes,No,140,90,5.8,1.01,3.4,1.5,5.3,88,139,4.4,10,20.2,0,Yes,76,No,NA,NA,Overweight,Hypertension
PHC-1181,Kisesa HC,2024-01-14,54,Female,Urban,None,Farmer,Single,Yes,157.8,61.9,24.9,Current,None,Low,No,No,144,103,4.7,1.6,1.9,2.5,6.7,82,138,4.3,13,0.2,0,Yes,95,Yes,Poor,No,Normal,Hypertension
PHC-0902,Ilemela HC,2024-09-30,56,Male,Rural,Primary,Farmer,Married,Yes,175.3,76.1,24.8,Never,None,Moderate,Yes,No,134,76,5.1,1.28,2.3,2.4,4.8,55,136,4.7,8,5.1,1,No,0,No,NA,NA,Normal,Elevated
PHC-0158,Buzuruga PHC,2024-07-27,75,Female,Urban,Tertiary,Professional,Married,No,167.3,78.7,28.1,Never,None,Low,Yes,No,132,84,5,1.57,2.6,2.5,NA,114,141,4.9,9,2.3,0,No,0,No,NA,NA,Overweight,Elevated
PHC-1187,Nyamagana PHC,2024-10-04,80,Male,Rural,Primary,Professional,Single,No,182,99.6,30.1,Current,Moderate,Low,No,No,163,98,5.1,1.62,2.5,2.7,4.9,110,143,4.3,8,9.1,1,Yes,47,Yes,Good,No,Obese,Hypertension
PHC-1293,Buzuruga PHC,2024-04-20,34,Female,Urban,Primary,Unemployed,Married,No,161.7,NA,NA,Never,None,Moderate,No,No,142,91,5.8,1.63,3.3,1.1,4.8,77,138,4.8,7,2,0,Yes,93,No,NA,NA,NA,Hypertension
PHC-0463,Igoma HC,2024-08-08,41,Female,Urban,Secondary,Unemployed,Married,Yes,163.9,85,31.6,Never,Moderate,Moderate,Yes,No,139,69,6,0.64,4.5,2.2,7.4,75,148,4,11,3.6,1,No,0,No,NA,NA,Obese,Elevated
PHC-0141,Kisesa HC,2024-09-26,57,Male,Rural,None,Unemployed,Married,No,174.5,80.8,26.5,Former,None,Moderate,Yes,No,141,106,5.6,1.38,3.1,1.8,6.2,75,140,4.1,10,5.8,1,Yes,73,No,NA,NA,Overweight,Hypertension
PHC-0161,Kisesa HC,2024-03-29,49,Female,Rural,None,Other,Married,No,159.9,56.5,22.1,Never,None,Low,Yes,No,131,79,5.1,0.5,3.2,1.4,6.3,44,138,4.9,11,7.7,0,No,0,No,NA,NA,Normal,Elevated
PHC-0306,Ilemela HC,2024-10-16,65,Female,Urban,Primary,Unemployed,Married,No,158.1,52.9,21.2,Never,None,Low,No,No,122,74,6.1,1.36,4,1.3,6.6,67,140,4,9,4.9,0,No,0,No,NA,NA,Normal,Normal
PHC-1106,Nyamagana PHC,2024-08-05,53,Female,Urban,Tertiary,Professional,Married,No,164.8,NA,NA,Former,Moderate,Moderate,No,No,159,109,4.8,1.32,2.4,1.8,5,82,141,4.2,NA,0.3,0,Yes,72,Yes,Good,No,NA,Hypertension
PHC-1161,Igoma HC,2024-11-16,41,Female,Rural,None,Unemployed,Married,No,157.3,62.6,25.3,Never,None,Low,No,No,190,81,4.1,0.69,2.5,0.6,4.1,91,139,3.6,13,21.9,0,Yes,112,Yes,Good,No,Overweight,Hypertension
PHC-1468,Bugando PHC,2024-06-30,65,Female,Urban,Secondary,Trader,Married,No,165.4,68.5,25,Never,None,Moderate,No,No,163,88,4.7,1.32,2.3,3.1,5,100,137,4.6,16,2.7,0,Yes,16,No,NA,NA,Normal,Hypertension
PHC-0396,Nyamagana PHC,2024-07-07,50,Female,Rural,Secondary,Other,Divorced,Yes,150.5,61.1,27,Former,Moderate,High,Yes,No,120,95,5.1,1.39,NA,1.5,5.9,69,137,4.6,10,4.7,0,Yes,17,Yes,Good,No,Overweight,Hypertension
PHC-0810,Nyamagana PHC,2024-04-13,65,Male,Rural,None,Trader,Married,No,168.7,74.8,26.3,Former,None,Moderate,Yes,Yes,183,102,6.2,1.41,3.7,1.4,8.9,101,138,3.9,5,5.2,1,Yes,80,Yes,Poor,No,Overweight,Hypertension
PHC-0400,Bugando PHC,2024-01-22,30,Female,Urban,Secondary,Farmer,Married,No,157,72,29.2,Current,None,Moderate,No,No,116,95,4.9,1.97,1.4,1.8,5.8,95,139,3.9,14,28.6,0,Yes,73,No,NA,NA,Overweight,Hypertension
PHC-1009,Ilemela HC,2024-04-15,68,Male,Rural,None,Trader,Married,No,168.9,49.8,17.5,Former,None,High,Yes,No,133,78,3.9,1.03,1.4,2.5,6.6,86,138,3.2,6,10.1,0,No,0,No,NA,NA,Underweight,Elevated
PHC-1217,Nyamagana PHC,2024-05-19,61,Female,Urban,Secondary,Farmer,Married,Yes,145.3,58.1,27.5,Never,Moderate,High,No,No,137,85,7.8,1.12,5.4,0.6,4.2,75,140,4.3,7,2.8,1,Yes,78,Yes,Good,Yes,Overweight,Elevated
PHC-0654,Bugando PHC,2024-08-02,69,Female,Urban,Primary,Farmer,Single,No,164.2,91.3,33.9,Never,None,Low,Yes,No,164,85,5.1,1.09,3.1,1.4,5.7,59,141,4.2,9,2.5,1,Yes,87,No,NA,NA,Obese,Hypertension
PHC-1151,Kisesa HC,2024-11-29,84,Male,Urban,Primary,Other,Married,No,163.2,62.9,23.6,Never,Moderate,Low,No,No,138,88,4.1,1.45,1,2.2,5.2,98,140,4.2,7,6.5,0,No,0,No,NA,NA,Normal,Elevated
PHC-1379,Nyamagana PHC,2024-04-04,64,Male,Rural,None,Trader,Single,No,169.9,100.1,34.7,Never,None,Low,Yes,No,200,77,5.9,1.45,3.5,0.4,4.8,93,138,4.6,7,8,1,Yes,6,No,NA,NA,Obese,Hypertension
PHC-1029,Ilemela HC,2024-09-28,57,Female,Urban,Primary,Unemployed,Single,No,166.5,62.3,22.5,Current,None,Moderate,No,No,133,76,4.1,1.4,1.1,1.3,6.1,82,138,3.5,14,6,0,No,0,No,NA,NA,Normal,Elevated
PHC-1254,Kisesa HC,2024-08-01,73,Male,Urban,Primary,Trader,Widowed,No,176.3,60.3,19.4,NA,None,Moderate,Yes,No,149,92,NA,0.96,2.7,0.9,5.9,122,138,4.4,12,7.3,0,Yes,60,Yes,Poor,No,Normal,Hypertension
PHC-1407,Ilemela HC,2024-08-19,53,Female,Urban,Secondary,Professional,Married,Yes,166.3,92.4,33.4,Never,None,High,No,No,137,79,3.9,0.99,1.7,2.9,5.3,92,139,3.5,17,10.3,1,Yes,96,No,NA,NA,Obese,Elevated
PHC-0948,Kisesa HC,2024-01-31,62,Female,Rural,Secondary,Farmer,Widowed,No,174.2,53.9,17.8,Current,Moderate,Moderate,No,No,141,84,5.2,1.4,3,0.9,5.2,109,133,4.7,NA,7.9,0,Yes,90,Yes,Good,No,Underweight,Hypertension
PHC-0978,Ilemela HC,2024-08-11,73,Female,Rural,Secondary,Other,Married,No,162.7,77.7,29.4,Current,Moderate,High,No,No,157,80,5.8,1.42,3.3,2.1,3.2,97,142,3.9,16,NA,0,Yes,47,Yes,Poor,No,Overweight,Hypertension
PHC-1050,Igoma HC,2024-05-30,47,Female,Urban,Secondary,Unemployed,Married,No,164.1,78.2,29,Former,None,Low,No,No,129,92,3.9,1.69,1,0.5,6.4,80,139,4,5,0.2,0,Yes,68,No,NA,NA,Overweight,Hypertension
PHC-0458,Ilemela HC,2024-11-24,64,Female,Rural,Secondary,Unemployed,Married,No,157.8,NA,NA,Current,None,Moderate,No,No,118,96,5.4,1.19,3.6,0.8,5.3,100,142,4.2,11,6.8,1,Yes,109,No,NA,NA,NA,Hypertension
PHC-0531,Bugando PHC,2024-06-01,76,Male,Urban,Secondary,Farmer,Married,Yes,163.9,69.5,25.9,Never,None,Low,No,No,133,83,3.1,1.32,1,1.6,5,98,141,5,8,1.7,1,No,0,No,NA,NA,Overweight,Elevated
PHC-0479,Buzuruga PHC,2024-04-19,59,Female,Rural,Secondary,Farmer,Married,Yes,159,59.6,23.6,Never,None,Moderate,No,No,145,93,4.6,0.96,2.8,1.3,5.3,95,135,4.6,7,8.7,0,Yes,112,No,NA,NA,Normal,Hypertension
PHC-1158,Igoma HC,2024-07-14,53,Female,Urban,Primary,Unemployed,Married,No,158.7,65,25.8,Current,None,Low,No,No,118,59,6,1.49,3.6,1.1,6.3,79,139,4.2,15,12.2,0,No,0,No,NA,NA,Overweight,Normal
PHC-1387,Kisesa HC,2024-11-01,31,Male,Rural,Primary,Farmer,Married,Yes,169.3,73.2,25.5,Never,Moderate,Low,Yes,No,128,60,2.8,1.31,1,0.7,5.3,88,136,4.7,10,14.9,0,No,0,No,NA,NA,Overweight,Normal
PHC-0612,Bugando PHC,2024-02-26,42,Female,Urban,Primary,Farmer,Married,Yes,163.6,78.2,29.2,Never,None,High,No,No,122,84,4.2,1.64,1.1,2.1,NA,71,139,4.3,4,3.9,0,No,0,No,NA,NA,Overweight,Elevated
PHC-1218,Bugando PHC,2024-07-02,60,Female,Urban,None,Trader,Single,Yes,167,95.4,34.2,Never,None,Moderate,No,Yes,133,99,6.1,1.07,3.4,1.9,8.4,97,138,3.9,8,2.9,2,Yes,72,No,NA,NA,Obese,Hypertension
PHC-0348,Nyamagana PHC,2024-02-23,39,Male,Rural,Secondary,Trader,Widowed,No,171,87.7,30,Never,None,Moderate,Yes,No,121,85,5.7,1.79,2.7,2.3,5.3,109,144,4.2,7,4.4,0,No,0,No,NA,NA,Overweight,Elevated
PHC-0447,Bugando PHC,2024-09-08,46,Male,Urban,Secondary,Farmer,Married,Yes,164.3,60.5,22.4,Never,None,Low,No,No,132,88,3.6,1.33,1.1,1,5.5,58,132,4.5,16,0.4,0,Yes,19,No,NA,NA,Normal,Elevated
PHC-1349,Nyamagana PHC,2024-06-09,43,Female,Urban,Primary,Farmer,Married,No,151,71.3,31.3,Never,None,Low,Yes,No,125,87,6.3,1.51,3.9,1.9,NA,83,142,4.1,7,1.8,2,No,0,No,NA,NA,Obese,Elevated
PHC-0380,Bugando PHC,2024-09-17,61,Female,Rural,Primary,Trader,Married,No,164.5,95.8,35.4,Never,None,High,No,No,168,85,6.1,1.72,3.2,1.4,6,84,140,4.2,9,NA,1,Yes,112,No,NA,NA,Obese,Hypertension
PHC-1297,Nyamagana PHC,2024-01-22,43,Male,Rural,None,Professional,Married,Yes,176.4,61.6,19.8,Former,None,Low,No,No,141,81,4.5,0.93,1.9,1.7,4.4,104,142,4.1,13,4.4,0,Yes,71,Yes,Good,No,Normal,Hypertension
PHC-0888,Buzuruga PHC,2024-01-21,52,Male,Urban,Primary,Farmer,Widowed,Yes,166,70.2,25.5,Former,None,High,No,No,111,83,6.2,0.75,4.1,2.2,5.5,81,140,4.7,9,7.2,1,No,0,No,NA,NA,Overweight,Elevated
PHC-1086,Kisesa HC,2024-09-07,54,Female,Rural,Primary,Professional,Married,No,155.4,74.6,30.9,Never,Moderate,Low,Yes,No,118,87,4.7,1.13,2,1.6,5.2,65,135,3.4,9,NA,1,No,0,No,NA,NA,Obese,Elevated
PHC-0232,Bugando PHC,2024-04-06,45,Male,Urban,Tertiary,Farmer,Married,No,178.5,92.1,28.9,Current,Moderate,Low,No,No,172,81,4.6,1.16,2.1,0.4,4.9,87,142,3.6,10,5.3,0,Yes,98,No,NA,NA,Overweight,Hypertension
PHC-0383,Ilemela HC,2024-03-10,36,Female,Urban,Primary,Trader,Married,No,156.2,66.6,27.3,Never,None,Low,Yes,No,131,93,NA,1.14,1.5,2.3,4.8,99,138,3.9,6,21.5,0,Yes,98,No,NA,NA,Overweight,Hypertension
PHC-0673,Bugando PHC,2024-10-14,67,Male,Urban,None,Farmer,Divorced,No,166.4,84.4,30.5,Former,None,Low,Yes,No,145,83,4,1.52,1.3,1.1,6.5,117,136,3.4,12,6.6,1,Yes,106,Yes,Poor,No,Obese,Hypertension
PHC-0073,Ilemela HC,2024-10-30,44,Female,Rural,Primary,Farmer,Married,Yes,158,66.2,26.5,Never,None,Moderate,No,No,135,102,3.4,1.22,1,1.5,5.3,119,137,4.4,9,11.9,0,Yes,2,Yes,Poor,No,Overweight,Hypertension
PHC-0071,Nyamagana PHC,2024-01-16,68,Male,Rural,Primary,Trader,Married,Yes,167.1,65.8,23.6,Current,Moderate,Moderate,No,No,129,96,4.5,0.88,2.9,1.5,6,58,134,4.3,6,15.6,0,Yes,92,Yes,Good,No,Normal,Hypertension
PHC-0675,Nyamagana PHC,2024-04-29,48,Female,Urban,Primary,Farmer,Widowed,No,159.8,69.3,27.1,Never,None,High,No,No,144,94,5.3,1.3,3.1,1.8,4.7,101,136,3.7,8,1.3,0,Yes,110,Yes,Good,No,Overweight,Hypertension
PHC-0172,Ilemela HC,2024-07-10,67,Female,Urban,Secondary,Farmer,Divorced,No,156.5,59.2,24.2,Never,None,Moderate,Yes,No,130,78,7.4,1.48,5.1,2,5.2,76,144,5,8,0.2,1,No,0,No,NA,NA,Normal,Elevated
PHC-0169,Ilemela HC,2024-02-07,41,Male,Urban,NA,Trader,Widowed,No,174.9,90.6,29.6,Never,None,Moderate,No,No,188,89,5.6,1.15,3,1.6,5.6,90,137,4.4,5,2.5,0,Yes,91,No,NA,NA,Overweight,Hypertension
PHC-0494,Kisesa HC,2024-11-14,62,Female,Rural,None,Unemployed,Married,Yes,155.9,50.6,20.8,Never,Moderate,Low,Yes,No,128,91,4.2,1.64,1.5,1.2,6.1,75,134,4.5,7,NA,0,Yes,82,No,NA,NA,Normal,Hypertension
PHC-1079,Bugando PHC,2024-05-16,65,Male,Rural,Secondary,Unemployed,Married,No,158.8,54.8,21.7,Never,Moderate,Moderate,No,No,163,85,5.2,1.1,3.2,0.4,NA,134,140,3.8,13,4.3,0,Yes,42,Yes,Good,No,Normal,Hypertension
PHC-0563,Nyamagana PHC,2024-09-28,52,Male,Rural,None,Professional,Married,Yes,172.2,50,16.9,Former,Moderate,High,Yes,No,107,87,3.9,1.44,1.4,1.3,5.2,72,141,4.7,5,5,0,Yes,63,Yes,Poor,Yes,Underweight,Elevated
PHC-0273,Bugando PHC,2024-11-02,87,Male,Rural,Tertiary,Farmer,Widowed,Yes,170.7,93.7,32.2,Never,None,Moderate,No,No,123,98,3.9,1.48,1.5,2.2,5.6,121,140,3.5,13,20.4,2,Yes,106,Yes,Good,No,Obese,Hypertension
PHC-1238,Ilemela HC,2024-04-06,90,Female,Urban,Primary,Professional,Single,No,168.4,83.2,29.3,Never,Moderate,Moderate,No,Yes,143,95,5.9,1.83,2.9,2.1,7.5,86,142,3.9,13,18.3,1,Yes,104,Yes,Poor,No,Overweight,Hypertension
PHC-0421,Ilemela HC,2024-10-08,65,Female,Rural,Tertiary,Trader,Married,Yes,161.6,82.3,31.5,Current,None,Low,No,No,164,75,6.5,1.01,4,2.3,4.3,81,142,4,12,14.5,2,Yes,110,No,NA,NA,Obese,Hypertension
PHC-0095,Ilemela HC,2024-01-19,79,Female,Rural,Secondary,Other,Married,Yes,162,81.2,30.9,NA,Moderate,Moderate,No,No,180,87,4.1,1.22,1.8,2.8,6.1,70,138,4.4,12,7.5,1,Yes,97,Yes,Poor,No,Obese,Hypertension
PHC-1023,Kisesa HC,2024-11-20,46,Female,Rural,None,Farmer,Married,No,158,68.5,27.4,Never,Heavy,Moderate,No,No,142,69,5.7,1.58,3,1,4.5,89,142,4.8,5,6.3,0,Yes,52,Yes,Poor,No,Overweight,Hypertension
PHC-1193,Bugando PHC,2024-02-13,32,Male,Urban,Primary,Farmer,Married,No,176.4,60,19.3,Never,Moderate,High,Yes,No,162,80,5.9,0.89,3.9,2.2,4.7,58,137,4.5,5,8.2,1,Yes,71,Yes,Poor,No,Normal,Hypertension
PHC-0043,Bugando PHC,2024-07-27,45,Female,Rural,None,Other,Married,Yes,154.2,64.6,27.2,Never,None,Low,Yes,No,156,91,5.9,1.09,4.1,1.1,5.4,102,140,3.3,8,13.2,0,Yes,9,Yes,Good,No,Overweight,Hypertension
PHC-0057,Kisesa HC,2024-11-18,50,Female,Urban,Secondary,Farmer,Married,No,159,69.3,27.4,Current,None,Low,No,No,116,102,7.2,1.51,4.9,0.8,4.7,107,131,4.3,14,24.5,1,Yes,66,No,NA,NA,Overweight,Hypertension
PHC-1197,Bugando PHC,2024-11-04,90,Male,Urban,Secondary,Trader,Divorced,No,170.6,80.6,27.7,Former,Moderate,Low,No,No,172,90,6.8,1.37,NA,1.5,5.4,77,146,5,9,0.4,1,Yes,42,Yes,Poor,No,Overweight,Hypertension
PHC-0681,Kisesa HC,2024-05-12,52,Male,Urban,Secondary,Professional,Divorced,No,163.4,85,31.8,Former,Moderate,Moderate,Yes,No,180,75,5.8,1.57,2.9,2,6.7,89,139,4.7,15,4.7,1,Yes,36,Yes,Poor,No,Obese,Hypertension
PHC-0039,Bugando PHC,2024-06-06,57,Female,Rural,Primary,Trader,Single,No,153.9,53.4,22.5,Never,None,Moderate,No,No,143,96,4.6,1.74,1.6,2.1,6.2,88,134,4.6,8,4.3,0,Yes,79,No,NA,NA,Normal,Hypertension
PHC-0307,Ilemela HC,2024-11-18,29,Female,Urban,Secondary,Farmer,Married,Yes,161.4,62.7,24.1,Former,None,Moderate,No,No,110,93,6.4,1.26,3.9,0.4,6.5,80,143,4,10,3.2,1,Yes,111,No,NA,NA,Normal,Hypertension
PHC-0661,Nyamagana PHC,2024-09-05,69,Female,Rural,Tertiary,Trader,Married,No,160.2,80.3,31.3,Never,None,Low,No,Yes,127,82,5.4,0.86,3.4,1.7,8.3,98,140,4.7,10,6.4,3,No,0,No,NA,NA,Obese,Elevated
PHC-0618,Bugando PHC,2024-07-12,56,Male,Rural,Primary,Unemployed,Married,No,161.3,72.1,27.7,Never,Moderate,Low,No,No,134,78,5.5,1.33,3.2,2.5,6,84,140,4.2,NA,26.6,1,No,0,No,NA,NA,Overweight,Elevated
PHC-0409,Bugando PHC,2024-05-14,50,Female,Urban,Primary,Farmer,Single,No,158.7,42.9,17,Never,None,Low,No,No,118,95,4.7,0.92,2.7,1,4.4,70,143,4.4,5,1.7,0,Yes,48,No,NA,NA,Underweight,Hypertension
PHC-0167,Nyamagana PHC,2024-03-08,63,Female,Rural,Secondary,Professional,Single,No,155.6,61.5,25.4,Current,Moderate,Low,Yes,No,130,83,7.6,1.01,5.5,2.3,6.2,71,139,4.2,7,5.8,1,No,0,No,NA,NA,Overweight,Elevated
PHC-0535,Nyamagana PHC,2024-02-19,51,Female,Urban,None,Unemployed,Married,No,157.2,52,21,Current,None,Low,Yes,No,131,81,4.8,0.68,2.7,1.4,5.9,97,142,4.5,8,0.5,0,No,0,No,NA,NA,Normal,Elevated
PHC-0867,Kisesa HC,2024-09-14,58,Female,Urban,Primary,Unemployed,Married,No,169,50.6,17.7,Never,None,Moderate,No,No,118,74,4.1,1.34,1.9,2.1,6.3,89,139,3.4,8,5.2,0,No,0,No,NA,NA,Underweight,Normal
PHC-1425,Bugando PHC,2024-10-07,48,Male,Urban,Secondary,Professional,Single,No,166.1,75.2,27.3,Never,Moderate,Low,No,No,121,86,3.6,2.06,1,0.9,4.8,77,140,4.2,10,0.3,0,Yes,28,Yes,Poor,Yes,Overweight,Elevated
PHC-1068,Igoma HC,2024-11-22,46,Male,Rural,Secondary,Trader,Married,No,164.6,70.1,25.9,Former,Heavy,Low,No,No,160,94,5.4,1.47,2.6,2.7,5.8,66,129,4.8,13,4.7,0,Yes,22,No,NA,NA,Overweight,Hypertension
PHC-1415,Bugando PHC,2024-09-03,34,Female,Rural,Primary,Farmer,Widowed,No,158.8,64.4,25.5,Never,Moderate,High,No,No,124,91,4,1.73,1,2.8,6.9,72,140,4,8,11.6,0,Yes,3,No,NA,NA,Overweight,Hypertension
PHC-0694,Ilemela HC,2024-06-22,19,Male,Urban,Primary,Professional,Divorced,No,171.2,78.9,26.9,Current,None,Low,No,No,136,94,4.4,0.94,2.4,2.2,5.2,61,137,4.4,6,0.8,0,Yes,44,No,NA,NA,Overweight,Hypertension
PHC-0836,Igoma HC,2024-09-07,47,Male,Urban,Primary,Trader,Married,No,167,100.8,36.1,Never,Moderate,Low,Yes,No,162,83,5.8,1.27,3.3,1.6,5,50,140,4.3,8,4.7,1,Yes,29,Yes,Good,No,Obese,Hypertension
PHC-0317,Igoma HC,2024-02-04,51,Female,Rural,Primary,Farmer,Married,Yes,154.6,70.6,29.5,Never,None,High,No,No,137,70,6.1,0.77,4,1.2,4.3,108,145,4.1,8,14.6,0,No,0,No,NA,NA,Overweight,Elevated
PHC-0914,Nyamagana PHC,2024-06-10,45,Male,Urban,Tertiary,Trader,Married,Yes,160.8,85.9,33.2,Never,Moderate,Low,Yes,No,161,88,6.5,1.66,3.8,2.3,5.3,122,140,3.8,5,3.2,2,Yes,26,Yes,Poor,No,Obese,Hypertension
PHC-1288,Ilemela HC,2024-04-14,28,Male,Urban,NA,Unemployed,Single,Yes,168.7,56.8,20,Current,Moderate,Low,Yes,No,117,88,NA,1.29,1.8,0.4,7.4,112,137,4.6,13,9.5,0,No,0,No,NA,NA,Normal,Elevated
PHC-0517,Ilemela HC,2024-11-17,61,Female,Urban,None,Other,Married,No,152.9,38.5,16.5,Current,None,High,No,No,109,77,NA,1.34,2.1,3.1,4.8,89,137,4.5,13,8.9,0,No,0,No,NA,NA,Underweight,Normal
PHC-1449,Bugando PHC,2024-08-03,47,Female,Rural,None,Other,Single,No,163.1,73,27.4,Never,Moderate,Moderate,No,No,107,87,6,1.1,4.5,1.5,4.6,83,140,4.2,10,8.8,0,No,0,No,NA,NA,Overweight,Elevated
PHC-0534,Ilemela HC,2024-06-22,61,Female,Rural,None,Professional,Married,Yes,149.4,49.8,22.3,Current,None,Moderate,Yes,No,105,88,NA,1.03,2.5,2.7,3.3,89,132,3.4,8,9.2,0,No,0,No,NA,NA,Normal,Elevated
PHC-0653,Kisesa HC,2024-03-17,56,Male,Urban,Secondary,Trader,Married,No,172.1,108.6,36.7,Former,None,High,No,Yes,122,96,5.3,1.53,3.2,0.9,8.9,65,139,4.6,7,13,2,Yes,108,No,NA,NA,Obese,Hypertension
PHC-0876,Kisesa HC,2024-10-21,31,Male,Urban,Secondary,Unemployed,Divorced,Yes,169.6,112.6,39.1,Never,Moderate,Low,No,No,178,96,4.6,0.96,2.4,2.4,4.8,66,141,3.3,12,9.9,1,Yes,62,Yes,Good,No,Obese,Hypertension
PHC-1390,Buzuruga PHC,2024-12-01,39,Male,Rural,Primary,Professional,Single,Yes,165.2,96.5,35.4,Former,Moderate,High,No,No,138,73,7.4,1.27,4.6,3,NA,73,139,4.3,12,5,2,No,0,No,NA,NA,Obese,Elevated
PHC-0549,Igoma HC,2024-09-19,36,Male,Rural,Primary,Farmer,Widowed,No,166.6,58.3,21,Current,None,Low,No,No,142,74,NA,0.95,2,0.4,NA,83,135,4.6,6,7.7,1,Yes,32,No,NA,NA,Normal,Hypertension
PHC-0454,Igoma HC,2024-05-08,35,Male,Rural,Secondary,Professional,Single,No,161.6,76,29.1,NA,None,Moderate,No,No,129,82,6.1,1.53,3.1,3.3,NA,46,138,4.2,7,6.3,0,No,0,No,NA,NA,Overweight,Elevated
PHC-1223,Nyamagana PHC,2024-04-20,47,Male,Urban,Primary,Trader,Divorced,No,173,102.4,34.2,Never,None,Low,No,No,153,74,NA,1.23,3,2.3,4.9,95,145,3.1,12,3.4,1,Yes,106,Yes,Poor,No,Obese,Hypertension
PHC-0650,Igoma HC,2024-05-29,69,Female,Rural,None,Farmer,Married,No,162.8,64.7,24.4,Former,Moderate,Moderate,No,No,144,81,6.3,0.95,4.3,1.6,5,67,140,3.8,12,7.2,1,Yes,70,No,NA,NA,Normal,Hypertension
PHC-0571,Buzuruga PHC,2024-08-10,53,Male,Rural,None,Farmer,Single,No,168.2,95.7,33.8,Former,Moderate,Low,Yes,No,184,91,6.3,1.95,3.2,2.4,4.5,75,139,3,12,4.9,2,Yes,1,No,NA,NA,Obese,Hypertension
PHC-0643,Ilemela HC,2024-08-19,74,Female,Rural,Secondary,Trader,Married,Yes,162.1,65.6,25,Never,None,Low,No,No,143,100,6.2,1.42,3.8,2.6,4.1,115,135,4.7,16,7.9,0,Yes,98,No,NA,NA,Normal,Hypertension
PHC-0062,Bugando PHC,2024-02-27,50,Female,Rural,Primary,Farmer,Single,Yes,148.1,56.3,25.7,Current,None,High,No,No,148,83,4.8,1.23,2.6,2.7,5.4,79,141,4,2,9.1,0,Yes,97,Yes,Poor,No,Overweight,Hypertension
PHC-1035,Nyamagana PHC,2024-07-06,68,Female,Rural,Primary,Trader,Married,Yes,154,70.2,29.6,Current,None,Moderate,No,No,139,91,5.8,1.54,3,2.5,5.8,60,137,4.6,11,5.9,0,Yes,104,No,NA,NA,Overweight,Hypertension
PHC-0537,Nyamagana PHC,2024-03-03,41,Male,Rural,Primary,Trader,Divorced,No,169.5,98.4,34.2,Current,None,Low,No,No,151,77,4.6,1.07,1.8,2.9,5.5,96,142,4.9,5,4.4,1,Yes,105,No,NA,NA,Obese,Hypertension
PHC-1485,Buzuruga PHC,2024-09-22,46,Female,Urban,Secondary,Trader,Divorced,No,159.1,63.7,25.2,Never,Moderate,Low,Yes,No,159,106,2.8,1.81,1,1.6,5.7,62,141,4.4,13,1.9,0,Yes,55,Yes,Good,No,Overweight,Hypertension
PHC-1022,Kisesa HC,2024-05-19,18,Male,Rural,Primary,Other,Single,No,167.4,81,28.9,Never,Heavy,Moderate,No,No,164,65,5.1,0.94,3.1,1.7,5.3,55,145,3.7,9,5.4,0,Yes,40,No,NA,NA,Overweight,Hypertension
PHC-0245,Buzuruga PHC,2024-11-28,36,Female,Urban,None,Trader,Single,No,162.7,67.9,25.7,Never,Moderate,Moderate,No,No,90,79,5.9,0.7,3.7,0.7,7.3,49,142,4.2,11,3.6,0,Yes,55,No,NA,NA,Overweight,Normal
PHC-0026,Bugando PHC,2024-10-01,49,Female,Urban,Primary,Professional,Married,No,162.2,63.6,24.2,Never,None,Low,Yes,No,130,81,6.6,1.14,4.3,1.7,5.1,65,140,4,11,6.8,2,No,0,No,NA,NA,Normal,Elevated
PHC-0223,Bugando PHC,2024-07-03,68,Female,Urban,None,Trader,Married,No,162.8,72.4,27.3,Never,Moderate,Low,Yes,No,124,89,5.3,0.95,3,2.7,NA,115,145,4.4,5,3.2,0,No,0,No,NA,NA,Overweight,Elevated
PHC-1498,Buzuruga PHC,2024-08-16,38,Male,Rural,Primary,Other,Married,No,171.5,66.5,22.6,Never,Moderate,Low,Yes,No,122,66,4.7,0.93,2.8,1.6,6,70,137,4.3,7,4.9,0,No,0,No,NA,NA,Normal,Normal
PHC-0106,Ilemela HC,2024-02-24,74,Male,Urban,Primary,Trader,Married,No,176.6,95.5,30.6,Never,Moderate,Moderate,No,No,135,88,6.1,0.92,3.7,2.5,3.4,106,141,3.3,8,14.8,2,No,0,No,NA,NA,Obese,Elevated
PHC-0747,Bugando PHC,2024-08-09,42,Female,Urban,Tertiary,Professional,Married,No,166.1,82.9,30,Former,None,High,Yes,No,155,81,3.8,0.75,2.2,2.4,4.5,77,145,4.1,10,8.6,1,Yes,13,Yes,Poor,No,Overweight,Hypertension
PHC-0510,Bugando PHC,2024-04-04,63,Male,Urban,Primary,Professional,Single,No,162.2,68.1,25.9,Never,None,Low,No,No,127,78,5.5,1.62,3,1.5,5.4,106,140,3.9,8,4.8,0,No,0,No,NA,NA,Overweight,Normal
PHC-0132,Buzuruga PHC,2024-03-03,47,Male,Urban,Primary,Unemployed,Married,No,179.3,74.3,23.1,Never,None,Low,No,No,148,81,4.9,1.16,2.5,2,5.9,102,134,4.5,12,2.9,0,Yes,34,No,NA,NA,Normal,Hypertension
PHC-0445,Bugando PHC,2024-08-17,35,Male,Rural,Secondary,Trader,Married,Yes,172,76.4,25.8,Never,None,Low,No,No,132,74,5.4,1.56,3.3,3,6.5,66,133,4.5,13,7.7,0,Yes,3,Yes,Poor,Yes,Overweight,Elevated
PHC-1232,Buzuruga PHC,2024-09-03,39,Female,Rural,Tertiary,Trader,Married,No,156.9,64,26,Never,None,Moderate,No,No,143,96,5,1.24,2.6,0.9,5.4,50,140,5.4,14,12.5,0,Yes,50,No,NA,NA,Overweight,Hypertension
PHC-0509,Igoma HC,2024-02-25,52,Male,Urban,Primary,Farmer,Married,No,155.3,78.2,32.4,Current,None,Moderate,No,No,124,96,4.3,0.97,2,2.2,6,98,141,4.1,11,4.6,1,Yes,108,No,NA,NA,Obese,Hypertension
PHC-1499,Buzuruga PHC,2024-02-22,67,Female,Urban,Primary,Farmer,Married,No,160.1,46.7,18.2,Never,Moderate,Low,No,No,136,95,4.5,1.77,1.4,1,5.8,65,144,4.3,8,4.7,1,Yes,83,Yes,Poor,No,Underweight,Hypertension
PHC-0076,Igoma HC,2024-01-29,29,Male,Urban,Tertiary,Unemployed,Single,No,156.5,60.4,24.7,Former,Heavy,Low,No,No,152,84,6,1.72,3.7,0.7,6.2,100,142,3.8,7,8.6,0,Yes,24,No,NA,NA,Normal,Hypertension
PHC-0037,Ilemela HC,2024-03-15,49,Female,Rural,Secondary,Unemployed,Widowed,No,158,67.3,27,Never,None,Moderate,No,No,133,81,5,0.78,NA,3.2,5.5,85,136,4.7,8,9.3,0,No,0,No,NA,NA,Overweight,Elevated
PHC-1322,Nyamagana PHC,2024-05-31,53,Female,Rural,None,Unemployed,Married,Yes,164.2,57.3,21.3,Former,None,Moderate,Yes,No,127,90,4.5,1.5,NA,1.5,5.6,71,137,4.6,6,8.5,0,Yes,76,Yes,Good,No,Normal,Hypertension
PHC-0058,Ilemela HC,2024-05-01,44,Male,Rural,Tertiary,Trader,Married,No,175.6,66.9,21.7,Current,Moderate,Low,No,No,138,91,5,0.54,3.5,0.4,5.1,59,139,3.8,15,12.9,0,Yes,24,Yes,Poor,No,Normal,Hypertension
PHC-0197,Igoma HC,2024-09-18,41,Male,Rural,Primary,Unemployed,Married,No,169.5,95.2,33.1,NA,None,Low,No,No,154,100,NA,1.62,1.7,2.3,4.1,80,142,4.7,10,12.2,1,Yes,40,No,NA,NA,Obese,Hypertension
PHC-1241,Kisesa HC,2024-04-10,18,Female,Rural,Secondary,Professional,Divorced,Yes,150.8,61.6,27.1,Former,Moderate,Moderate,No,No,139,88,5.3,0.76,3.9,1.8,6.4,79,135,3.7,11,6.6,0,No,0,No,NA,NA,Overweight,Elevated
PHC-1398,Kisesa HC,2024-07-22,43,Female,Rural,None,Trader,Widowed,Yes,154.5,61.3,25.7,Former,Moderate,Low,No,No,143,83,5.4,2.04,2.3,2.3,4.9,72,138,4.6,4,24.2,1,Yes,62,No,NA,NA,Overweight,Hypertension
PHC-0841,Igoma HC,2024-06-07,47,Female,Rural,Primary,Unemployed,Married,No,153.5,88.8,37.7,Current,Heavy,Moderate,No,No,139,80,NA,1.97,2.6,2.6,4.7,65,138,4.5,14,5,1,No,0,No,NA,NA,Obese,Elevated
PHC-0665,Ilemela HC,2024-03-22,34,Female,Urban,Secondary,Farmer,Married,No,170.3,81.8,28.2,Current,None,Moderate,No,No,120,61,4.7,1.3,NA,1.2,6.4,52,137,3.6,12,14.8,0,No,0,No,NA,NA,Overweight,Normal
PHC-0478,Ilemela HC,2024-05-10,62,Female,Rural,Primary,Unemployed,Married,Yes,161.2,51.8,19.9,Never,Moderate,Low,Yes,No,126,75,5.8,1.24,3.5,1.3,5.8,87,137,3.8,NA,NA,0,No,0,No,NA,NA,Normal,Normal
PHC-0087,Kisesa HC,2024-09-14,50,Male,Rural,Secondary,Trader,Widowed,No,170.7,108.3,37.2,Never,None,Low,No,No,140,85,6.6,0.7,NA,3,5.4,98,141,3.6,6,6.1,3,Yes,87,No,NA,NA,Obese,Hypertension
PHC-0562,Nyamagana PHC,2024-06-19,73,Male,Rural,Primary,Farmer,Married,No,178.2,86.7,27.3,Never,None,Low,Yes,No,157,87,6.6,1.75,3.2,2,4.7,103,139,4.5,19,12,1,Yes,104,Yes,Good,No,Overweight,Hypertension
PHC-0335,Bugando PHC,2024-10-16,61,Female,Rural,Primary,Trader,Widowed,No,164.4,47.7,17.6,Former,Moderate,Low,Yes,No,143,96,6.4,1.68,2.9,1,5.4,93,138,4,12,15,1,Yes,67,Yes,Poor,No,Underweight,Hypertension
PHC-1034,Ilemela HC,2024-04-05,25,Female,Rural,Primary,Farmer,Divorced,Yes,161,82.7,31.9,Never,None,Low,No,No,128,71,6.5,2.08,3.3,1.7,6.7,57,147,3.6,10,21.6,3,Yes,17,No,NA,NA,Obese,Normal
PHC-1043,Bugando PHC,2024-08-01,62,Female,Urban,None,Trader,Married,No,160.5,49.4,19.2,Former,None,Moderate,No,No,125,93,4.3,1.05,2.7,0.4,5,76,150,4.5,14,7.9,0,Yes,32,No,NA,NA,Normal,Hypertension
PHC-0906,Kisesa HC,2024-03-02,29,Male,Urban,None,Unemployed,Widowed,No,168.3,74.5,26.3,Never,Heavy,Low,No,No,121,70,5,0.96,3.5,1.9,7.4,91,137,4.6,12,0.6,1,No,0,No,NA,NA,Overweight,Normal
PHC-1163,Bugando PHC,2024-09-06,18,Female,Urban,Primary,Unemployed,Married,No,163.1,69.8,26.2,Current,None,Moderate,Yes,No,150,74,6.4,1.06,4.8,2,4.9,61,139,4.1,14,7,1,Yes,98,No,NA,NA,Overweight,Hypertension
PHC-1168,Igoma HC,2024-09-20,58,Female,Rural,Tertiary,Farmer,Married,Yes,160.1,41.7,16.3,Never,None,Moderate,No,No,126,94,5.8,1.94,3.1,1.9,5.3,111,144,3.3,11,4.4,0,Yes,99,Yes,Poor,No,Underweight,Hypertension
PHC-0539,Kisesa HC,2024-01-23,40,Male,Urban,Primary,Unemployed,Married,No,170.6,88.2,30.3,Never,Moderate,Moderate,No,No,133,84,4.8,1.81,2,2.1,5.6,54,142,3.8,7,1.5,1,No,0,No,NA,NA,Obese,Elevated
PHC-1269,Nyamagana PHC,2024-11-23,61,Male,Rural,Primary,Farmer,Widowed,No,174.6,114.5,37.6,Former,None,Moderate,No,No,131,64,3.5,1.5,1,1.7,7,107,141,3.6,11,12,1,No,0,No,NA,NA,Obese,Elevated
PHC-0419,Buzuruga PHC,2024-03-03,46,Male,Urban,Primary,Other,Widowed,Yes,163.9,68.6,25.5,Never,Moderate,Low,No,No,164,66,5.3,1.35,2.4,0.9,5.9,59,136,4.3,11,2,0,Yes,21,No,NA,NA,Overweight,Hypertension
PHC-0952,Buzuruga PHC,2024-04-16,40,Female,Urban,Secondary,Unemployed,Married,No,165.4,67,24.5,Former,Moderate,Moderate,No,No,137,77,5.7,1.74,2.8,2,6.6,65,139,3.6,12,0.6,0,No,0,No,NA,NA,Normal,Elevated
PHC-1403,Ilemela HC,2024-04-28,46,Female,Rural,None,Other,Single,No,152.2,46.3,20,Never,Moderate,High,No,No,137,101,4.2,1.36,1.7,1.8,6.4,64,139,3.6,13,4.2,1,Yes,98,No,NA,NA,Normal,Hypertension
PHC-0993,Bugando PHC,2024-11-25,36,Female,Urban,Primary,Farmer,Married,Yes,160.3,68.2,26.5,Current,None,Moderate,No,No,115,74,4.3,0.85,NA,1.2,6.3,91,137,4.6,6,2.8,1,No,0,No,NA,NA,Overweight,Normal
PHC-0574,Kisesa HC,2024-04-30,55,Female,Rural,Primary,Farmer,Married,Yes,162.3,68.4,26,Never,None,Moderate,No,No,151,83,5.1,0.84,2.6,1.8,4.8,66,139,4.3,9,6.2,0,Yes,113,No,NA,NA,Overweight,Hypertension
PHC-0638,Bugando PHC,2024-07-30,52,Female,Rural,Primary,Trader,Married,No,157,86.4,35.1,Never,Moderate,High,Yes,No,153,89,4.2,1.05,2.5,3.2,7.2,109,144,4.3,19,10.5,1,Yes,13,Yes,Poor,No,Obese,Hypertension
PHC-1271,Nyamagana PHC,2024-10-14,49,Female,Rural,None,Trader,Single,Yes,162.6,88,33.3,Never,None,Moderate,Yes,No,166,85,NA,1.2,3,1.4,4.3,69,142,3.9,11,NA,1,Yes,36,Yes,Good,No,Obese,Hypertension
PHC-0333,Nyamagana PHC,2024-04-07,64,Male,Urban,Tertiary,Farmer,Married,No,173,82.7,27.6,Never,None,High,Yes,No,148,87,4.1,1.11,1.5,2.1,4.1,99,141,3.8,10,1,0,Yes,91,Yes,Good,No,Overweight,Hypertension
PHC-1213,Kisesa HC,2024-07-21,53,Female,Rural,Primary,Trader,Widowed,Yes,158.6,37.7,15,Never,None,Moderate,No,No,127,75,5.1,1.14,2.6,2.4,4.6,95,136,3.9,11,13.2,0,No,0,No,NA,NA,Underweight,Normal
PHC-0575,Bugando PHC,2024-11-14,70,Female,Rural,Primary,Trader,Married,No,154.1,52.1,21.9,Never,None,Moderate,No,No,153,87,6.6,1.04,4.4,2.1,4.8,98,141,3.9,11,7.3,1,Yes,71,No,NA,NA,Normal,Hypertension
PHC-1286,Buzuruga PHC,2024-01-12,43,Male,Urban,None,Professional,Married,No,178.9,66.9,20.9,Former,Moderate,Low,No,No,125,77,4.4,1.43,1.9,0.7,4.7,71,139,3.7,19,0.6,0,No,0,No,NA,NA,Normal,Normal
PHC-1098,Buzuruga PHC,2024-10-19,37,Male,Urban,Primary,Trader,Married,No,174.2,76.8,25.3,Current,None,Low,Yes,No,121,91,5.1,1.3,3.1,1.9,NA,91,140,4.7,7,15.1,0,Yes,15,Yes,Poor,No,Overweight,Hypertension
PHC-1243,Nyamagana PHC,2024-01-18,57,Female,Rural,Primary,Trader,Married,Yes,160.8,86.6,33.5,Never,None,Low,No,No,147,102,3.6,1.37,1.6,3.5,4.6,70,139,3.7,8,5.5,1,Yes,84,No,NA,NA,Obese,Hypertension
PHC-1367,Bugando PHC,2024-09-06,65,Female,Urban,None,Trader,Married,Yes,160.8,68.5,26.5,Never,None,Low,No,No,152,94,6.6,0.89,4.7,2.8,4.8,81,144,4.3,10,11.1,1,Yes,117,Yes,Poor,No,Overweight,Hypertension
PHC-1212,Bugando PHC,2024-08-24,47,Female,Urban,Primary,Unemployed,Married,No,156.7,71.3,29,Former,None,Moderate,No,No,167,77,4.5,0.95,NA,2.1,4.7,71,136,3.4,7,1.1,0,Yes,110,Yes,Poor,No,Overweight,Hypertension
PHC-1172,Bugando PHC,2024-01-30,49,Male,Rural,Primary,Farmer,Married,No,165.5,82.9,30.3,Never,Moderate,Low,Yes,No,141,97,7,1.26,4.2,1.4,4.9,57,138,4.3,11,4.9,2,Yes,22,No,NA,NA,Obese,Hypertension
PHC-1448,Nyamagana PHC,2024-11-25,56,Male,Rural,Secondary,Trader,Single,Yes,164.8,81,29.8,Never,Heavy,High,Yes,No,126,71,6.3,1.21,3.8,2.4,7,65,138,3.9,4,8.3,1,No,0,No,NA,NA,Overweight,Normal
PHC-0009,Nyamagana PHC,2024-01-21,69,Female,Rural,Primary,Farmer,Married,No,151.3,69.8,30.5,Current,None,Moderate,No,No,155,96,4.3,0.82,2.2,1.7,6.5,91,143,4,9,5.3,1,Yes,80,Yes,Good,No,Obese,Hypertension
PHC-0928,Ilemela HC,2024-05-22,42,Male,Rural,Primary,Unemployed,Married,Yes,167.7,84.9,30.2,Never,None,Moderate,No,No,160,69,5.8,0.99,3.4,2.2,4.5,55,140,4.5,7,21.5,1,Yes,16,Yes,Poor,No,Obese,Hypertension
PHC-1289,Bugando PHC,2024-02-19,32,Female,Urban,Secondary,Trader,Widowed,No,161.2,56.9,21.9,Never,Heavy,Low,No,No,131,98,4.5,1.32,2.4,0.6,6.1,91,141,3.3,9,2.3,0,Yes,65,No,NA,NA,Normal,Hypertension
PHC-1099,Ilemela HC,2024-05-27,44,Female,Rural,Secondary,Professional,Married,No,158.9,NA,NA,Never,Moderate,High,No,No,161,90,5.8,1.02,4.1,2.7,4.3,77,134,4,11,7.7,0,Yes,107,Yes,Poor,No,NA,Hypertension
PHC-1017,Bugando PHC,2024-10-10,52,Male,Rural,NA,Unemployed,Widowed,Yes,175.8,77.4,25,Never,Moderate,Low,Yes,No,141,73,3.3,0.92,1.3,2,6.9,106,140,3.7,11,16,0,Yes,82,No,NA,NA,Normal,Hypertension
PHC-1132,Nyamagana PHC,2024-03-09,70,Female,Urban,Secondary,Trader,Single,No,170.1,71,24.5,NA,None,Moderate,No,No,136,81,NA,1.2,2.4,1.8,6.3,79,138,4.3,12,3.7,0,No,0,No,NA,NA,Normal,Elevated
PHC-0756,Ilemela HC,2024-11-03,57,Male,Rural,Tertiary,Farmer,Single,Yes,178.9,78.8,24.6,Never,None,Low,No,No,152,80,4.3,1.35,1.9,2,4.3,95,141,4.8,11,22.9,0,Yes,74,Yes,Poor,No,Normal,Hypertension
PHC-0075,Nyamagana PHC,2024-05-26,49,Male,Urban,Secondary,Trader,Married,Yes,162.2,69.3,26.3,Former,None,Moderate,Yes,No,146,94,6.3,1.78,3.1,1.1,NA,70,134,5.4,13,NA,1,Yes,69,Yes,Good,No,Overweight,Hypertension
PHC-1331,Kisesa HC,2024-09-05,58,Female,Urban,Secondary,Trader,Single,No,160.3,62.7,24.4,Never,None,Moderate,Yes,No,125,81,3.8,1.45,1.3,2.5,5.6,92,137,4.1,7,2.6,1,No,0,No,NA,NA,Normal,Elevated
PHC-0523,Ilemela HC,2024-01-28,67,Female,Urban,Secondary,Farmer,Married,Yes,155.6,73.1,30.2,Never,None,Low,Yes,No,136,90,6.2,0.91,4,1.3,6.1,73,134,4.8,11,0.5,1,Yes,117,Yes,Good,No,Obese,Hypertension
PHC-0336,Ilemela HC,2024-01-29,44,Male,Urban,Tertiary,Farmer,Married,Yes,176.4,86.9,27.9,NA,None,Low,No,No,166,97,2.8,1.32,1,2.9,4.9,63,140,4.7,13,NA,0,Yes,8,Yes,Good,No,Overweight,Hypertension
PHC-0570,Buzuruga PHC,2024-10-07,41,Female,Urban,Primary,Unemployed,Married,No,150,72.7,32.3,Never,Moderate,Low,No,No,144,94,6.2,0.61,4.1,1.4,6.7,62,137,4.1,8,4.3,1,Yes,34,No,NA,NA,Obese,Hypertension
PHC-0591,Nyamagana PHC,2024-02-13,74,Female,Rural,Tertiary,Unemployed,Married,Yes,166,72.8,26.4,Never,None,Low,No,No,135,84,6.3,1.18,NA,1.9,3.2,99,137,4.1,12,NA,1,No,0,No,NA,NA,Overweight,Elevated
PHC-0089,Kisesa HC,2024-08-26,44,Male,Rural,Primary,Unemployed,Married,No,170.1,84.5,29.2,Never,None,Moderate,No,No,169,92,5.4,0.5,3.7,1.9,4.9,84,139,4.4,6,11.5,0,Yes,95,No,NA,NA,Overweight,Hypertension
PHC-0732,Buzuruga PHC,2024-10-03,47,Female,Urban,Secondary,Unemployed,Married,No,164.3,93.8,34.7,Never,Moderate,Moderate,No,Yes,171,77,5,1.51,1.9,4,8.1,73,139,3.5,12,0.2,2,Yes,81,Yes,Poor,No,Obese,Hypertension
PHC-0218,Ilemela HC,2024-07-09,69,Male,Rural,Primary,Professional,Married,No,176.5,74.3,23.9,Current,Moderate,Moderate,No,No,113,90,6.3,1.15,4.4,1.3,4.1,65,141,4.4,20,6.5,1,Yes,34,No,NA,NA,Normal,Hypertension
PHC-1027,Bugando PHC,2024-02-13,63,Female,Urban,Secondary,Farmer,Married,Yes,157.7,NA,NA,Current,Heavy,Moderate,No,No,132,89,4.3,1.13,NA,0.4,4.6,88,140,4.6,7,0.9,0,No,0,No,NA,NA,NA,Elevated
PHC-0174,Nyamagana PHC,2024-06-15,NA,Female,Rural,Tertiary,Trader,Widowed,Yes,154.4,77.9,32.7,Never,Moderate,Moderate,No,No,130,83,5.7,1.22,3.2,1.4,4.6,57,136,4.3,15,4.3,1,No,0,No,NA,NA,Obese,Elevated
PHC-1381,Nyamagana PHC,2024-04-19,46,Female,Urban,Primary,Trader,Single,No,154.9,46.4,19.3,Never,Heavy,Moderate,Yes,No,129,86,4.5,1.67,1.7,1.5,5.3,82,135,3.6,10,10.8,0,No,0,No,NA,NA,Normal,Elevated
PHC-0222,Ilemela HC,2024-02-25,25,Female,Rural,Primary,Farmer,Widowed,No,162.7,78.1,29.5,Current,None,Moderate,No,No,116,80,4.8,1.72,1.6,2.1,6.8,97,138,3.9,11,5.7,0,No,0,No,NA,NA,Overweight,Elevated
PHC-0320,Bugando PHC,2024-01-31,51,Female,Urban,Tertiary,Trader,Married,No,160.7,84.2,32.6,Never,Moderate,Moderate,Yes,No,147,83,5.3,1.22,2.8,1.2,5.4,92,138,4.9,NA,5.6,1,Yes,100,Yes,Good,No,Obese,Hypertension
PHC-1307,Kisesa HC,2024-03-08,61,Male,Urban,Primary,Trader,Single,No,167.7,88.2,31.4,Never,None,High,Yes,No,148,96,NA,1.2,NA,1.1,4.9,108,138,3.9,14,5,1,Yes,88,No,NA,NA,Obese,Hypertension
PHC-1343,Kisesa HC,2024-04-01,43,Female,Rural,Primary,Farmer,Divorced,No,160.1,60.1,23.4,Never,None,Low,No,No,117,81,5.5,0.57,3.9,2.2,5.4,109,144,4.9,10,27.6,0,No,0,No,NA,NA,Normal,Elevated
PHC-0798,Buzuruga PHC,2024-09-17,41,Female,Rural,None,Trader,Married,No,157.3,75.5,30.5,Former,Moderate,High,No,No,141,92,5.7,1.27,3.6,2.4,6.8,74,140,4.2,11,24,1,Yes,19,No,NA,NA,Obese,Hypertension
PHC-0267,Buzuruga PHC,2024-02-25,48,Female,Urban,None,Trader,Single,No,172.6,87.7,29.4,Former,None,High,Yes,Yes,179,101,6,1.02,4.1,0.8,8.6,54,146,4.3,12,1.6,2,Yes,1,Yes,Good,No,Overweight,Hypertension
PHC-0007,Igoma HC,2024-05-05,37,Female,Urban,None,Other,Married,No,165.6,78.2,28.5,Never,Heavy,Low,No,No,123,57,5.5,1.2,3.2,1.4,4.9,80,139,4.8,13,5,0,No,0,No,NA,NA,Overweight,Normal
PHC-0783,Nyamagana PHC,2024-02-23,52,Female,Urban,None,Unemployed,Married,No,164.2,97,36,Former,None,High,No,No,153,84,5.2,1.72,1.8,1.3,7,86,142,4.9,14,0.9,1,Yes,9,Yes,Good,No,Obese,Hypertension
PHC-0139,Buzuruga PHC,2024-09-22,55,Female,Urban,Secondary,Farmer,Single,No,156.5,70.8,28.9,Current,Heavy,Moderate,No,No,149,95,6.3,1.88,2.3,2.8,3.9,81,138,3.8,9,2.1,1,Yes,52,Yes,Poor,No,Overweight,Hypertension
PHC-0164,Nyamagana PHC,2024-01-31,55,Male,Urban,Primary,Professional,Married,Yes,166.3,69.9,25.3,Never,None,Moderate,Yes,No,133,80,3.5,1.36,1.3,2.3,5.2,109,137,4.3,6,0.2,0,No,0,No,NA,NA,Overweight,Elevated
PHC-1304,Bugando PHC,2024-02-17,49,Male,Rural,Primary,Trader,Single,Yes,159.9,70.9,27.7,Never,None,Moderate,No,No,152,71,6.3,1.54,3.8,1.4,3,78,147,4.6,10,7,2,Yes,93,No,NA,NA,Overweight,Hypertension
PHC-0595,Ilemela HC,2024-02-02,62,Female,Rural,Primary,Farmer,Married,No,162.9,75.9,28.6,Never,Moderate,Moderate,Yes,No,132,86,5,1.09,3.2,1.8,NA,88,141,3,7,17.6,1,No,0,No,NA,NA,Overweight,Elevated
PHC-1417,Nyamagana PHC,2024-10-19,71,Female,Rural,Primary,Trader,Married,No,156.3,57.7,23.6,Former,Moderate,Low,No,No,149,104,4.4,1.61,1.5,1.4,5.5,88,141,4.6,7,13.4,0,Yes,117,No,NA,NA,Normal,Hypertension
PHC-1325,Ilemela HC,2024-04-08,54,Female,Urban,None,Unemployed,Single,Yes,154.4,54.9,23,Never,None,Moderate,No,No,127,80,6.2,1.32,4.3,2,5.1,92,136,4.8,10,2.2,0,No,0,No,NA,NA,Normal,Elevated
PHC-1089,Bugando PHC,2024-04-30,53,Female,Urban,None,Trader,Widowed,No,173.5,85.9,28.5,Never,None,Low,Yes,No,104,93,4.4,1.58,1.7,1.2,3.1,82,142,3.6,15,7,0,Yes,59,No,NA,NA,Overweight,Hypertension
PHC-1427,Kisesa HC,2024-02-26,63,Male,Rural,Primary,Professional,Single,No,174.9,80,26.2,Former,None,High,Yes,No,159,93,5.5,1.36,3.3,3,4.7,83,145,4.1,10,NA,0,Yes,28,No,NA,NA,Overweight,Hypertension
PHC-0524,Bugando PHC,2024-11-30,21,Female,Urban,Secondary,Farmer,Married,No,158.9,90.3,35.8,NA,None,Low,Yes,No,168,90,4.3,1.3,2.1,2.6,6.1,67,133,4.2,12,6,1,Yes,30,Yes,Good,No,Obese,Hypertension
PHC-1348,Nyamagana PHC,2024-07-24,44,Male,Urban,Primary,Farmer,Married,Yes,170.8,67.8,23.2,Current,Heavy,Low,No,No,171,94,4,1.82,NA,1.3,4.5,61,138,3.1,2,13.8,0,Yes,62,No,NA,NA,Normal,Hypertension
PHC-1303,Nyamagana PHC,2024-08-13,67,Female,Urban,Primary,Trader,Single,No,158.3,68.5,27.3,Former,Moderate,High,No,No,136,93,5.2,1.41,NA,1.4,5,99,139,4.2,11,1.6,0,Yes,57,No,NA,NA,Overweight,Hypertension
PHC-0579,Bugando PHC,2024-11-24,66,Female,Urban,None,Trader,Divorced,No,165.8,82.8,30.1,Former,None,Low,No,No,133,99,4.5,1.58,1.5,1.9,3.4,85,136,3.4,8,6.4,1,Yes,12,No,NA,NA,Obese,Hypertension
PHC-0763,Igoma HC,2024-09-19,60,Female,Rural,None,Unemployed,Single,Yes,157,37,15,Former,Moderate,Low,No,No,104,80,6.5,1.28,4,1.2,4.2,91,144,4.7,11,6.8,1,No,0,No,NA,NA,Underweight,Elevated
PHC-0020,Ilemela HC,2024-09-29,70,Female,Urban,None,Trader,Married,Yes,152.1,64.5,27.9,Current,None,High,No,No,158,94,5.3,1.69,2.6,2.1,5.7,81,139,3.6,7,7.1,0,Yes,113,Yes,Good,No,Overweight,Hypertension
PHC-0692,Bugando PHC,2024-02-06,52,Male,Rural,None,Trader,Single,No,166.4,74.7,27,Never,None,Low,Yes,No,135,91,5.2,1.57,2.6,2.2,5.2,97,145,3.9,12,19.2,1,Yes,114,No,NA,NA,Overweight,Hypertension
PHC-0634,Ilemela HC,2024-02-27,57,Female,Urban,Primary,Unemployed,Married,No,161.7,83.1,31.8,Never,Moderate,Moderate,Yes,No,192,95,6.2,1.12,NA,1.8,4.7,73,140,4.5,13,1.5,1,Yes,96,No,NA,NA,Obese,Hypertension
PHC-0758,Buzuruga PHC,2024-11-15,45,Male,Rural,Primary,Other,Married,No,163.8,55.6,20.7,Former,Moderate,Moderate,Yes,No,152,84,4.7,1.35,NA,0.7,5.9,93,140,4.2,5,5.9,0,Yes,88,No,NA,NA,Normal,Hypertension
PHC-0619,Igoma HC,2024-10-26,51,Female,Rural,Primary,Unemployed,Widowed,Yes,164.2,69.9,25.9,Former,Moderate,Low,No,No,111,99,6.3,1.04,4,1.9,5.9,59,135,4.2,3,9.9,1,Yes,95,No,NA,NA,Overweight,Hypertension
PHC-0772,Kisesa HC,2024-09-09,30,Female,Urban,Primary,Unemployed,Single,No,159.7,87.4,34.3,Current,Moderate,Low,Yes,No,138,77,3.7,1.36,1.6,0.8,6.8,89,141,4.3,9,10.8,1,No,0,No,NA,NA,Obese,Elevated
PHC-0656,Ilemela HC,2024-01-26,43,Male,Rural,Primary,Farmer,Married,No,152.8,48.2,20.6,Never,None,Low,Yes,No,154,78,3.8,1.2,2,1.1,NA,65,140,3.7,8,21.4,0,Yes,69,No,NA,NA,Normal,Hypertension
PHC-0814,Ilemela HC,2024-06-29,47,Male,Rural,Primary,Professional,Married,Yes,167.9,83,29.4,Never,None,Moderate,No,No,159,99,5.1,1.43,2.3,1.3,6,66,136,3.9,8,9.4,1,Yes,26,No,NA,NA,Overweight,Hypertension
PHC-0745,Bugando PHC,2024-06-19,37,Female,Rural,Primary,Professional,Married,Yes,170.3,84.5,29.1,Current,Moderate,Low,Yes,No,150,111,4.9,1.42,2.8,1.6,5.4,108,137,3.5,9,4,0,Yes,111,Yes,Poor,No,Overweight,Hypertension
PHC-0138,Buzuruga PHC,2024-08-17,48,Female,Rural,Tertiary,Other,Married,No,149.6,46.9,21,Former,Moderate,Low,No,No,154,81,3.3,1.6,1,1.2,5.6,64,140,4.1,6,4.7,0,Yes,27,No,NA,NA,Normal,Hypertension
PHC-0558,Bugando PHC,2024-06-02,78,Female,Rural,Primary,Unemployed,Married,No,165.7,56,20.4,Never,None,Moderate,No,No,132,99,2.8,1.17,1,1.4,6.9,109,139,4.2,7,11.3,0,Yes,107,No,NA,NA,Normal,Hypertension
PHC-1229,Bugando PHC,2024-07-30,64,Male,Urban,Primary,Professional,Married,No,171.8,67.5,22.9,Never,None,Moderate,Yes,No,126,84,4.6,1.23,2.8,2,6.3,91,141,4.5,7,13.3,0,No,0,No,NA,NA,Normal,Elevated
PHC-0916,Nyamagana PHC,2024-08-01,46,Female,Rural,Tertiary,Other,Married,No,156.3,54.4,22.3,Current,None,Low,No,No,162,72,5.3,1.63,2.3,1.9,4.3,91,138,4.4,14,7.2,0,Yes,28,Yes,Good,No,Normal,Hypertension
PHC-0859,Nyamagana PHC,2024-07-21,78,Female,Rural,Primary,Farmer,Married,Yes,158.1,59.3,23.7,Former,Heavy,Low,Yes,No,165,92,3.7,1.81,1,1.8,4.8,59,143,3.2,4,9.9,0,Yes,27,Yes,Poor,No,Normal,Hypertension
PHC-0907,Igoma HC,2024-08-28,50,Female,Urban,Primary,Professional,Widowed,No,157.2,80.1,32.4,Never,None,Moderate,Yes,No,143,79,5.6,1.5,3.1,1.7,4.6,99,141,4,6,13.2,1,Yes,23,No,NA,NA,Obese,Hypertension
PHC-0369,Ilemela HC,2024-06-09,58,Male,Rural,None,Trader,Divorced,No,172.7,90.6,30.4,Never,Moderate,High,No,No,159,92,5.7,1.76,2.6,1.7,6.2,84,143,4.6,11,4.9,1,Yes,89,No,NA,NA,Obese,Hypertension
PHC-1412,Igoma HC,2024-10-22,41,Female,Urban,Tertiary,Unemployed,Married,No,159,68.5,27.1,Former,Moderate,High,No,No,108,90,4.4,1.59,1.8,2.4,6,80,141,4.2,17,1.4,1,Yes,94,No,NA,NA,Overweight,Hypertension
PHC-1183,Buzuruga PHC,2024-11-30,57,Male,Urban,Primary,Farmer,Married,Yes,173.3,77.8,25.9,Current,None,Low,No,No,105,70,4.6,1.74,2,1.6,4.3,51,134,4.7,7,0.8,0,No,0,No,NA,NA,Overweight,Normal
PHC-0328,Kisesa HC,2024-03-14,52,Male,Urban,Primary,Farmer,Married,No,159.2,60.4,23.8,Former,None,Low,No,No,126,103,4.7,1.19,2.2,2.1,6.4,95,138,3.5,5,27,0,Yes,115,No,NA,NA,Normal,Hypertension
PHC-0318,Bugando PHC,2024-06-06,52,Female,Rural,Primary,Farmer,Married,No,158.1,68.5,27.4,Former,None,Low,No,No,144,83,NA,0.77,4.2,0.4,5.8,122,136,4.8,10,19.2,1,Yes,31,Yes,Good,No,Overweight,Hypertension
PHC-1142,Bugando PHC,2024-08-12,47,Female,Urban,None,Unemployed,Married,No,159.3,68.8,27.1,Never,Moderate,Moderate,No,No,144,83,6,0.97,4.2,1.4,4.8,113,136,4.4,11,1.3,0,Yes,2,Yes,Good,No,Overweight,Hypertension
PHC-1107,Bugando PHC,2024-03-05,37,Female,Rural,Primary,Other,Married,No,166.5,85.8,30.9,Former,None,Low,Yes,No,141,87,5,1.13,2.8,1.7,6,66,139,4.2,12,9.7,1,Yes,37,No,NA,NA,Obese,Hypertension
PHC-0529,Igoma HC,2024-11-03,42,Female,Rural,Secondary,Farmer,Divorced,No,156.9,60.4,24.5,Never,None,Low,No,No,134,78,4.9,1.25,2.7,1.2,6.6,77,138,4.5,15,5.4,0,Yes,24,Yes,Poor,Yes,Normal,Elevated
PHC-0527,Kisesa HC,2024-08-08,44,Female,Rural,Primary,Unemployed,Married,Yes,159.4,86.8,34.2,Former,None,Moderate,No,No,171,91,4.8,1.18,2.1,2.8,4.1,110,140,4.4,11,4.7,1,Yes,96,Yes,Good,No,Obese,Hypertension
PHC-0088,Bugando PHC,2024-10-15,43,Female,Urban,Secondary,Trader,Married,No,161.1,77.9,30,Never,Moderate,Moderate,No,No,153,73,4.2,1.42,1.6,2.5,5.1,87,136,4,13,3.8,2,Yes,89,Yes,Poor,No,Overweight,Hypertension
PHC-0480,Bugando PHC,2024-02-17,61,Female,Urban,Secondary,Farmer,Married,No,155.9,67.8,27.9,Never,Moderate,Low,No,No,131,85,4.7,1.53,2.4,1.2,5.1,80,138,4.3,11,9.2,0,Yes,47,Yes,Poor,Yes,Overweight,Elevated
PHC-0339,Kisesa HC,2024-01-14,78,Female,Rural,Tertiary,Professional,Married,No,157.4,68.4,27.6,Never,None,Low,No,No,133,84,NA,1.69,2,2.2,5.8,93,143,4.1,15,5.7,0,Yes,69,Yes,Poor,Yes,Overweight,Elevated
PHC-1115,Ilemela HC,2024-03-05,47,Female,Rural,None,Unemployed,Married,No,159.4,63.8,25.1,NA,Heavy,Low,No,No,167,89,4.5,1.24,2.3,0.4,5.2,79,142,4.9,11,5.8,1,Yes,59,No,NA,NA,Overweight,Hypertension
PHC-0658,Ilemela HC,2024-06-06,74,Female,Urban,Tertiary,Other,Married,No,167.3,89.9,32.1,Current,Moderate,Moderate,No,No,171,86,4.9,1.19,2.5,2.1,5.1,74,145,3.8,15,24.3,2,Yes,8,Yes,Poor,No,Obese,Hypertension
PHC-0149,Ilemela HC,2024-09-17,35,Female,Rural,Secondary,Unemployed,Single,No,167.8,59.3,21.1,Current,None,Low,No,No,123,94,4.3,1.77,1.5,1.2,3.9,79,137,3.5,8,10.1,0,Yes,66,No,NA,NA,Normal,Hypertension
PHC-1225,Nyamagana PHC,2024-06-08,49,Female,Urban,Secondary,Professional,Single,No,154.7,44.1,18.4,Never,None,Moderate,No,No,108,87,6.5,1.99,3.4,1.6,4.7,82,137,4.2,8,7.1,1,No,0,No,NA,NA,Underweight,Elevated
PHC-1386,Kisesa HC,2024-06-03,45,Male,Rural,None,Farmer,Widowed,No,169.4,84.9,29.6,Never,Moderate,Moderate,Yes,No,163,96,6.8,1.42,4.6,2.8,5.7,100,142,4.5,6,4.5,1,Yes,13,Yes,Good,No,Overweight,Hypertension
PHC-0029,Igoma HC,2024-02-11,47,Male,Urban,Secondary,Trader,Single,No,176.7,91.1,29.2,Current,Moderate,Moderate,No,No,141,82,5.6,1.54,2.8,1.3,5,83,139,4.4,13,6,0,Yes,40,Yes,Good,No,Overweight,Hypertension
PHC-0247,Nyamagana PHC,2024-09-16,65,Female,Rural,Primary,Trader,Married,No,154.3,66.9,28.1,Current,Moderate,Low,Yes,No,141,77,3.3,2.07,1,2.2,6.1,110,138,4,NA,NA,1,Yes,65,No,NA,NA,Overweight,Hypertension
PHC-0366,Bugando PHC,2024-08-16,65,Female,Urban,Tertiary,Other,Married,Yes,158,75.7,30.3,Never,None,Low,No,No,133,64,NA,1.27,2.9,1.3,5.9,65,142,3.9,11,6,2,No,0,No,NA,NA,Obese,Elevated
PHC-0755,Ilemela HC,2024-01-31,65,Female,Rural,Secondary,Trader,Widowed,No,161.5,46.4,17.8,Current,Moderate,Low,Yes,No,134,85,5.3,1.55,2.5,3.2,5.2,56,135,4.5,9,13,0,Yes,102,No,NA,NA,Underweight,Elevated
PHC-1222,Kisesa HC,2024-08-25,50,Male,Urban,Secondary,Trader,Married,Yes,168.4,65.7,23.2,Never,Moderate,High,No,No,142,101,5.5,1.24,3.1,2.6,5.6,75,140,4.1,8,15,0,Yes,98,Yes,Good,No,Normal,Hypertension
PHC-1129,Bugando PHC,2024-01-27,60,Male,Rural,Primary,Professional,Single,No,165.6,69.4,25.3,Never,Heavy,Moderate,No,No,143,92,6,1.44,3.1,1.9,5.2,58,139,4.6,9,11.5,0,Yes,20,No,NA,NA,Overweight,Hypertension
PHC-0199,Ilemela HC,2024-05-20,54,Male,Rural,Primary,Farmer,Divorced,No,178.2,71.4,22.5,Never,Moderate,Moderate,No,No,139,85,4.8,1.41,2.7,1.7,NA,77,133,4.1,9,4.8,0,No,0,No,NA,NA,Normal,Elevated
PHC-1084,Nyamagana PHC,2024-04-08,39,Male,Urban,Primary,Trader,Widowed,Yes,170.5,92.6,31.9,Never,Moderate,Moderate,Yes,No,146,77,4,1.09,1.7,2.3,NA,58,143,4.5,10,3.4,1,Yes,92,Yes,Poor,No,Obese,Hypertension
PHC-0923,Buzuruga PHC,2024-07-24,62,Male,Urban,Primary,Trader,Married,Yes,169.4,58,20.2,Never,None,Low,Yes,No,136,101,6.8,1.9,3.4,2.4,6.6,74,139,4.3,12,7.8,1,Yes,59,Yes,Good,No,Normal,Hypertension
PHC-0405,Bugando PHC,2024-10-25,53,Female,Urban,Secondary,Trader,Married,No,155.2,78.9,32.8,NA,None,High,No,No,144,96,5.6,1.1,3.4,1.7,5.5,71,141,4.3,11,10,1,Yes,98,No,NA,NA,Obese,Hypertension
PHC-1063,Bugando PHC,2024-09-23,44,Male,Urban,Secondary,Trader,Married,No,178.1,100.7,31.7,Never,None,Moderate,No,No,145,85,5.7,1.13,3.4,2.5,3.7,99,138,4.4,17,NA,1,Yes,37,No,NA,NA,Obese,Hypertension
PHC-0484,Bugando PHC,2024-04-08,72,Male,Urban,Primary,Farmer,Single,No,177.6,86.5,27.4,NA,None,Low,Yes,No,164,80,NA,1.57,2.5,0.9,5.9,79,140,4.6,4,10.9,0,Yes,89,Yes,Poor,No,Overweight,Hypertension
PHC-0159,Ilemela HC,2024-12-02,37,Male,Rural,None,Trader,Widowed,Yes,171.2,91.8,31.3,Never,Moderate,High,Yes,No,150,73,4.4,1.43,1.9,1.5,4.9,49,138,3.4,10,4.5,1,Yes,35,No,NA,NA,Obese,Hypertension
PHC-0316,Bugando PHC,2024-01-08,54,Female,Rural,Secondary,Farmer,Married,No,169.2,70.3,24.6,Current,Moderate,Low,No,No,148,88,2.8,1.32,1,0.8,5.7,101,139,4.5,NA,7.3,0,Yes,40,No,NA,NA,Normal,Hypertension
PHC-0257,Buzuruga PHC,2024-05-31,54,Male,Rural,Primary,Unemployed,Divorced,No,151.4,60.2,26.3,Current,None,Low,No,No,138,99,4.6,1.51,2.1,1.7,6.3,108,141,4.3,10,11.7,0,Yes,92,No,NA,NA,Overweight,Hypertension
PHC-0008,Igoma HC,2024-09-28,47,Female,Rural,Secondary,Other,Widowed,No,169.2,76.6,26.8,Former,None,Low,No,No,148,88,3.9,1.42,1.1,2.2,5.2,60,140,3.9,14,5.2,0,Yes,51,Yes,Poor,No,Overweight,Hypertension
PHC-1191,Kisesa HC,2024-07-28,37,Female,Rural,Secondary,Professional,Widowed,Yes,162.8,93.2,35.2,Never,Moderate,Moderate,Yes,No,140,97,5.9,1.41,3.2,2.4,5.9,66,143,3.7,10,6.3,1,Yes,64,No,NA,NA,Obese,Hypertension
PHC-0385,Nyamagana PHC,2024-06-09,49,Female,Urban,Secondary,Professional,Widowed,No,158,53.6,21.5,Never,None,Moderate,No,No,121,67,5.6,0.91,3.3,1.9,3.8,58,135,4.8,9,22.7,0,No,0,No,NA,NA,Normal,Normal
PHC-0178,Igoma HC,2024-10-17,50,Female,Rural,Primary,Trader,Married,No,161.5,69,26.5,Never,None,Low,No,No,151,78,3.9,1.49,1.1,2.3,5,51,143,3.9,16,5.4,0,Yes,48,No,NA,NA,Overweight,Hypertension
PHC-1446,Nyamagana PHC,2024-11-08,64,Female,Urban,None,Unemployed,Widowed,No,154.2,61.3,25.8,Never,Heavy,Low,No,No,129,82,4.8,1.08,2.9,0.9,5.3,94,139,4.1,6,3.6,0,No,0,No,NA,NA,Overweight,Elevated
PHC-0315,Buzuruga PHC,2024-10-13,62,Male,Urban,Primary,Other,Married,No,176.2,90.7,29.2,Never,None,Low,No,No,141,78,6.8,1.3,4.3,2,5.2,53,136,3.8,15,NA,1,Yes,110,Yes,Poor,No,Overweight,Hypertension
PHC-0358,Buzuruga PHC,2024-09-05,48,Male,Urban,Tertiary,Farmer,Single,No,181.5,86,26.1,Never,None,Low,No,No,173,79,4.3,0.96,2.6,2.2,4.4,83,141,3.7,16,9.1,0,Yes,110,Yes,Good,No,Overweight,Hypertension
PHC-0299,Bugando PHC,2024-03-02,50,Male,Rural,Secondary,Farmer,Widowed,Yes,170.4,84.5,29.1,Never,Moderate,Low,No,No,140,76,6,1.03,3.9,1.7,4.9,90,140,3.9,13,16.3,0,Yes,9,Yes,Poor,No,Overweight,Hypertension
PHC-0456,Nyamagana PHC,2024-02-24,64,Female,Rural,Tertiary,Trader,Married,Yes,156.5,72.7,29.7,Never,Moderate,Low,Yes,No,135,97,5.4,1.39,3.1,1.4,5.2,66,139,4,16,11.1,0,Yes,50,Yes,Poor,No,Overweight,Hypertension
PHC-0544,Kisesa HC,2024-02-17,52,Male,Rural,Tertiary,Unemployed,Married,Yes,176.5,86,27.6,Never,None,Moderate,No,No,167,108,5.5,1.62,2.4,0.6,7.1,85,144,4.1,16,4.2,1,Yes,82,Yes,Good,No,Overweight,Hypertension
PHC-0663,Igoma HC,2024-09-22,51,Female,Rural,Primary,Professional,Single,No,170.8,73.9,25.3,Never,None,High,No,No,164,88,4.2,0.94,NA,0.7,3.8,80,136,3.8,8,6.9,0,Yes,40,No,NA,NA,Overweight,Hypertension
PHC-0597,Buzuruga PHC,2024-03-21,33,Male,Urban,Secondary,Unemployed,Married,No,165.3,45,16.5,Never,Heavy,Moderate,No,No,136,70,4.9,1.64,1.9,0.4,5.7,59,138,4.2,14,3.4,0,No,0,No,NA,NA,Underweight,Elevated
PHC-0899,Kisesa HC,2024-02-12,46,Male,Urban,Primary,Unemployed,Married,No,173.7,61,20.2,Former,Moderate,Low,No,No,114,86,3.8,1.3,1.2,1.7,6.5,72,136,3.7,11,3.7,0,No,0,No,NA,NA,Normal,Elevated
PHC-0965,Bugando PHC,2024-05-30,18,Male,Rural,Primary,Professional,Married,Yes,163,76.5,28.8,Never,Heavy,Low,No,No,158,79,5,1.26,2.5,2.4,5.8,60,136,3.8,6,5.6,0,Yes,82,No,NA,NA,Overweight,Hypertension
PHC-0528,Buzuruga PHC,2024-07-13,59,Male,Rural,None,Other,Single,Yes,165.4,96.3,35.2,Never,Heavy,High,Yes,Yes,133,72,5.2,0.56,3.3,2.3,9.4,104,139,4.5,9,5.7,3,No,0,No,NA,NA,Obese,Elevated
PHC-1351,Buzuruga PHC,2024-02-05,18,Male,Urban,Secondary,Trader,Single,Yes,168.2,67.2,23.8,Current,None,Low,No,No,98,86,4.2,1.17,1.5,1.2,5.3,93,135,4.2,NA,1.3,0,No,0,No,NA,NA,Normal,Elevated
PHC-0160,Igoma HC,2024-04-14,42,Female,Rural,Primary,Farmer,Married,Yes,158.2,67.6,27,Never,None,Low,No,No,178,91,5.5,0.77,2.9,2.6,6.1,78,136,4.5,13,NA,0,Yes,97,Yes,Poor,No,Overweight,Hypertension
PHC-0931,Nyamagana PHC,2024-01-17,44,Female,Rural,None,Unemployed,Married,No,164,97.6,36.3,Never,None,Low,No,No,147,77,6.1,1.52,3.5,2.3,6.2,74,135,4.5,9,8.8,1,Yes,111,Yes,Poor,No,Obese,Hypertension
PHC-0361,Igoma HC,2024-09-23,44,Female,Urban,Primary,Trader,Widowed,Yes,160.6,51.9,20.1,Never,None,High,Yes,No,122,79,6.1,1.24,3.4,1.5,5.9,65,139,4.2,12,14.1,0,No,0,No,NA,NA,Normal,Normal
PHC-1321,Buzuruga PHC,2024-01-24,43,Male,Urban,Tertiary,Trader,Married,No,167.6,NA,NA,Former,Heavy,Moderate,Yes,No,158,79,4.4,1.17,1.6,1.7,3.5,75,139,3.2,12,7.6,0,Yes,111,No,NA,NA,NA,Hypertension
PHC-0203,Kisesa HC,2024-11-07,53,Female,Rural,Primary,Professional,Single,No,159.9,90.2,35.3,Never,Moderate,Low,Yes,No,172,80,4.8,1.8,2.1,2.4,6.7,88,141,4.5,11,4.6,1,Yes,23,Yes,Good,No,Obese,Hypertension
PHC-1323,Ilemela HC,2024-01-19,59,Female,Urban,Primary,Unemployed,Married,No,156.8,63.9,26,Never,None,Low,No,No,137,108,4.3,1.67,1.4,2.1,6,82,141,4.4,8,1.8,0,Yes,69,No,NA,NA,Overweight,Hypertension
PHC-1466,Kisesa HC,2024-01-22,64,Female,Urban,Primary,Farmer,Divorced,No,154.2,57.1,24,Never,Moderate,Low,No,No,113,95,5.5,1.37,3.3,2.1,5.1,87,139,3.5,11,5.8,0,Yes,47,No,NA,NA,Normal,Hypertension
PHC-0113,Kisesa HC,2024-09-02,57,Female,Rural,Secondary,Professional,Married,No,167.9,103.5,36.7,Never,None,Moderate,No,No,156,80,5,1.69,2.2,1.7,5.1,68,141,4.4,9,5,1,Yes,115,No,NA,NA,Obese,Hypertension
PHC-0889,Nyamagana PHC,2024-07-03,39,Female,Rural,None,Professional,Married,Yes,165.5,76.2,27.8,Current,Heavy,Low,Yes,No,138,99,6.7,1.13,4.4,1.4,6.1,51,142,4.5,7,4.3,2,Yes,54,No,NA,NA,Overweight,Hypertension
PHC-0308,Nyamagana PHC,2024-09-02,47,Male,Rural,None,Trader,Single,No,166.4,64.3,23.2,Current,None,Low,Yes,No,150,68,5.3,1.28,3.2,2.1,4.5,96,137,4.1,NA,6.9,1,Yes,21,No,NA,NA,Normal,Hypertension
PHC-0894,Igoma HC,2024-07-16,60,Female,Urban,Primary,Farmer,Widowed,Yes,161.4,66.4,25.5,Never,Heavy,Low,No,No,116,78,5.2,1.89,2.2,2.2,3,73,137,3.7,10,5.9,0,No,0,No,NA,NA,Overweight,Normal
PHC-0423,Kisesa HC,2024-11-15,58,Male,Rural,Secondary,Farmer,Married,No,173.3,74.1,24.7,Current,Heavy,High,No,No,114,81,4.3,1.31,1.6,0.4,3.7,75,137,5.1,7,9.3,0,No,0,No,NA,NA,Normal,Elevated
PHC-1436,Ilemela HC,2024-02-20,56,Female,Rural,Primary,Other,Divorced,Yes,161.7,61.5,23.5,Former,None,Low,Yes,No,148,88,4.6,1.3,2.4,1.6,4.1,92,142,4.6,6,5.6,0,Yes,3,Yes,Poor,No,Normal,Hypertension
PHC-1110,Kisesa HC,2024-06-24,46,Male,Urban,Secondary,Trader,Married,Yes,166.2,69.7,25.2,Never,Moderate,Low,No,No,139,56,4.4,1.43,2.4,2.2,4.9,64,139,4.2,9,26.5,0,No,0,No,NA,NA,Overweight,Elevated
PHC-0944,Ilemela HC,2024-04-10,36,Female,Urban,Primary,Professional,Married,No,158.7,73.1,29,Never,None,Low,No,No,162,97,3.9,1.26,1.4,1.9,3.9,65,136,3.7,6,6.4,0,Yes,118,No,NA,NA,Overweight,Hypertension
PHC-0460,Nyamagana PHC,2024-06-29,68,Female,Rural,Secondary,Unemployed,Married,Yes,157.5,50.8,20.5,Never,Moderate,High,Yes,No,143,85,NA,1.61,1.7,0.8,5.5,85,137,3.4,10,8.5,0,Yes,97,Yes,Poor,No,Normal,Hypertension
PHC-0979,Buzuruga PHC,2024-11-26,64,Male,Urban,Primary,Unemployed,Married,No,172.9,82.4,27.6,Never,None,Moderate,Yes,No,117,97,6.6,1.36,4.8,1.6,4.8,107,135,4.8,10,0.7,1,Yes,84,Yes,Good,No,Overweight,Hypertension
PHC-1296,Igoma HC,2024-10-17,42,Male,Rural,Secondary,Unemployed,Married,No,170.9,57.1,19.6,Never,None,Low,Yes,No,133,60,4.9,1.63,2,1.8,NA,73,145,4.1,17,14.5,1,No,0,No,NA,NA,Normal,Elevated
PHC-0817,Ilemela HC,2024-06-20,63,Male,Rural,None,Unemployed,Single,Yes,165.6,77.3,28.2,Never,None,Low,No,No,157,76,6.3,0.61,4.2,1.3,4.9,89,138,4.6,8,5.9,1,Yes,73,No,NA,NA,Overweight,Hypertension
PHC-1094,Ilemela HC,2024-08-19,50,Female,Urban,None,Other,Married,Yes,161,48.5,18.7,Never,None,Low,No,No,153,97,5.8,1.27,3.7,1.6,5.6,72,135,4.3,10,7.4,0,Yes,18,No,NA,NA,Normal,Hypertension
PHC-0450,Nyamagana PHC,2024-02-24,62,Female,Rural,None,Trader,Married,Yes,158.5,45.3,18,NA,Moderate,Moderate,Yes,No,155,108,4.7,1.47,2.6,1.4,5.9,112,134,4.8,9,7.6,1,Yes,66,Yes,Good,No,Underweight,Hypertension
PHC-1174,Buzuruga PHC,2024-02-15,49,Female,Rural,NA,Trader,Married,No,156.6,58.8,24,Never,Heavy,Moderate,Yes,No,120,98,5.4,1.22,2.9,1.1,5,105,133,3.7,17,4.3,0,Yes,109,Yes,Poor,No,Normal,Hypertension
PHC-0680,Bugando PHC,2024-09-11,41,Female,Urban,Primary,Trader,Married,Yes,163.9,78.2,29.1,Never,None,Moderate,Yes,No,144,75,3,1.75,1,2.7,4.4,84,136,4.8,17,3.5,1,Yes,53,Yes,Good,No,Overweight,Hypertension
PHC-0693,Ilemela HC,2024-01-13,57,Female,Urban,Primary,Unemployed,Widowed,Yes,155.8,NA,NA,Never,Moderate,Low,No,No,121,91,5.4,2.04,2.1,1.9,6.2,100,140,4.2,9,3.6,0,Yes,75,Yes,Good,No,NA,Hypertension
PHC-0976,Ilemela HC,2024-10-04,41,Male,Urban,None,Unemployed,Single,Yes,172.2,117.1,39.5,Never,None,Moderate,No,No,163,86,6.6,1.73,3.8,2.8,5.2,121,140,4.4,9,1.6,2,Yes,56,No,NA,NA,Obese,Hypertension
PHC-0081,Nyamagana PHC,2024-02-06,54,Female,Urban,Tertiary,Farmer,Married,No,162.3,82.1,31.2,Never,None,Low,No,No,145,91,6,1.14,4.3,2.2,4.8,40,144,4,14,5.7,1,Yes,54,Yes,Poor,No,Obese,Hypertension
PHC-1310,Ilemela HC,2024-06-19,53,Female,Rural,Primary,Trader,Divorced,No,163.3,61.7,23.1,Former,None,Low,Yes,No,107,80,6.3,1.96,NA,1.1,6.7,78,138,4.1,2,14.8,1,No,0,No,NA,NA,Normal,Elevated
PHC-0987,Bugando PHC,2024-08-05,59,Female,Rural,None,Farmer,Married,Yes,161.8,61.5,23.5,Never,None,Moderate,No,No,111,88,5.5,1.49,3.1,2.4,4.9,98,139,3.8,7,6,0,No,0,No,NA,NA,Normal,Elevated
PHC-0778,Bugando PHC,2024-10-17,41,Male,Rural,Primary,Professional,Married,Yes,169.6,90.3,31.4,Never,None,Low,No,No,153,78,4.5,1.62,1.4,1.8,5.2,96,140,4.3,12,15.4,1,Yes,47,No,NA,NA,Obese,Hypertension
PHC-0216,Kisesa HC,2024-04-05,48,Male,Urban,Secondary,Unemployed,Single,No,171.7,74.7,25.3,NA,None,Moderate,No,No,155,94,3.3,1.84,1,2.5,4.6,54,137,4,NA,7.4,0,Yes,38,Yes,Poor,No,Overweight,Hypertension
PHC-0955,Nyamagana PHC,2024-05-12,62,Male,Rural,Secondary,Other,Married,Yes,163.2,84.8,31.8,Never,Moderate,Moderate,Yes,No,119,86,6.3,1.3,3.5,1.2,5.1,92,138,3.9,14,NA,2,No,0,No,NA,NA,Obese,Elevated
PHC-0031,Bugando PHC,2024-10-02,36,Male,Rural,Primary,Trader,Married,No,165.6,79.1,28.8,Never,None,Moderate,No,No,130,85,6,1.84,3.3,1.4,4.7,68,142,4.1,13,10.2,0,No,0,No,NA,NA,Overweight,Elevated
PHC-0243,Kisesa HC,2024-01-11,45,Female,Urban,None,Other,Married,Yes,163.9,76.4,28.4,Current,None,Low,No,No,124,112,4.7,1.3,2.3,2,5.8,110,137,4.5,6,0.9,0,Yes,53,No,NA,NA,Overweight,Hypertension
PHC-0984,Nyamagana PHC,2024-11-30,44,Female,Rural,Secondary,Unemployed,Divorced,Yes,165.1,55.5,20.4,Never,Moderate,High,No,No,116,81,3.9,1.8,1.2,1.7,NA,102,136,4.5,10,14.1,0,No,0,No,NA,NA,Normal,Elevated
PHC-0642,Bugando PHC,2024-05-14,78,Male,Rural,Tertiary,Professional,Single,No,162.5,74.7,28.3,Never,None,Moderate,No,No,147,92,8.3,0.98,NA,2.2,7.3,79,142,4.2,5,7.3,1,Yes,35,No,NA,NA,Overweight,Hypertension
PHC-0697,Bugando PHC,2024-08-11,65,Male,Rural,Secondary,Professional,Married,No,175.8,81.8,26.5,Current,None,Low,No,No,185,89,5,1.1,3,1.6,5.8,77,140,4.3,14,10.3,0,Yes,6,Yes,Poor,No,Overweight,Hypertension
PHC-0210,Igoma HC,2024-10-21,61,Male,Rural,None,Farmer,Widowed,No,180.9,101.9,31.1,Never,None,Low,No,No,151,67,5,1.47,3,3,5.6,55,140,3.4,11,5.3,1,Yes,67,Yes,Good,No,Obese,Hypertension
PHC-0831,Buzuruga PHC,2024-05-29,61,Male,Rural,None,Other,Married,No,165,72,26.4,Never,Moderate,Low,Yes,No,156,77,4.4,1.46,1.4,1.7,NA,119,136,3.5,11,5.3,0,Yes,94,No,NA,NA,Overweight,Hypertension
PHC-0771,Bugando PHC,2024-11-10,58,Male,Rural,None,Farmer,Divorced,No,168.7,98.6,34.6,Current,None,Moderate,No,No,155,85,6.6,1.28,4.6,2.4,5.1,100,139,4.6,7,10.1,2,Yes,25,Yes,Good,No,Obese,Hypertension
PHC-0753,Ilemela HC,2024-09-23,36,Female,Urban,None,Trader,Single,Yes,164.5,73.5,27.2,NA,None,Low,No,No,133,85,5.8,1.31,3.6,2.4,5.4,108,137,4.6,11,0.3,0,No,0,No,NA,NA,Overweight,Elevated
PHC-1306,Kisesa HC,2024-06-11,49,Female,Rural,Primary,Unemployed,Married,No,159.2,63,24.9,Never,Moderate,Moderate,No,No,174,63,4.1,1.39,1.4,1.4,6.5,57,139,4.8,10,5.5,0,Yes,48,No,NA,NA,Normal,Hypertension
PHC-0436,Nyamagana PHC,2024-07-13,39,Female,Rural,Secondary,Trader,Divorced,No,147.3,73.1,33.7,Former,Moderate,Moderate,Yes,No,161,70,5.9,1.14,3,1.8,6.2,62,135,4.3,13,25.8,2,Yes,79,No,NA,NA,Obese,Hypertension
PHC-1313,Ilemela HC,2024-08-18,77,Male,Rural,Secondary,Farmer,Married,No,164.6,70.4,26,Former,None,Moderate,Yes,No,169,96,5.6,1.09,3.2,2.8,5.6,75,137,4,13,4.1,0,Yes,51,Yes,Poor,No,Overweight,Hypertension
PHC-1405,Igoma HC,2024-09-01,92,Male,Urban,Primary,Farmer,Widowed,No,169.6,45.6,15.9,Never,Moderate,Low,Yes,No,111,91,4.1,1.75,1.2,0.4,6,60,141,4.3,5,0.4,0,Yes,93,Yes,Poor,No,Underweight,Hypertension
PHC-1095,Ilemela HC,2024-10-22,50,Female,Rural,Secondary,Professional,Married,No,156.9,51.6,21,Current,None,Low,No,No,121,80,7.1,0.93,4.9,1.1,5.8,79,141,4.7,10,6.7,1,No,0,No,NA,NA,Normal,Elevated
PHC-1368,Ilemela HC,2024-06-26,18,Male,Rural,Primary,Farmer,Married,Yes,176.3,76.9,24.7,Current,None,Moderate,Yes,No,132,83,4.1,1.51,1.1,1.5,4.7,99,140,4.4,17,13.2,0,Yes,96,Yes,Good,Yes,Normal,Elevated
PHC-0689,Nyamagana PHC,2024-03-18,34,Female,Rural,Primary,Other,Married,No,170.7,NA,NA,Never,Moderate,Moderate,No,No,130,87,4.5,0.82,2.1,2.3,4,69,136,3.7,8,18.7,1,No,0,No,NA,NA,NA,Elevated
PHC-0552,Bugando PHC,2024-04-25,69,Female,Urban,Primary,Trader,Single,No,160.5,73.7,28.6,Never,Moderate,Low,No,No,182,82,4.2,1.29,1.2,2.1,6.1,109,136,4.4,14,3.3,1,Yes,80,Yes,Poor,No,Overweight,Hypertension
PHC-0545,Ilemela HC,2024-02-05,79,Female,Rural,Primary,Trader,Married,No,165.7,42,15.3,Current,None,Low,Yes,No,164,83,NA,0.95,NA,1.3,4.6,100,139,4.4,11,4.2,1,Yes,82,No,NA,NA,Underweight,Hypertension
PHC-1045,Igoma HC,2024-07-21,61,Female,Rural,Primary,Professional,Single,Yes,165.1,82.2,30.2,Never,Heavy,Low,Yes,No,132,103,NA,1.36,3.5,1.6,5.6,116,138,3.6,NA,4.7,1,Yes,114,No,NA,NA,Obese,Hypertension
PHC-1052,Bugando PHC,2024-06-19,37,Female,Rural,Primary,Unemployed,Widowed,Yes,159.4,57.3,22.6,Never,Moderate,Low,Yes,No,101,92,3.6,1,1.6,1.4,5.9,75,141,3.9,7,7.4,0,Yes,32,No,NA,NA,Normal,Hypertension
PHC-0862,Kisesa HC,2024-07-05,25,Male,Urban,Primary,Other,Married,Yes,170,97.5,33.7,Never,None,Moderate,No,No,148,80,5.3,1.21,2.6,1,4.5,102,137,4.3,9,2.2,1,Yes,112,No,NA,NA,Obese,Hypertension
PHC-0994,Kisesa HC,2024-01-11,33,Male,Urban,Primary,Trader,Married,No,180.4,93.7,28.8,Current,Moderate,Low,No,No,120,80,4.1,1.16,1.6,1.7,7.2,48,137,4.8,5,1.8,0,No,0,No,NA,NA,Overweight,Elevated
PHC-0404,Buzuruga PHC,2024-09-08,54,Male,Urban,Secondary,Unemployed,Single,No,167.3,89.5,32,Current,None,Moderate,No,No,172,65,5.2,1,3.2,2,6.1,103,140,3.8,14,5,1,Yes,59,No,NA,NA,Obese,Hypertension
PHC-1481,Ilemela HC,2024-10-18,61,Male,Urban,Primary,Farmer,Single,Yes,161.6,61,23.4,Never,Moderate,Moderate,No,No,160,94,3.8,1.3,1.1,2.4,5.8,74,145,4.3,8,22.7,0,Yes,79,No,NA,NA,Normal,Hypertension
PHC-0363,Ilemela HC,2024-05-23,43,Female,Urban,Secondary,Trader,Widowed,Yes,165.1,66.9,24.5,Never,None,Low,No,No,152,93,6.3,1.39,4,1.1,4.1,71,138,4.3,7,8.1,1,Yes,15,Yes,Poor,No,Normal,Hypertension
PHC-0272,Kisesa HC,2024-01-24,55,Female,Urban,Primary,Trader,Married,No,156.6,62.8,25.6,NA,Moderate,Low,Yes,No,152,85,3.5,1.05,1.9,2.3,5.8,80,136,4.1,9,0.8,0,Yes,84,Yes,Good,No,Overweight,Hypertension
PHC-0467,Ilemela HC,2024-05-17,34,Male,Rural,Primary,Trader,Married,No,184.5,82,24.1,Never,Heavy,Low,Yes,No,137,73,6.4,2.1,3.9,2,4.9,40,135,4.3,6,NA,1,No,0,No,NA,NA,Normal,Elevated
PHC-1338,Ilemela HC,2024-06-25,23,Male,Rural,Primary,Other,Single,No,166.3,60.6,21.9,Never,None,Low,Yes,No,110,76,4.8,0.72,3,1.6,8,69,139,4.8,12,13,1,No,0,No,NA,NA,Normal,Normal
PHC-1276,Buzuruga PHC,2024-03-13,71,Female,Urban,None,Farmer,Married,No,153.9,61.3,25.9,Current,Moderate,Low,No,No,127,75,5.1,1.53,2.9,1.7,5.1,97,136,5,11,2.5,0,No,0,No,NA,NA,Overweight,Normal
PHC-0937,Igoma HC,2024-09-30,52,Male,Rural,Primary,Professional,Divorced,Yes,178,97.1,30.6,Never,Moderate,Moderate,Yes,No,109,110,4,1.34,NA,1.7,8.3,85,138,3.5,10,5.9,1,Yes,22,No,NA,NA,Obese,Hypertension
PHC-0278,Bugando PHC,2024-05-28,56,Female,Rural,Tertiary,Trader,Married,No,158,NA,NA,Current,None,High,Yes,No,163,85,4.9,1.83,2.1,1.7,5.7,88,133,4.2,13,7.6,0,Yes,26,Yes,Poor,No,NA,Hypertension
PHC-1336,Bugando PHC,2024-04-17,47,Male,Urban,NA,Unemployed,Married,Yes,164.2,78.4,29.1,Never,None,Moderate,No,No,117,91,4.7,1.17,2.6,1.8,4.9,93,140,3.7,10,11.8,0,Yes,71,Yes,Poor,No,Overweight,Hypertension
PHC-1495,Bugando PHC,2024-10-04,56,Male,Rural,Primary,Farmer,Married,Yes,171.3,67.5,23,Never,None,High,No,No,132,93,NA,0.77,2.6,0.5,NA,111,142,4.1,8,33,0,Yes,25,No,NA,NA,Normal,Hypertension
PHC-0961,Igoma HC,2024-08-18,68,Male,Rural,Tertiary,Unemployed,Married,No,164.8,85.9,31.6,Current,None,High,No,No,139,88,3.4,0.97,1.6,1.5,4.7,81,137,3.1,9,6.5,1,No,0,No,NA,NA,Obese,Elevated
PHC-0442,Ilemela HC,2024-04-23,51,Male,Urban,Secondary,Unemployed,Widowed,No,166.3,86.1,31.1,Never,None,Moderate,No,No,139,95,6.6,1.2,4.5,1.7,7.1,74,137,4.9,7,3.8,2,Yes,68,No,NA,NA,Obese,Hypertension
PHC-1199,Igoma HC,2024-04-08,62,Female,Rural,Secondary,Other,Married,Yes,159.5,49,19.3,Never,None,Moderate,Yes,No,133,87,5.6,1.72,2.8,1.3,3.6,60,137,4.4,14,NA,0,No,0,No,NA,NA,Normal,Elevated
PHC-0787,Kisesa HC,2024-10-26,38,Female,Rural,Secondary,Farmer,Married,No,166.7,53.6,19.3,Current,Moderate,Moderate,No,No,90,64,4,1.98,1,3.1,6.2,79,138,4.4,15,4.4,0,No,0,No,NA,NA,Normal,Normal
PHC-1153,Buzuruga PHC,2024-02-20,34,Male,Urban,Primary,Unemployed,Married,No,166.1,75.1,27.2,Never,None,Low,Yes,No,114,89,4.9,1.11,2.7,2.2,5.1,93,142,3.8,12,8.9,0,No,0,No,NA,NA,Overweight,Elevated
PHC-0443,Kisesa HC,2024-10-23,68,Female,Urban,Primary,Farmer,Single,No,156.8,83.3,33.9,Never,None,Low,No,No,131,71,7.2,0.98,5,2.1,5.2,75,141,4.8,1,8,3,No,0,No,NA,NA,Obese,Elevated
PHC-0300,Igoma HC,2024-11-26,74,Female,Urban,None,Trader,Single,No,152.5,80,34.4,Never,Moderate,Low,Yes,No,165,101,3.9,1.03,2.4,1.2,5.7,102,141,4.2,4,4.8,1,Yes,23,No,NA,NA,Obese,Hypertension
PHC-1184,Bugando PHC,2024-02-01,33,Female,Urban,None,Trader,Widowed,Yes,159.6,68,26.7,Never,Moderate,Low,No,No,143,89,3,1.83,1,1.9,6.5,81,140,3.6,7,4,1,Yes,4,No,NA,NA,Overweight,Hypertension
PHC-0376,Bugando PHC,2024-09-13,41,Female,Rural,Primary,Trader,Widowed,Yes,158,74.9,30,Never,None,Low,Yes,No,168,72,5,0.56,3.4,2.3,6.2,73,137,5.1,12,5.1,1,Yes,75,No,NA,NA,Overweight,Hypertension
PHC-1090,Nyamagana PHC,2024-04-15,61,Female,Urban,NA,Professional,Married,Yes,152.4,66.6,28.7,Never,None,Low,No,No,150,95,3.6,1.1,1.1,2.5,4.2,74,136,3.9,9,NA,0,Yes,89,Yes,Poor,No,Overweight,Hypertension
PHC-1121,Bugando PHC,2024-06-07,44,Female,Urban,Primary,Farmer,Married,No,154.6,64.4,26.9,Never,None,Low,No,No,159,67,6.1,0.72,4.5,1.3,5.4,86,137,4.3,13,4.4,0,Yes,81,No,NA,NA,Overweight,Hypertension
PHC-1353,Kisesa HC,2024-04-27,72,Male,Urban,Tertiary,Unemployed,Widowed,No,173.3,75.2,25,Never,None,Low,No,No,131,88,4.6,1.62,1.9,2.1,5.7,100,139,4.4,13,0.2,0,No,0,No,NA,NA,Normal,Elevated
PHC-1370,Kisesa HC,2024-10-17,54,Female,Urban,Primary,Unemployed,Married,Yes,164.2,82.5,30.6,Never,Moderate,Low,Yes,No,137,75,4.7,1.72,1.5,1.1,5.7,76,133,4.1,13,1.2,1,No,0,No,NA,NA,Obese,Elevated
PHC-0473,Ilemela HC,2024-07-14,53,Female,Rural,Tertiary,Trader,Married,No,154.8,71.5,29.8,Never,None,High,No,No,161,82,6.6,1.35,4,2.5,5.5,97,140,4.2,10,18.8,1,Yes,22,No,NA,NA,Overweight,Hypertension
PHC-0564,Bugando PHC,2024-04-30,62,Female,Urban,Primary,Farmer,Married,No,164.1,71,26.4,Never,None,High,No,No,145,85,6.2,0.83,3.9,2.5,6,112,138,4.5,16,NA,0,Yes,95,No,NA,NA,Overweight,Hypertension
PHC-1360,Igoma HC,2024-10-21,38,Male,Rural,Secondary,Other,Married,Yes,185.9,58.4,16.9,Current,Heavy,Moderate,Yes,No,134,92,2.8,1.71,1,1.5,5.6,102,133,4.1,11,5.8,0,Yes,54,No,NA,NA,Underweight,Hypertension
PHC-0751,Ilemela HC,2024-03-23,53,Male,Urban,Primary,Trader,Divorced,No,172.1,98.3,33.2,Never,None,Low,No,No,143,84,6,1.09,3.5,2,5.8,69,141,4.2,11,7.5,1,Yes,72,Yes,Good,No,Obese,Hypertension
PHC-0389,Nyamagana PHC,2024-01-14,62,Male,Rural,None,Farmer,Widowed,No,178.8,85.7,26.8,Never,None,Moderate,Yes,No,157,89,5.8,1.44,3.6,2.5,4.8,75,140,3.9,5,4.2,0,Yes,92,No,NA,NA,Overweight,Hypertension
PHC-0023,Bugando PHC,2024-03-29,61,Female,Rural,Secondary,Farmer,Single,No,159.9,83.5,32.7,Never,Heavy,Low,No,No,156,95,4.6,1.13,2.1,1.8,5,63,143,4.3,12,NA,1,Yes,8,Yes,Poor,No,Obese,Hypertension
PHC-1482,Igoma HC,2024-03-03,28,Male,Urban,None,Trader,Married,No,165.2,99.4,36.4,Never,None,Moderate,Yes,No,162,101,4.5,1.64,1.3,2.3,6.5,52,140,4,10,0.9,2,Yes,79,No,NA,NA,Obese,Hypertension
PHC-0125,Buzuruga PHC,2024-05-03,34,Female,Urban,Secondary,Unemployed,Single,No,150,55.5,24.7,Current,None,Moderate,No,No,148,94,5.8,0.98,4,1.5,3.8,85,142,4.5,13,20.1,0,Yes,54,No,NA,NA,Normal,Hypertension
PHC-0424,Buzuruga PHC,2024-09-19,83,Female,Rural,None,Professional,Single,No,154.8,58.4,24.4,Never,Moderate,Moderate,No,No,176,76,6.2,1.63,3.3,2,4.7,115,146,4.4,14,6,1,Yes,101,Yes,Poor,No,Normal,Hypertension
PHC-0774,Nyamagana PHC,2024-01-25,50,Female,Urban,Primary,Professional,Single,No,157.8,73.6,29.6,Never,Heavy,High,No,No,159,90,5.1,1.58,2.2,1.8,6,87,143,3.7,12,13.2,0,Yes,33,No,NA,NA,Overweight,Hypertension
PHC-1346,Buzuruga PHC,2024-07-13,53,Male,Urban,None,Trader,Married,No,162.5,87,32.9,Never,None,High,Yes,No,141,75,3.6,1.6,1,2.3,5.8,104,140,3.8,6,8.5,1,Yes,22,No,NA,NA,Obese,Hypertension
PHC-0471,Ilemela HC,2024-03-27,52,Female,Rural,None,Professional,Single,Yes,167.3,46.6,16.6,Never,Moderate,Low,No,No,145,77,4.5,1.22,2.6,1.6,6.2,67,141,4.5,18,5.3,1,Yes,50,Yes,Poor,No,Underweight,Hypertension
PHC-0722,Ilemela HC,2024-05-03,46,Female,Rural,Primary,Farmer,Married,No,163.6,70.8,26.5,Current,None,Low,No,No,118,86,6.3,1.2,3.9,1.1,4.5,112,140,3.7,5,11.2,1,No,0,No,NA,NA,Overweight,Elevated
PHC-1375,Ilemela HC,2024-05-21,48,Male,Rural,Tertiary,Unemployed,Married,No,175.1,85.7,28,Never,Moderate,Low,No,No,141,84,6.2,1.48,3.6,1.2,6.1,79,139,3.8,10,NA,0,Yes,65,No,NA,NA,Overweight,Hypertension
PHC-1500,Kisesa HC,2024-01-15,48,Female,Rural,Primary,Unemployed,Married,Yes,167.3,54.6,19.5,Current,None,Low,Yes,No,132,71,4.5,1.83,1.6,0.4,5.9,94,144,4.6,12,11.2,0,No,0,No,NA,NA,Normal,Elevated
PHC-0143,Buzuruga PHC,2024-04-28,54,Female,Urban,Primary,Professional,Divorced,No,156,56.3,23.1,Never,Moderate,Low,Yes,No,164,85,6.2,1.39,NA,0.9,4.4,82,147,3.8,14,3.1,0,Yes,17,Yes,Poor,No,Normal,Hypertension
PHC-0051,Nyamagana PHC,2024-09-02,61,Male,Rural,Primary,Unemployed,Married,Yes,162.4,67.6,25.6,Never,None,Moderate,No,No,145,59,4.4,1.38,2,1.8,4.3,120,139,5,8,14.8,1,Yes,72,No,NA,NA,Overweight,Hypertension
PHC-1400,Ilemela HC,2024-03-02,31,Male,Rural,None,Farmer,Single,No,175.1,89.3,29.1,Never,Heavy,Low,No,No,152,113,4.7,1.37,1.7,2.7,4.6,77,141,4.6,12,5.1,0,Yes,43,No,NA,NA,Overweight,Hypertension
PHC-1083,Ilemela HC,2024-04-27,43,Female,Urban,Secondary,Unemployed,Single,No,164,NA,NA,Current,None,Moderate,Yes,No,115,72,3.9,0.93,1.6,1.6,3.6,93,141,3.8,17,5.1,0,No,0,No,NA,NA,NA,Normal
PHC-0624,Nyamagana PHC,2024-10-16,62,Female,Urban,None,Trader,Single,No,157.9,73.3,29.4,Never,Heavy,Moderate,No,No,166,91,4.2,1.25,1.8,2,5.2,65,133,3.7,11,2.6,0,Yes,1,Yes,Poor,No,Overweight,Hypertension
PHC-1088,Bugando PHC,2024-07-31,39,Female,Urban,Primary,Unemployed,Widowed,No,156.5,70.2,28.7,Never,None,Low,No,No,172,86,6.3,1.21,4.1,2.6,5.5,71,143,3.8,17,4.6,1,Yes,39,No,NA,NA,Overweight,Hypertension
PHC-0082,Nyamagana PHC,2024-04-21,38,Male,Rural,Secondary,Farmer,Widowed,Yes,177.6,47.3,15,Former,None,Low,No,No,96,106,6.6,1.11,4.2,1.4,5.6,80,141,3.9,11,17.3,1,Yes,36,No,NA,NA,Underweight,Hypertension
PHC-0704,Bugando PHC,2024-01-12,36,Male,Rural,Secondary,Unemployed,Married,Yes,183.1,87.4,26.1,Never,None,High,No,No,130,104,3.9,1.26,1.4,1.8,7.2,80,138,4.3,13,4.9,0,Yes,119,Yes,Good,No,Overweight,Hypertension
PHC-0483,Buzuruga PHC,2024-08-04,57,Male,Rural,Secondary,Trader,Married,No,168,47.6,16.9,Never,None,Low,No,No,107,104,6.1,1.53,3.4,1.4,5.3,99,143,4.2,3,11.2,0,Yes,117,No,NA,NA,Underweight,Hypertension
PHC-0322,Nyamagana PHC,2024-01-29,59,Female,Urban,Tertiary,Professional,Married,Yes,163.8,61.2,22.8,Former,Moderate,Moderate,Yes,No,130,83,4.6,1.03,2.1,0.8,6.1,76,141,3.9,15,13.3,0,No,0,No,NA,NA,Normal,Elevated
PHC-1251,Nyamagana PHC,2024-04-26,65,Female,Urban,Primary,Farmer,Single,Yes,155.7,57.7,23.8,Never,None,Low,No,No,151,87,4.7,1.14,NA,2,6.8,40,139,5,5,14,0,Yes,117,Yes,Poor,No,Normal,Hypertension
PHC-0506,Buzuruga PHC,2024-02-17,68,Female,Urban,Primary,Professional,Single,Yes,149.9,59.6,26.5,Former,Moderate,Moderate,Yes,No,102,61,4.7,1.13,2.8,1.8,6.8,117,145,4.3,11,0.7,0,Yes,62,Yes,Poor,Yes,Overweight,Normal
PHC-1426,Nyamagana PHC,2024-10-26,69,Male,Rural,Primary,Unemployed,Single,No,165.3,69.3,25.4,Current,None,Low,No,No,133,88,5.2,0.68,3.6,2.3,5.5,82,137,4.5,9,15,0,No,0,No,NA,NA,Overweight,Elevated
PHC-0842,Buzuruga PHC,2024-01-27,64,Male,Urban,Primary,Farmer,Single,No,163.2,40,15,Never,None,Low,No,No,122,98,2.9,1.22,1,2.3,3.9,109,134,4.1,10,2.8,0,Yes,54,Yes,Good,No,Underweight,Hypertension
PHC-0067,Bugando PHC,2024-04-25,35,Female,Urban,NA,Unemployed,Single,Yes,159.4,82.8,32.6,Never,None,Low,No,No,165,113,3.5,1.37,1,2,5.6,57,139,4.3,15,6.8,1,Yes,77,Yes,Good,No,Obese,Hypertension
PHC-1282,Igoma HC,2024-11-07,46,Female,Rural,Primary,Farmer,Widowed,No,154.1,65.6,27.6,Former,None,Moderate,Yes,No,150,93,5.1,1.47,2.7,2.6,5,91,141,5,8,6.8,0,Yes,104,Yes,Good,No,Overweight,Hypertension
PHC-1463,Kisesa HC,2024-07-06,51,Male,Rural,Secondary,Unemployed,Divorced,No,169.3,91.4,31.9,Former,Moderate,Moderate,No,No,140,98,7.7,0.5,6,2.3,7.9,40,135,4,3,7.8,3,Yes,19,No,NA,NA,Obese,Hypertension
PHC-1327,Bugando PHC,2024-08-02,38,Female,Rural,Primary,Trader,Married,No,167.1,63.4,22.7,Former,Moderate,Moderate,No,No,131,79,4.1,1.39,NA,1.3,NA,65,136,3.7,10,5.5,0,No,0,No,NA,NA,Normal,Elevated
PHC-0802,Ilemela HC,2024-08-28,49,Male,Rural,Secondary,Unemployed,Single,No,167.9,65,23.1,Former,Moderate,High,Yes,No,121,94,3.5,1.06,1.8,3.8,6,106,139,3.6,5,14,0,Yes,80,No,NA,NA,Normal,Hypertension
PHC-0852,Buzuruga PHC,2024-10-06,56,Female,Rural,None,Trader,Married,No,165.1,66.1,24.2,Never,Moderate,Low,No,No,138,79,5.5,1.68,2.7,2.1,6.3,96,146,4.2,15,8.6,0,Yes,18,No,NA,NA,Normal,Elevated
PHC-0032,Buzuruga PHC,2024-10-10,25,Male,Urban,Primary,Farmer,Widowed,No,170.8,84.3,28.9,Former,None,Low,No,No,158,70,6.2,1.17,3.4,1.4,6.3,109,136,3.9,10,10.3,0,Yes,27,Yes,Poor,No,Overweight,Hypertension
PHC-0796,Buzuruga PHC,2024-11-18,72,Male,Rural,Primary,Unemployed,Single,No,167.8,73.8,26.2,Never,Moderate,Moderate,No,Yes,117,66,3.1,1.09,1,1.7,8.7,101,132,3.8,8,26.9,1,No,0,No,NA,NA,Overweight,Normal
PHC-0418,Buzuruga PHC,2024-09-09,70,Female,Rural,None,Professional,Widowed,No,156.7,60.7,24.7,Former,None,Moderate,No,No,131,87,5.2,1.17,2.4,0.4,4.4,82,136,4.4,12,5.5,0,Yes,15,No,NA,NA,Normal,Elevated
PHC-0633,Nyamagana PHC,2024-09-22,29,Male,Urban,Secondary,Unemployed,Married,No,166.2,101.6,36.8,Never,None,Moderate,No,No,131,88,4.5,0.89,2,1.1,5.2,97,137,4.3,13,5,1,No,0,No,NA,NA,Obese,Elevated
PHC-1075,Kisesa HC,2024-04-14,86,Female,Urban,None,Trader,Widowed,No,159.5,68.4,26.9,Former,None,Low,Yes,No,143,90,4.5,1.62,1.6,1.1,5.4,89,141,4.4,12,10,0,Yes,11,Yes,Good,No,Overweight,Hypertension
PHC-0065,Nyamagana PHC,2024-07-06,70,Male,Rural,None,Unemployed,Single,Yes,171,72.7,24.9,Never,None,Moderate,Yes,No,129,87,5.2,1.11,3.6,2.6,5.2,81,145,4.5,NA,14.2,0,No,0,No,NA,NA,Normal,Elevated
PHC-0140,Ilemela HC,2024-02-06,44,Female,Rural,Tertiary,Unemployed,Single,No,152.3,66.2,28.5,Never,Moderate,Low,No,No,150,83,5.3,1.42,3.1,2.8,6,87,143,4,14,17.1,0,Yes,86,No,NA,NA,Overweight,Hypertension
PHC-1355,Kisesa HC,2024-03-14,38,Male,Rural,None,Trader,Divorced,Yes,161.6,68.5,26.2,Never,None,Low,Yes,No,155,82,3.3,1.72,1,2.1,5,69,141,4.6,15,10.9,0,Yes,119,Yes,Good,No,Overweight,Hypertension
PHC-1202,Buzuruga PHC,2024-04-30,53,Male,Urban,Primary,Trader,Single,Yes,169.2,NA,NA,Never,None,High,No,No,111,76,NA,1.16,1.7,1.7,4.6,63,142,3.8,7,2.3,1,Yes,68,No,NA,NA,NA,Normal
PHC-0078,Ilemela HC,2024-07-22,43,Female,Rural,Primary,Trader,Married,No,159.9,65.2,25.5,Former,None,High,No,No,118,100,5.4,1.21,3.4,1.5,4.3,100,135,3.7,10,11,0,Yes,2,Yes,Good,No,Overweight,Hypertension
PHC-0492,Bugando PHC,2024-02-01,54,Female,Urban,Secondary,Unemployed,Married,Yes,168,62.7,22.2,Never,None,High,No,No,123,78,5.1,1.31,2.8,1.1,NA,74,139,4.1,6,25.8,0,No,0,No,NA,NA,Normal,Normal
PHC-1057,Ilemela HC,2024-01-29,40,Female,Rural,Secondary,Farmer,Divorced,No,165.6,86.2,31.4,Never,Moderate,Moderate,Yes,No,139,80,3.9,0.91,2.1,2.2,3.4,61,136,4.3,9,4.8,1,No,0,No,NA,NA,Obese,Elevated
PHC-1138,Nyamagana PHC,2024-09-27,59,Female,Urban,Secondary,Farmer,Divorced,No,164.6,40.7,15,Never,None,Moderate,Yes,No,142,91,5.3,1.16,3.7,2,5.6,82,139,4.2,5,0.5,0,Yes,42,No,NA,NA,Underweight,Hypertension
PHC-0533,Kisesa HC,2024-03-31,54,Female,Rural,Primary,Farmer,Single,No,163.8,65.7,24.5,Never,None,Moderate,No,No,168,88,4.1,1.4,1.7,1.2,5.8,113,139,3.6,6,19.3,1,Yes,92,Yes,Poor,No,Normal,Hypertension
PHC-0066,Nyamagana PHC,2024-10-08,58,Male,Urban,Secondary,Farmer,Married,No,176.7,119.8,38.4,NA,Moderate,High,Yes,No,177,76,4.9,1.05,3.6,1.7,4.8,90,142,3.3,15,6.9,1,Yes,104,Yes,Good,No,Obese,Hypertension
PHC-1263,Bugando PHC,2024-05-15,59,Male,Urban,Primary,Professional,Divorced,Yes,179.7,87.6,27.1,Current,Moderate,Low,No,No,127,77,6.3,1.58,3.5,1.1,5.9,121,142,3.1,7,0.2,1,Yes,59,No,NA,NA,Overweight,Normal
PHC-0908,Nyamagana PHC,2024-09-06,48,Female,Urban,Secondary,Unemployed,Divorced,Yes,152.8,67.7,29,Former,Moderate,Low,Yes,No,143,97,6,0.78,4.2,1.5,5.1,44,143,5.1,13,4.4,0,Yes,102,Yes,Good,No,Overweight,Hypertension
PHC-1258,Ilemela HC,2024-09-21,57,Female,Rural,None,Farmer,Married,Yes,162.9,91,34.3,Never,Moderate,Moderate,No,No,146,93,5.2,0.75,2.8,2.3,7,84,142,4.5,9,NA,1,Yes,25,No,NA,NA,Obese,Hypertension
PHC-0297,Buzuruga PHC,2024-03-03,59,Female,Rural,Primary,Other,Married,Yes,152,68.1,29.5,Never,None,Moderate,No,No,152,97,4.1,1.57,2.1,2.3,5.9,48,136,4,8,4.4,0,Yes,28,Yes,Poor,No,Overweight,Hypertension
PHC-0592,Nyamagana PHC,2024-07-14,43,Female,Urban,Primary,Farmer,Widowed,No,175.3,69.8,22.7,Never,None,Low,Yes,No,125,80,6.6,1.17,4.6,1.8,5.1,98,141,5.1,10,13.4,1,No,0,No,NA,NA,Normal,Elevated
PHC-0420,Bugando PHC,2024-06-14,62,Female,Rural,NA,Farmer,Single,No,159,59.1,23.4,Never,None,Low,No,No,117,91,5.7,1.19,2.9,1,4.2,114,138,5.2,7,21.7,0,Yes,67,No,NA,NA,Normal,Hypertension
PHC-0768,Bugando PHC,2024-01-23,32,Female,Urban,Primary,Farmer,Single,No,158.3,81.4,32.5,Never,None,Moderate,Yes,No,NA,73,3.8,1.57,1,1.7,4.8,91,139,4.4,16,14.3,1,No,0,No,NA,NA,Obese,NA
PHC-0439,Nyamagana PHC,2024-08-21,31,Male,Rural,None,Farmer,Married,Yes,181.1,101.6,31,Current,None,High,No,No,146,87,3.2,1.55,1,0.7,3,97,136,3.7,9,7.6,1,Yes,89,No,NA,NA,Obese,Hypertension
PHC-0262,Bugando PHC,2024-03-04,34,Female,Urban,Primary,Trader,Widowed,Yes,165.4,68.3,25,Never,None,Moderate,No,No,133,80,5.1,1.38,2.6,0.6,5.2,55,136,3.9,9,9.2,0,No,0,No,NA,NA,Normal,Elevated
PHC-0973,Ilemela HC,2024-08-15,50,Female,Rural,None,Trader,Married,No,147.4,67.1,30.9,Current,None,Moderate,No,No,157,88,5.4,1.14,3.1,2.3,5,89,142,4.7,9,7.4,1,Yes,7,No,NA,NA,Obese,Hypertension
PHC-0725,Ilemela HC,2024-05-18,26,Female,Urban,Secondary,Professional,Married,No,169.3,90.6,31.6,Never,Moderate,Low,No,No,135,93,6.6,1.72,3.4,1,6,72,135,4.1,5,7.3,2,Yes,47,Yes,Poor,No,Obese,Hypertension
PHC-1389,Ilemela HC,2024-09-10,26,Female,Rural,Tertiary,Farmer,Single,Yes,152.6,47.4,20.4,Current,None,Low,No,No,133,88,5.7,2.13,2.4,0.7,5.4,66,135,4,12,5.7,0,Yes,88,Yes,Poor,Yes,Normal,Elevated
PHC-0282,Ilemela HC,2024-04-19,51,Male,Urban,Tertiary,Trader,Single,No,177.6,86.6,27.5,Never,Moderate,Low,No,No,147,97,3.8,1.14,1.5,0.6,5.2,64,136,4.3,9,0.2,0,Yes,95,No,NA,NA,Overweight,Hypertension
PHC-0627,Kisesa HC,2024-08-07,66,Male,Urban,None,Other,Married,No,178.3,95.1,29.9,Former,None,Moderate,Yes,No,137,73,4,1.21,1.6,2.6,6.4,60,139,4.3,7,7.8,0,No,0,No,NA,NA,Overweight,Elevated
PHC-1278,Nyamagana PHC,2024-02-28,45,Male,Rural,Primary,Trader,Single,Yes,167.7,84.2,29.9,Never,Moderate,High,No,No,144,83,4.9,1.87,1.2,1.1,5.2,84,138,4.5,10,11.8,0,Yes,6,No,NA,NA,Overweight,Hypertension
PHC-1055,Ilemela HC,2024-05-03,38,Male,Rural,None,Farmer,Married,No,168,90.8,32.2,Never,None,Moderate,Yes,No,162,93,4.8,1.42,2.2,1.5,6.4,71,140,4.4,13,6.4,1,Yes,77,No,NA,NA,Obese,Hypertension
PHC-1452,Kisesa HC,2024-02-05,45,Female,Rural,None,Unemployed,Married,No,155.4,61.9,25.6,Never,Moderate,Low,Yes,No,113,84,6.5,1.23,4.1,3,6.7,98,136,4.6,8,13.5,1,Yes,47,No,NA,NA,Overweight,Elevated
PHC-0189,Nyamagana PHC,2024-10-10,39,Female,Rural,Tertiary,Unemployed,Married,Yes,155,NA,NA,Current,None,Low,No,No,136,91,5.4,0.91,3.5,2.1,5.3,61,141,5,9,7,1,Yes,85,No,NA,NA,NA,Hypertension
PHC-1206,Bugando PHC,2024-11-23,53,Female,Rural,Tertiary,Trader,Married,No,143.6,52,25.2,Never,None,Low,No,No,142,100,4.5,1.38,1.9,1.1,5.6,73,140,3.8,7,8.4,0,Yes,47,No,NA,NA,Overweight,Hypertension
PHC-0252,Kisesa HC,2024-06-04,46,Female,Urban,Tertiary,Farmer,Married,No,158.3,76.7,30.6,Former,None,Low,No,No,138,82,5.1,1.03,3.1,3,3.8,78,139,4.3,5,3.1,1,No,0,No,NA,NA,Obese,Elevated
PHC-0584,Buzuruga PHC,2024-02-28,46,Female,Rural,None,Professional,Single,No,166.9,63.2,22.7,Never,None,Moderate,Yes,No,147,99,5,1.31,2.1,2.8,4,94,143,3.7,10,5.5,0,Yes,10,No,NA,NA,Normal,Hypertension
PHC-1384,Kisesa HC,2024-01-28,40,Female,Urban,Tertiary,Farmer,Married,Yes,165.3,77.3,28.3,Never,Moderate,Moderate,No,No,180,98,5.6,1.03,3.4,1.3,4.8,108,137,3.2,9,5.7,0,Yes,64,Yes,Poor,No,Overweight,Hypertension
PHC-1372,Bugando PHC,2024-10-17,30,Female,Rural,Secondary,Trader,Married,No,162.4,72.6,27.5,Never,None,Low,Yes,No,144,94,6.4,1.06,4.4,1.4,6,95,142,4,2,10.6,2,Yes,55,No,NA,NA,Overweight,Hypertension
PHC-1445,Ilemela HC,2024-05-21,55,Female,Urban,Tertiary,Trader,Single,No,156.7,64.1,26.1,Never,Moderate,Moderate,No,No,143,104,4.8,1.87,2,2,4.3,93,141,4.5,10,7.8,1,Yes,36,Yes,Poor,No,Overweight,Hypertension
PHC-0515,Buzuruga PHC,2024-07-29,54,Male,Rural,Primary,Other,Married,No,166.5,69,24.9,Never,None,Low,No,No,166,95,NA,1.81,1.4,1.5,5.6,113,139,3.8,7,10.7,0,Yes,93,Yes,Good,No,Normal,Hypertension
PHC-1437,Kisesa HC,2024-08-02,68,Female,Urban,None,Other,Married,No,170.3,45,15.5,Never,None,Low,Yes,No,138,86,5.8,1.37,3.5,0.4,6.3,94,140,4.2,14,7.4,0,No,0,No,NA,NA,Underweight,Elevated
PHC-0949,Buzuruga PHC,2024-10-15,63,Female,Rural,Primary,Trader,Married,No,155.7,68.1,28.1,Never,Moderate,High,No,No,113,80,5.8,0.78,3.6,1.9,6,74,141,4.7,7,5.9,0,No,0,No,NA,NA,Overweight,Elevated
PHC-1419,Bugando PHC,2024-11-08,33,Female,Urban,Primary,Trader,Widowed,Yes,168,94.6,33.5,Current,None,Low,Yes,No,154,76,5.3,1.23,3.4,2.8,3.9,47,140,4,7,3.4,1,Yes,109,Yes,Good,No,Obese,Hypertension
PHC-0707,Bugando PHC,2024-06-02,57,Female,Urban,Primary,Professional,Married,No,155.5,71.3,29.5,Never,None,Low,Yes,No,160,84,6,1.48,2.8,1.5,5,87,140,3.8,12,1.4,0,Yes,108,No,NA,NA,Overweight,Hypertension
PHC-0488,Kisesa HC,2024-09-03,57,Female,Urban,Primary,Other,Divorced,Yes,164,80.4,29.9,Current,Moderate,Moderate,No,No,148,84,NA,1.7,NA,2.7,6.4,120,144,5.2,12,4.9,0,Yes,39,Yes,Poor,No,Overweight,Hypertension
PHC-0664,Ilemela HC,2024-04-02,52,Female,Rural,NA,Trader,Widowed,No,NA,63.9,NA,Never,None,Low,No,No,102,61,4.3,1.5,1.9,1,6.7,108,136,4.5,13,5.9,0,No,0,No,NA,NA,NA,Normal
PHC-1473,Buzuruga PHC,2024-01-28,82,Female,Rural,Secondary,Other,Married,No,166,103.4,37.5,Never,Heavy,Moderate,No,No,193,96,5.1,1.41,3.2,1.7,NA,79,139,4.4,14,6.1,1,Yes,14,No,NA,NA,Obese,Hypertension
PHC-1145,Ilemela HC,2024-03-26,29,Female,Rural,None,Farmer,Single,Yes,160.8,62.7,24.2,Never,None,Moderate,Yes,No,134,86,5.2,1.71,2.2,2.2,4.4,66,141,4.7,9,6.6,0,No,0,No,NA,NA,Normal,Elevated
PHC-0274,Bugando PHC,2024-04-03,84,Male,Rural,Secondary,Trader,Divorced,No,166.4,68.3,24.7,Current,None,Low,No,No,103,97,3,0.98,1.3,1.6,7.4,40,133,4.4,1,7.5,0,Yes,69,No,NA,NA,Normal,Hypertension
PHC-0686,Nyamagana PHC,2024-06-16,57,Male,Rural,Secondary,Professional,Married,Yes,167.5,81.6,29.1,Never,None,Low,No,No,143,92,4.1,1.51,1.5,0.6,5.9,45,133,4.8,16,11.3,0,Yes,102,Yes,Poor,No,Overweight,Hypertension
PHC-1124,Ilemela HC,2024-10-02,64,Female,Urban,Secondary,Professional,Married,Yes,170.3,74.8,25.8,Never,None,Moderate,No,No,124,82,5.1,1.13,3.1,1.6,5.5,90,138,3.4,9,11,0,Yes,110,Yes,Poor,Yes,Overweight,Elevated
PHC-1247,Ilemela HC,2024-06-21,65,Male,Rural,Secondary,Farmer,Widowed,No,173.1,55.1,18.4,Never,None,Moderate,No,No,116,72,4.1,1.42,1.1,2.4,NA,83,137,4.4,14,7.4,0,No,0,No,NA,NA,Underweight,Normal
PHC-0878,Kisesa HC,2024-04-01,77,Female,Urban,Secondary,Trader,Single,Yes,160.5,51.1,19.8,Never,None,Moderate,Yes,Yes,136,88,NA,1.47,4.1,0.6,6.7,100,140,4.1,16,13.2,1,No,0,No,NA,NA,Normal,Elevated
PHC-1051,Buzuruga PHC,2024-02-27,43,Female,Rural,Primary,Other,Single,Yes,147.7,61,28,Never,None,Low,Yes,No,129,73,5,1.21,2.7,2.7,4.8,76,139,3.9,7,NA,0,No,0,No,NA,NA,Overweight,Normal
PHC-1352,Ilemela HC,2024-08-08,52,Female,Urban,None,Farmer,Married,No,150.1,38.9,17.3,Never,None,High,No,No,115,91,5.7,1.36,3.3,1,4.7,100,135,4.5,14,0.3,0,Yes,41,No,NA,NA,Underweight,Hypertension
PHC-0449,Buzuruga PHC,2024-05-28,71,Female,Urban,Secondary,Trader,Married,No,152,66,28.6,Never,None,Moderate,No,No,131,104,6.1,1.42,4,3.3,5.9,78,136,4.5,17,8.4,0,Yes,7,No,NA,NA,Overweight,Hypertension
PHC-0412,Bugando PHC,2024-04-23,69,Male,Rural,None,Other,Married,No,182.8,95.4,28.5,Former,Moderate,Low,Yes,No,146,81,7.5,1.38,5,0.9,6.8,125,137,4,17,15.6,1,Yes,40,No,NA,NA,Overweight,Hypertension
PHC-0459,Nyamagana PHC,2024-08-27,55,Female,Rural,Secondary,Trader,Married,Yes,154,NA,NA,Former,Moderate,Moderate,Yes,No,143,68,2.8,1.09,1,1.2,7.3,75,134,4.2,10,5.2,0,Yes,2,Yes,Poor,No,NA,Hypertension
PHC-0377,Bugando PHC,2024-11-02,60,Female,Urban,Primary,Trader,Married,No,167.5,57.7,20.6,Current,None,Low,No,No,151,82,5.5,1.57,NA,1.6,6,93,142,4.2,9,1.6,0,Yes,12,No,NA,NA,Normal,Hypertension
PHC-1309,Buzuruga PHC,2024-10-26,52,Female,Urban,Tertiary,Professional,Married,No,163.2,59,22.2,Never,None,Low,No,No,119,89,4.4,1.47,2.1,2.2,4.6,113,138,4.1,8,0.4,0,No,0,No,NA,NA,Normal,Elevated
PHC-0668,Nyamagana PHC,2024-05-04,41,Female,Rural,Primary,Professional,Married,Yes,156.2,55.4,22.7,Never,Moderate,Low,No,No,159,94,4.2,1.36,1.8,2.1,NA,74,142,4.4,12,30.5,0,Yes,71,Yes,Good,No,Normal,Hypertension
PHC-1242,Buzuruga PHC,2024-05-22,44,Female,Rural,Secondary,Farmer,Single,No,152.8,66.6,28.5,Former,None,Moderate,Yes,No,143,76,NA,0.95,5.4,1.6,3,68,137,4.3,16,4.9,1,Yes,21,No,NA,NA,Overweight,Hypertension
PHC-0150,Ilemela HC,2024-08-07,66,Male,Rural,Primary,Farmer,Married,Yes,165.3,68.9,25.2,Former,Heavy,Low,Yes,No,119,69,4.3,1.79,1.4,0.9,4.9,80,139,4.4,17,6.1,1,No,0,No,NA,NA,Overweight,Normal
PHC-0929,Bugando PHC,2024-02-09,52,Male,Rural,Primary,Other,Married,Yes,163.7,NA,NA,NA,None,High,No,No,169,79,3.5,1.12,2.1,1.4,5.2,71,136,4.8,10,NA,1,Yes,81,Yes,Good,No,NA,Hypertension
PHC-1200,Ilemela HC,2024-03-28,77,Female,Urban,Primary,Trader,Married,No,152.7,64.4,27.6,NA,Moderate,Moderate,No,No,155,95,4.9,1.25,2,2.3,4.5,83,141,4.4,9,0.2,0,Yes,97,No,NA,NA,Overweight,Hypertension
PHC-0734,Bugando PHC,2024-02-02,35,Female,Urban,Primary,Farmer,Married,No,166.9,79.5,28.5,Current,Moderate,Low,No,No,123,61,3.3,1.24,1,2.6,5.5,93,136,4.2,15,8.3,0,No,0,No,NA,NA,Overweight,Normal
PHC-0219,Bugando PHC,2024-07-16,65,Female,Urban,Primary,Trader,Married,No,156.4,50.4,20.6,Never,Moderate,Low,No,No,123,91,3.5,0.77,2.1,2.4,4.2,81,143,3.9,11,5.3,1,Yes,118,No,NA,NA,Normal,Hypertension
PHC-0240,Igoma HC,2024-01-26,50,Male,Urban,Primary,Professional,Divorced,No,163.2,66,24.8,Former,Heavy,Low,Yes,No,107,102,4.3,1.37,2.1,0.6,4.9,98,143,3.8,7,0.4,0,Yes,25,No,NA,NA,Normal,Hypertension
PHC-1105,Ilemela HC,2024-08-29,71,Male,Urban,Tertiary,Trader,Single,No,174.9,76,24.8,Never,None,Moderate,Yes,No,139,82,4.6,0.91,2.7,2,6.6,55,137,3.5,6,3.8,1,No,0,No,NA,NA,Normal,Elevated
PHC-0868,Kisesa HC,2024-06-23,51,Male,Urban,Tertiary,Trader,Married,No,166.7,86.3,31.1,Former,Moderate,Low,No,No,113,104,4.4,1.51,1.8,0.6,6.4,106,138,3.7,9,3.6,2,Yes,64,No,NA,NA,Obese,Hypertension
PHC-0726,Kisesa HC,2024-08-06,49,Male,Urban,Secondary,Unemployed,Married,No,165.3,95.3,34.9,Never,None,Low,No,No,166,77,6.7,1.39,4.7,1.1,6.9,94,136,3.5,17,7.1,3,Yes,17,Yes,Poor,No,Obese,Hypertension
PHC-0193,Bugando PHC,2024-02-13,52,Male,Urban,Tertiary,Unemployed,Single,No,167.8,78.6,27.9,Former,None,Moderate,Yes,No,141,75,5.7,2.06,2.1,3,3.9,52,144,4.9,10,5.5,0,Yes,91,Yes,Good,No,Overweight,Hypertension
PHC-0793,Igoma HC,2024-10-13,43,Female,Rural,Secondary,Unemployed,Married,Yes,155.6,42.1,17.4,Former,Heavy,Low,Yes,No,118,84,5.8,1.39,3.7,1.7,4.3,41,136,3.9,11,5.3,1,Yes,17,Yes,Poor,Yes,Underweight,Elevated
PHC-0192,Bugando PHC,2024-08-01,39,Male,Urban,Primary,Trader,Widowed,No,169.2,42.9,15,Never,Heavy,Low,Yes,No,124,83,6.2,1.47,3.6,0.4,5.8,91,138,3.5,10,0.2,0,Yes,32,No,NA,NA,Underweight,Elevated
PHC-0934,Bugando PHC,2024-05-03,33,Male,Urban,Secondary,Farmer,Divorced,Yes,180.8,49,15,Former,None,Low,Yes,No,130,88,3.9,1.5,1.5,1.4,5.7,67,138,4.1,16,8.3,0,No,0,No,NA,NA,Underweight,Elevated
PHC-1119,Kisesa HC,2024-07-13,52,Female,Rural,Primary,Trader,Married,No,163.6,51.1,19.1,Never,Moderate,Moderate,No,No,119,90,4.9,0.85,2.6,1.6,6.2,110,137,3.5,12,8.9,0,Yes,29,No,NA,NA,Normal,Hypertension
PHC-0964,Bugando PHC,2024-01-25,70,Female,Urban,Tertiary,Farmer,Single,No,165.9,92.9,33.8,Never,Heavy,Low,No,No,170,73,4.9,1.2,2.7,1.4,4.6,83,144,4.9,9,1.8,1,Yes,27,No,NA,NA,Obese,Hypertension
PHC-0645,Bugando PHC,2024-02-28,52,Female,Rural,Tertiary,Farmer,Married,No,166,95,34.5,Never,Heavy,Moderate,No,No,149,95,7.2,1.79,NA,1.8,5.4,90,144,3.9,12,5.6,3,Yes,76,No,NA,NA,Obese,Hypertension
PHC-0360,Bugando PHC,2024-03-27,34,Male,Rural,Primary,Farmer,Married,Yes,169.2,64.9,22.7,Never,Moderate,Low,Yes,No,NA,81,6,0.84,3.6,1.9,4.4,61,142,4.9,14,4.5,0,Yes,48,Yes,Poor,No,Normal,NA
PHC-1280,Bugando PHC,2024-08-16,67,Female,Urban,Secondary,Trader,Widowed,No,159.9,95.4,37.3,Never,None,High,No,No,156,89,7,1.32,4.7,3,4.9,104,140,4.1,5,6,3,Yes,2,Yes,Poor,No,Obese,Hypertension
PHC-1454,Ilemela HC,2024-01-16,66,Female,Rural,Secondary,Trader,Widowed,Yes,154.2,63.5,26.7,Never,Moderate,High,Yes,No,139,86,5.3,0.91,3.3,1.9,5.8,76,141,3.8,NA,7.5,1,No,0,No,NA,NA,Overweight,Elevated
PHC-0017,Igoma HC,2024-01-08,56,Male,Rural,Secondary,Unemployed,Married,No,172.3,76.3,25.7,Never,Heavy,Moderate,No,No,177,95,5,1.69,2,0.7,4.1,57,143,4.4,13,7.8,0,Yes,119,Yes,Poor,No,Overweight,Hypertension
PHC-0334,Buzuruga PHC,2024-11-26,59,Male,Rural,Tertiary,Farmer,Married,No,187.7,90.8,25.8,Never,None,Low,No,No,138,88,6,1.15,3.8,1.4,6.2,77,138,5.2,13,7.2,0,Yes,10,No,NA,NA,Overweight,Elevated
PHC-1209,Bugando PHC,2024-06-01,47,Male,Rural,Secondary,Professional,Married,No,164.8,80.3,29.6,Never,Heavy,High,Yes,No,133,91,5.1,1.58,2.3,3.7,5.6,79,136,3.1,14,4.2,0,Yes,72,No,NA,NA,Overweight,Hypertension
PHC-0583,Ilemela HC,2024-06-20,69,Male,Urban,None,Farmer,Widowed,Yes,169,71.8,25.1,Current,Moderate,Low,No,No,122,73,5.7,0.92,NA,1.8,4.2,99,141,4.7,13,2.4,1,No,0,No,NA,NA,Overweight,Normal
PHC-1424,Ilemela HC,2024-11-20,50,Female,Urban,Secondary,Farmer,Married,No,162.9,60.7,22.9,Never,Moderate,Low,No,No,120,97,7.1,1.87,4.4,1.5,5.3,118,139,3.9,5,10.1,1,Yes,19,No,NA,NA,Normal,Hypertension
PHC-1072,Kisesa HC,2024-05-15,69,Female,Urban,None,Trader,Divorced,No,168,72.6,25.7,Never,None,Low,No,No,123,95,6.4,1.39,4,2.6,5.2,97,140,3.7,12,5.4,1,Yes,11,Yes,Poor,No,Overweight,Hypertension
PHC-0840,Bugando PHC,2024-04-24,43,Male,Urban,Secondary,Farmer,Divorced,No,167.6,59.6,21.2,Never,Moderate,Low,No,No,152,66,3.8,1.47,1.6,2.3,6.5,89,138,4.5,4,12.8,0,Yes,22,No,NA,NA,Normal,Hypertension
PHC-0628,Kisesa HC,2024-04-15,52,Female,Rural,Secondary,Trader,Married,No,151.6,66.8,29.1,Current,None,Low,No,No,149,98,5.9,1.51,3.4,2,NA,91,141,5,8,8.2,1,Yes,118,Yes,Good,No,Overweight,Hypertension
PHC-1394,Nyamagana PHC,2024-11-30,19,Female,Urban,Primary,Trader,Married,Yes,158.1,65.6,26.2,Never,None,Moderate,No,No,170,93,5,1.14,3.1,2.3,NA,82,137,4,7,12.1,0,Yes,99,Yes,Good,No,Overweight,Hypertension
PHC-0324,Igoma HC,2024-07-18,60,Female,Rural,None,Trader,Single,No,157.2,72.5,29.3,Never,Moderate,Low,No,No,144,87,NA,1.06,1.8,2.2,NA,92,137,3.9,18,6.2,0,Yes,52,No,NA,NA,Overweight,Hypertension
PHC-0825,Kisesa HC,2024-09-07,51,Male,Urban,Primary,Unemployed,Married,No,180.3,117.7,36.2,Never,None,Low,Yes,No,170,66,3.1,1.45,1,1.6,6.4,117,137,4.4,7,7.2,1,Yes,42,Yes,Poor,No,Obese,Hypertension
PHC-1227,Nyamagana PHC,2024-10-13,25,Female,Rural,Secondary,Farmer,Married,Yes,164.7,78.5,28.9,NA,None,Low,No,No,126,85,6.2,1.15,3.8,1.2,5.3,71,140,4.2,16,4.2,0,No,0,No,NA,NA,Overweight,Elevated
PHC-0632,Buzuruga PHC,2024-07-24,63,Male,Urban,Primary,Other,Married,Yes,166.7,65.2,23.5,Never,Heavy,Low,No,No,142,114,4.8,0.73,3.1,2.1,6.7,77,139,4.4,11,4.5,0,Yes,71,Yes,Good,No,Normal,Hypertension
PHC-1038,Igoma HC,2024-10-18,58,Female,Rural,Primary,Trader,Single,Yes,168.1,48.9,17.3,Never,None,Moderate,Yes,No,120,70,5.8,1.1,3.6,1,4.5,113,140,3.7,9,9.2,0,Yes,80,No,NA,NA,Underweight,Normal
PHC-1179,Bugando PHC,2024-08-24,57,Female,Rural,None,Professional,Married,No,150.9,52.6,23.1,Former,Heavy,Moderate,Yes,No,165,98,4.3,1.14,2.1,0.7,4.5,70,140,3.8,8,8.3,0,Yes,114,No,NA,NA,Normal,Hypertension
PHC-0779,Ilemela HC,2024-08-16,50,Female,Rural,Primary,Farmer,Single,No,146.7,65.1,30.2,Current,None,Moderate,Yes,No,127,66,5.1,1.6,2.2,1.1,5.2,42,135,4.3,17,27.3,1,No,0,No,NA,NA,Obese,Normal
PHC-1039,Nyamagana PHC,2024-05-27,54,Female,Rural,None,Trader,Widowed,No,162.7,NA,NA,Former,None,Low,No,No,147,91,5.4,1.24,3,2.1,5.4,103,140,4.5,16,5.1,1,Yes,95,No,NA,NA,NA,Hypertension
PHC-0940,Bugando PHC,2024-06-10,61,Female,Rural,None,Farmer,Married,No,162.4,80.5,30.5,Former,None,Moderate,No,No,163,98,4.5,1.1,2.5,2.8,6,64,140,4.6,12,6.8,1,Yes,56,Yes,Good,No,Obese,Hypertension
PHC-0856,Bugando PHC,2024-09-11,33,Male,Rural,Tertiary,Farmer,Married,No,175.4,59.8,19.4,Current,Moderate,Low,No,No,133,104,3.8,1.51,1,2,5.3,94,138,4.4,13,7.8,0,Yes,81,Yes,Poor,No,Normal,Hypertension
PHC-0438,Nyamagana PHC,2024-08-05,33,Female,Urban,None,Trader,Married,Yes,166.7,55.8,20.1,Never,None,Moderate,No,No,146,88,3.9,1.26,1.3,1.9,5.6,89,142,3.6,10,5.9,0,Yes,86,No,NA,NA,Normal,Hypertension
PHC-0120,Bugando PHC,2024-09-26,79,Female,Urban,Primary,Trader,Married,No,156.3,76,31.1,Former,None,Low,Yes,Yes,167,78,4.2,1.46,1.5,3.2,10.1,77,145,5.3,14,19.7,2,Yes,48,Yes,Good,No,Obese,Hypertension
PHC-1059,Nyamagana PHC,2024-09-05,66,Female,Rural,Primary,Trader,Married,Yes,163.7,75.6,28.2,Never,Heavy,Low,No,No,201,87,5.3,1.32,2.7,1.3,5.2,88,139,4.6,9,11.8,0,Yes,5,No,NA,NA,Overweight,Hypertension
PHC-1167,Igoma HC,2024-05-29,43,Male,Rural,None,Farmer,Married,No,163.9,67.2,25,Never,Moderate,Low,No,No,115,91,NA,0.75,NA,2.6,6.5,76,145,4.1,8,25.8,0,Yes,94,No,NA,NA,Normal,Hypertension
PHC-0791,Kisesa HC,2024-10-19,21,Female,Rural,None,Trader,Married,Yes,156.1,48.9,20.1,Never,None,Moderate,Yes,No,146,87,5.4,1.81,NA,1,5.4,75,137,4,8,6.9,0,Yes,10,No,NA,NA,Normal,Hypertension
PHC-0342,Buzuruga PHC,2024-07-10,48,Female,Rural,Primary,Trader,Single,No,160.3,80.7,31.4,Current,None,Low,No,No,158,73,6.6,2.14,3.4,1.3,NA,78,138,4.9,13,10.7,2,Yes,24,No,NA,NA,Obese,Hypertension
PHC-0816,Buzuruga PHC,2024-05-20,65,Male,Urban,Primary,Unemployed,Divorced,Yes,183.5,67.2,20,Current,None,Moderate,No,No,133,100,5.8,1.88,2.8,1,7,98,143,3.6,10,10.1,0,Yes,102,No,NA,NA,Normal,Hypertension
PHC-0003,Buzuruga PHC,2024-10-01,57,Male,Urban,None,Unemployed,Widowed,No,171.9,66.2,22.4,Never,Moderate,Low,Yes,No,143,81,NA,0.7,1.6,1.8,6.1,97,139,3.7,6,8.5,0,Yes,1,No,NA,NA,Normal,Hypertension
PHC-0230,Nyamagana PHC,2024-06-06,48,Male,Rural,Primary,Unemployed,Widowed,No,164.6,89.9,33.2,Never,Moderate,Moderate,Yes,No,145,74,5.4,1.88,2.8,1.9,4.5,40,145,4.7,17,10.3,1,Yes,106,Yes,Poor,No,Obese,Hypertension
PHC-1125,Buzuruga PHC,2024-01-11,27,Female,Urban,Primary,Farmer,Married,No,160.1,85.9,33.5,Never,None,Low,No,No,158,104,3.3,1.58,1,2.5,4.5,67,141,4.3,3,4.2,1,Yes,87,No,NA,NA,Obese,Hypertension
PHC-1444,Ilemela HC,2024-03-26,54,Female,Urban,None,Unemployed,Widowed,No,154.2,65.5,27.5,Never,None,Low,Yes,No,118,76,4.5,1.1,1.9,2.2,5.4,116,139,3.8,9,6.8,0,No,0,No,NA,NA,Overweight,Normal
PHC-0077,Igoma HC,2024-11-07,33,Male,Rural,Primary,Professional,Widowed,No,177.5,79.5,25.2,Never,Moderate,Low,No,No,163,76,3.8,1.08,1.6,1.5,7.7,78,140,3.9,10,10.6,0,Yes,113,No,NA,NA,Overweight,Hypertension
PHC-1388,Nyamagana PHC,2024-05-10,39,Female,Urban,Secondary,Unemployed,Married,Yes,163.5,57.2,21.4,Current,Heavy,High,No,No,119,74,NA,0.6,3,0.9,6.1,65,140,3.9,9,10,0,No,0,No,NA,NA,Normal,Normal
PHC-1012,Ilemela HC,2024-09-05,56,Male,Rural,None,Farmer,Widowed,Yes,168.5,75.9,26.7,Never,None,Low,No,No,120,75,4.1,1.36,2.1,1.4,5.6,80,142,4.1,13,6.6,0,No,0,No,NA,NA,Overweight,Normal
PHC-1211,Bugando PHC,2024-11-19,38,Male,Rural,Secondary,Other,Widowed,No,171.7,95,32.2,Current,None,High,Yes,No,113,74,4.4,1.55,1.4,1.3,3.6,96,142,4.1,15,6.9,2,No,0,No,NA,NA,Obese,Normal
PHC-0372,Buzuruga PHC,2024-11-20,54,Male,Urban,Primary,Unemployed,Married,No,173.2,70,23.3,Never,None,Low,No,No,153,79,3.7,1.5,1.3,3.2,4.6,40,137,4.4,9,3.2,0,Yes,74,No,NA,NA,Normal,Hypertension
PHC-0181,Nyamagana PHC,2024-02-12,44,Male,Rural,None,Other,Married,Yes,156.6,65.2,26.6,Never,None,Low,Yes,No,130,76,5.6,1.6,3,1.7,5.6,51,136,4.8,10,4.4,0,Yes,96,Yes,Poor,Yes,Overweight,Elevated
PHC-1077,Ilemela HC,2024-08-24,46,Female,Urban,Primary,Farmer,Married,Yes,170.9,80.4,27.5,Former,Heavy,Moderate,No,No,115,71,5,0.82,3.2,1.9,5.7,97,140,4.9,9,NA,0,No,0,No,NA,NA,Overweight,Normal
PHC-1474,Ilemela HC,2024-05-12,51,Female,Rural,Secondary,Farmer,Married,No,153.3,74.2,31.6,Never,Heavy,Low,No,Yes,167,71,4.6,1.16,2.6,1.4,7.4,102,141,4.6,9,5.1,2,Yes,29,Yes,Good,No,Obese,Hypertension
PHC-0942,Igoma HC,2024-05-13,68,Female,Rural,Secondary,Professional,Single,Yes,160.4,76.2,29.6,Never,None,Low,Yes,No,139,89,5.8,2.45,1.7,1.6,5.2,94,136,4.1,5,6.1,0,No,0,No,NA,NA,Overweight,Elevated
PHC-0578,Nyamagana PHC,2024-05-22,33,Male,Urban,Tertiary,Professional,Married,Yes,176.2,74.1,23.9,Never,None,High,Yes,No,139,70,4.4,1.03,NA,2,3.7,61,142,4,NA,9.7,0,No,0,No,NA,NA,Normal,Elevated
PHC-0820,Igoma HC,2024-11-26,67,Female,Rural,Secondary,Professional,Married,No,157.5,65.9,26.6,Never,Heavy,Moderate,No,No,187,89,6.1,1.62,2.8,0.4,6.8,82,139,4.6,12,8.4,1,Yes,69,No,NA,NA,Overweight,Hypertension
PHC-1096,Bugando PHC,2024-04-16,35,Male,Rural,Primary,Trader,Married,No,172.2,65.9,22.2,Never,Heavy,High,Yes,No,136,88,4,1.08,1.8,0.7,5,97,143,3.6,6,9.7,0,Yes,9,No,NA,NA,Normal,Elevated
PHC-1114,Ilemela HC,2024-06-26,48,Male,Urban,Secondary,Trader,Widowed,No,169.5,84.6,29.4,Never,None,High,No,No,150,91,4.5,1.12,2.4,1.6,6.6,72,134,4.6,18,3.7,0,Yes,108,No,NA,NA,Overweight,Hypertension
PHC-1290,Bugando PHC,2024-02-20,57,Male,Urban,None,Professional,Married,No,171.1,69.6,23.8,Never,Moderate,Moderate,Yes,No,154,85,4.3,2.06,1,0.4,5.9,76,142,3.9,15,2.7,0,Yes,44,Yes,Good,No,Normal,Hypertension
PHC-1281,Nyamagana PHC,2024-09-28,62,Female,Urban,Primary,Other,Married,No,171,79.4,27.2,Never,None,Low,Yes,No,110,76,6.3,1.06,4.3,2.2,6.3,95,144,3.7,2,12.8,2,No,0,No,NA,NA,Overweight,Normal
PHC-0063,Bugando PHC,2024-09-16,74,Female,Urban,Secondary,Trader,Widowed,Yes,160.9,66.3,25.6,Never,Moderate,Moderate,Yes,No,137,81,4,0.97,1.7,2.3,6.1,134,142,4.3,10,4.3,0,No,0,No,NA,NA,Overweight,Elevated
PHC-0590,Kisesa HC,2024-03-25,57,Male,Urban,Secondary,Farmer,Widowed,No,176.7,75.8,24.3,Never,Moderate,Moderate,Yes,No,139,71,4.9,1.3,NA,1.9,4.6,128,138,4.4,11,13.6,0,No,0,No,NA,NA,Normal,Elevated
PHC-0887,Nyamagana PHC,2024-01-18,32,Female,Urban,None,Farmer,Widowed,No,168.5,71.2,25.1,Former,None,High,No,No,126,94,3.6,1.2,1.2,1.8,4.8,90,139,4.1,13,3.7,0,Yes,88,No,NA,NA,Overweight,Hypertension
PHC-0969,Igoma HC,2024-10-25,25,Female,Urban,None,Farmer,Divorced,No,165.8,78.4,28.5,Never,None,Low,Yes,No,128,74,4.8,1.02,2.9,0.4,NA,61,140,4.9,3,24.2,0,No,0,No,NA,NA,Overweight,Normal
PHC-1123,Bugando PHC,2024-03-09,55,Female,Urban,Primary,Trader,Married,Yes,159,73.5,29.1,Former,None,Moderate,No,No,166,64,4.6,0.7,2.6,0.8,7,94,140,4.2,14,3,0,Yes,9,Yes,Poor,No,Overweight,Hypertension
PHC-0786,Igoma HC,2024-03-09,43,Male,Urban,None,Trader,Divorced,No,161.8,68.1,26,Never,Moderate,Low,No,No,160,97,3.2,1.48,1,2.6,5.5,84,139,3.7,11,7.1,0,Yes,6,No,NA,NA,Overweight,Hypertension
PHC-1488,Nyamagana PHC,2024-02-24,56,Male,Urban,Secondary,Trader,Widowed,No,175.2,89.5,29.2,Never,Heavy,Low,Yes,No,143,70,2.9,1.92,1,2.7,5.4,76,138,3.9,11,0.7,0,Yes,112,Yes,Good,No,Overweight,Hypertension
PHC-0312,Bugando PHC,2024-01-26,59,Female,Rural,Primary,Trader,Married,Yes,166.2,68,24.6,Never,None,High,Yes,No,144,93,5.1,0.62,3.4,1,5.6,83,134,4.2,7,13.8,0,Yes,14,No,NA,NA,Normal,Hypertension
PHC-1203,Bugando PHC,2024-07-14,39,Female,Urban,Tertiary,Other,Married,No,158.4,63.7,25.4,Current,Moderate,Moderate,No,No,143,90,5.1,1.49,2.3,2,4,63,140,4.9,16,0.2,0,Yes,56,No,NA,NA,Overweight,Hypertension
PHC-0302,Bugando PHC,2024-07-06,70,Male,Urban,Primary,Unemployed,Married,Yes,171.1,97,33.1,Current,None,Moderate,No,No,195,73,4.4,0.87,2.8,2.3,NA,84,142,3.5,13,5.4,2,Yes,16,No,NA,NA,Obese,Hypertension
PHC-0723,Bugando PHC,2024-03-06,55,Female,Urban,Primary,Farmer,Married,No,158,80.9,32.4,Never,None,Low,Yes,No,142,101,4.6,1.56,2.2,2.6,5.2,79,137,3.5,11,14,2,Yes,2,No,NA,NA,Obese,Hypertension
PHC-0690,Buzuruga PHC,2024-07-03,55,Male,Rural,Secondary,Other,Married,Yes,165.4,59.3,21.7,Never,None,Low,No,No,142,84,5.9,1.32,3.1,2.1,6.1,56,136,4.2,13,9.5,0,Yes,93,No,NA,NA,Normal,Hypertension
PHC-0813,Ilemela HC,2024-01-09,91,Female,Urban,Secondary,Other,Married,No,163.9,42.7,15.9,Never,Heavy,Low,No,No,137,74,4.7,2.2,1.2,1,5.1,84,141,4.2,12,1.7,0,No,0,No,NA,NA,Underweight,Elevated
PHC-0038,Igoma HC,2024-08-09,63,Female,Rural,Tertiary,Trader,Married,No,155.1,58.4,24.3,Never,Moderate,Low,No,No,163,88,5.1,1.27,2.8,1.6,4.7,96,137,4.8,6,19.7,0,Yes,110,No,NA,NA,Normal,Hypertension
PHC-0354,Buzuruga PHC,2024-07-06,39,Female,Urban,Secondary,Professional,Divorced,No,156.3,38.5,15.8,Never,Moderate,Moderate,No,No,129,73,5.6,1.41,3.1,1.4,4.4,76,138,4.4,13,2.4,0,No,0,No,NA,NA,Underweight,Normal
PHC-1380,Bugando PHC,2024-10-27,48,Female,Rural,None,Unemployed,Married,Yes,162,70.6,26.9,Current,None,Low,No,No,143,88,5.2,1.8,2.6,2.3,5.6,53,142,4.1,14,11.5,0,Yes,1,No,NA,NA,Overweight,Hypertension
PHC-0715,Bugando PHC,2024-02-17,31,Female,Rural,Tertiary,Trader,Married,No,156.5,86.2,35.2,Never,Moderate,Low,No,No,137,70,6.1,1.34,3.7,2.1,5.2,56,140,3.7,2,10.2,1,No,0,No,NA,NA,Obese,Elevated
PHC-0981,Bugando PHC,2024-04-13,20,Male,Urban,Tertiary,Farmer,Single,Yes,178.2,86.3,27.2,Never,Moderate,Moderate,No,No,126,93,4.4,0.96,2.6,1.5,4.9,69,141,4.3,18,2.8,0,Yes,41,Yes,Good,No,Overweight,Hypertension
PHC-0237,Kisesa HC,2024-03-10,18,Male,Rural,Primary,Unemployed,Divorced,Yes,172.9,69.5,23.2,Never,None,Low,Yes,No,156,65,5.4,1.81,2.4,2.1,NA,70,136,4.5,10,5.2,0,Yes,33,Yes,Poor,No,Normal,Hypertension
PHC-1252,Nyamagana PHC,2024-07-11,45,Female,Urban,Secondary,Farmer,Married,Yes,170.2,82.5,28.5,Never,None,Low,Yes,No,150,72,6.6,1,3.9,1.4,5.9,86,141,5,15,2.3,2,Yes,77,Yes,Good,No,Overweight,Hypertension
PHC-0963,Buzuruga PHC,2024-08-23,43,Female,Urban,Primary,Trader,Widowed,Yes,160.9,53,20.5,Never,Moderate,High,Yes,No,90,86,6.6,1.44,NA,2,NA,74,138,3.6,13,5.9,1,No,0,No,NA,NA,Normal,Elevated
PHC-1146,Buzuruga PHC,2024-04-30,69,Female,Urban,Primary,Trader,Married,No,159.2,64.7,25.5,Never,None,Moderate,No,No,158,90,5.7,1.33,3.2,1.3,4.7,94,139,3.5,6,5.4,0,Yes,85,No,NA,NA,Overweight,Hypertension
PHC-0730,Kisesa HC,2024-08-19,52,Male,Rural,None,Unemployed,Divorced,Yes,170.1,79,27.3,Never,None,Moderate,No,No,150,90,4.7,0.75,2.6,2.4,6.5,91,145,4.3,14,9.4,0,Yes,89,No,NA,NA,Overweight,Hypertension
PHC-1237,Igoma HC,2024-04-24,37,Male,Urban,Tertiary,Unemployed,Married,Yes,161.6,90.5,34.7,Never,None,Low,No,No,143,68,4.5,1.18,1.9,2.7,5,55,137,5.2,19,1,1,Yes,115,Yes,Good,No,Obese,Hypertension
PHC-1409,Nyamagana PHC,2024-09-14,55,Female,Urban,Secondary,Unemployed,Widowed,Yes,143.2,34.6,16.9,Never,Moderate,Low,No,No,121,88,4.8,1.25,3.2,1.1,4.3,91,141,3.9,7,1.4,1,No,0,No,NA,NA,Underweight,Elevated
PHC-0500,Igoma HC,2024-02-29,61,Female,Rural,NA,Unemployed,Single,Yes,156.7,58.7,23.9,Former,Heavy,Moderate,Yes,No,123,89,4.9,1.59,2,1.6,6.4,46,138,5,12,31.6,0,No,0,No,NA,NA,Normal,Elevated
PHC-1239,Nyamagana PHC,2024-03-05,66,Female,Urban,None,Unemployed,Married,No,163.4,96.8,36.3,Never,None,Low,No,No,163,79,5,1.58,2.7,2.6,5.5,108,135,4.3,12,3.7,1,Yes,27,Yes,Good,No,Obese,Hypertension
PHC-0554,Kisesa HC,2024-02-13,49,Male,Urban,Primary,Farmer,Married,No,166,80.6,29.2,Never,Moderate,Moderate,Yes,No,165,69,4.1,1.17,1.7,2.8,4.9,40,138,4.3,11,0.3,0,Yes,57,No,NA,NA,Overweight,Hypertension
PHC-0056,Bugando PHC,2024-05-22,58,Male,Urban,Primary,Trader,Divorced,No,178.7,75,23.5,NA,None,Low,No,No,137,84,4.8,1.33,1.9,2.5,4.9,74,143,4.2,11,3.5,0,No,0,No,NA,NA,Normal,Elevated
PHC-0303,Buzuruga PHC,2024-11-16,34,Male,Urban,Secondary,Farmer,Married,No,165.2,83.3,30.5,Former,None,Moderate,No,No,147,85,5.3,1,2.9,2.3,5.8,85,142,4.3,11,0.3,1,Yes,47,No,NA,NA,Obese,Hypertension
PHC-0795,Nyamagana PHC,2024-04-04,46,Female,Urban,Secondary,Unemployed,Married,No,157,94.5,38.3,Never,Moderate,High,No,No,123,88,5,0.75,4,3,5.6,104,133,4.3,12,2.5,1,No,0,No,NA,NA,Obese,Elevated
PHC-0287,Igoma HC,2024-03-15,60,Female,Rural,Tertiary,Farmer,Divorced,No,155.1,70.7,29.4,Never,None,Low,Yes,No,143,96,4.3,0.64,2.5,1.9,5.3,71,135,3.4,12,11.1,0,Yes,50,No,NA,NA,Overweight,Hypertension
PHC-1143,Nyamagana PHC,2024-05-26,55,Female,Rural,Tertiary,Trader,Widowed,Yes,161.4,68.7,26.4,Current,None,High,No,No,149,88,4.4,1.54,2,2.6,3,141,142,4.4,8,4.9,0,Yes,108,No,NA,NA,Overweight,Hypertension
PHC-0220,Kisesa HC,2024-11-08,50,Male,Urban,Primary,Unemployed,Married,No,168.1,74.5,26.4,Never,Moderate,Moderate,No,No,177,98,5.4,1.69,2.1,2.1,4.9,102,138,4.4,6,4.1,0,Yes,14,No,NA,NA,Overweight,Hypertension
PHC-0901,Bugando PHC,2024-07-16,37,Female,Urban,Secondary,Farmer,Married,No,155.2,75.7,31.4,Current,None,Low,No,No,115,88,3.7,0.76,1.3,2.5,7.3,98,139,5.4,11,3.3,1,No,0,No,NA,NA,Obese,Elevated
PHC-0991,Buzuruga PHC,2024-01-14,48,Female,Urban,Primary,Unemployed,Married,No,156.7,NA,NA,Never,Heavy,Low,No,No,137,87,5.3,2.16,2,2.5,7,90,143,4.4,12,8.6,0,No,0,No,NA,NA,NA,Elevated
PHC-1026,Ilemela HC,2024-03-21,84,Female,Rural,Primary,Other,Married,No,172.4,NA,NA,Former,Moderate,Moderate,No,No,186,100,5.4,1.06,3.7,2.4,4.5,81,138,4,9,6.7,1,Yes,38,No,NA,NA,NA,Hypertension
PHC-0935,Buzuruga PHC,2024-09-09,75,Male,Rural,Secondary,Farmer,Single,No,174.2,95.5,31.5,Never,None,Low,Yes,No,162,91,4.3,1.45,2.2,2.3,5.6,81,142,4.7,7,11,1,Yes,33,No,NA,NA,Obese,Hypertension
PHC-0388,Nyamagana PHC,2024-10-31,55,Male,Urban,Primary,Unemployed,Married,No,167.5,75.6,26.9,Current,None,High,Yes,No,90,92,4.6,1.78,NA,0.9,5.8,93,141,3.7,7,16.2,0,Yes,118,No,NA,NA,Overweight,Hypertension
PHC-0305,Kisesa HC,2024-01-13,51,Female,Urban,Primary,Trader,Married,No,156.3,58.8,24.1,Never,Moderate,Moderate,Yes,No,111,84,3.5,0.9,1.5,2.3,NA,109,144,3.9,7,6,0,No,0,No,NA,NA,Normal,Elevated
PHC-0391,Kisesa HC,2024-09-03,57,Female,Rural,Secondary,Farmer,Divorced,No,157.7,74.8,30.1,Former,None,Moderate,No,No,133,82,5.3,1.49,2.4,2.6,NA,65,137,4.8,14,12,1,No,0,No,NA,NA,Obese,Elevated
PHC-0744,Ilemela HC,2024-09-08,56,Female,Rural,Tertiary,Farmer,Widowed,Yes,160.4,68.4,26.6,NA,Moderate,High,No,No,154,85,4.5,1.69,1.4,2.2,5.5,67,138,3.8,9,7.2,0,Yes,51,Yes,Poor,No,Overweight,Hypertension
PHC-0353,Ilemela HC,2024-05-17,34,Female,Urban,Primary,Other,Single,No,163.9,63.6,23.7,Never,None,Low,No,No,152,77,6.4,1,4.4,1.9,4.6,132,140,3.3,10,20.2,1,Yes,72,Yes,Good,No,Normal,Hypertension
PHC-0194,Nyamagana PHC,2024-08-07,31,Male,Urban,None,Professional,Divorced,Yes,171.8,67.3,22.8,Never,None,Low,No,No,134,97,5.8,1.36,3.5,1.6,5.6,70,142,3.7,5,2.2,0,Yes,88,No,NA,NA,Normal,Hypertension
PHC-0236,Kisesa HC,2024-09-07,46,Male,Rural,Tertiary,Unemployed,Married,No,177.8,91.5,28.9,Never,None,Moderate,Yes,No,129,58,6.4,1.58,4,1.9,4.2,101,139,4.1,9,16.5,1,No,0,No,NA,NA,Overweight,Normal
PHC-1273,Nyamagana PHC,2024-02-16,43,Male,Rural,Tertiary,Farmer,Married,Yes,167.3,73.5,26.3,Never,Moderate,Low,No,No,94,83,4.9,0.53,3,2.1,5.4,71,141,4.9,10,13.3,0,Yes,98,Yes,Poor,Yes,Overweight,Elevated
PHC-0695,Bugando PHC,2024-06-03,49,Male,Urban,Primary,Unemployed,Single,No,167.6,63.6,22.6,Former,None,High,Yes,No,168,97,5.1,1.11,2.9,0.4,3.7,92,141,4.8,12,1.9,0,Yes,42,Yes,Good,No,Normal,Hypertension
PHC-0481,Nyamagana PHC,2024-01-19,85,Male,Rural,Secondary,Trader,Divorced,Yes,165.2,68.5,25.1,NA,Moderate,Low,Yes,No,103,74,NA,1.13,3.4,2.5,4.4,95,143,3.8,NA,4.9,0,No,0,No,NA,NA,Overweight,Normal
PHC-0568,Buzuruga PHC,2024-05-31,41,Male,Urban,Secondary,Other,Married,No,155.7,36.4,15,Never,None,Moderate,Yes,No,103,63,3.8,1.53,1.6,0.4,3.6,102,139,4.1,10,1.9,0,No,0,No,NA,NA,Underweight,Normal
PHC-1257,Bugando PHC,2024-09-28,54,Female,Rural,Primary,Farmer,Widowed,No,159.4,57.3,22.6,Never,Moderate,Low,Yes,No,136,86,4.9,1.11,2.5,2.1,5.8,77,145,4,13,7.5,0,No,0,No,NA,NA,Normal,Elevated
PHC-1392,Ilemela HC,2024-07-30,46,Male,Urban,Primary,Unemployed,Widowed,No,166,55,20,Never,Moderate,Low,No,No,165,86,4.1,2.35,1,2.1,6.9,78,133,5.4,NA,3.5,0,Yes,16,No,NA,NA,Normal,Hypertension
PHC-1170,Kisesa HC,2024-11-13,59,Female,Rural,None,Trader,Divorced,No,160.7,51.9,20.1,Former,None,Low,Yes,No,152,93,2.9,0.72,1,1,6.8,77,137,4.1,13,7,0,Yes,13,No,NA,NA,Normal,Hypertension
PHC-0121,Buzuruga PHC,2024-09-18,68,Female,Urban,Tertiary,Farmer,Married,No,160.2,67.5,26.3,Current,None,Low,Yes,No,164,89,5.3,1.17,2.3,2.3,5.7,80,137,4.9,9,4.6,0,Yes,30,Yes,Poor,No,Overweight,Hypertension
PHC-1287,Bugando PHC,2024-10-06,65,Female,Urban,Primary,Farmer,Married,No,153,48.5,20.7,Never,Moderate,Low,No,No,131,87,4.5,1.36,2,1.3,4.9,100,141,4.6,13,1.5,0,No,0,No,NA,NA,Normal,Elevated
PHC-1025,Nyamagana PHC,2024-04-21,60,Female,Rural,None,Unemployed,Married,No,154.4,66.4,27.9,Never,None,Moderate,No,No,164,74,3.2,1.73,1,1.3,4.8,70,138,4.4,9,7.5,0,Yes,14,Yes,Good,No,Overweight,Hypertension
PHC-0927,Nyamagana PHC,2024-11-04,57,Female,Urban,None,Other,Married,No,154.1,35.6,15,Never,Moderate,Moderate,Yes,No,137,76,5.7,2.08,2.3,2,3.9,129,140,4.7,14,1.6,0,No,0,No,NA,NA,Underweight,Elevated
PHC-0516,Nyamagana PHC,2024-11-12,18,Male,Rural,Secondary,Farmer,Married,Yes,168.9,102,35.8,Never,None,Low,No,No,136,83,6.6,0.87,4.3,2.4,4.9,68,141,3.9,14,16.3,2,No,0,No,NA,NA,Obese,Elevated
PHC-0224,Buzuruga PHC,2024-11-02,68,Female,Urban,Primary,Other,Divorced,No,159.4,79.2,31.2,Never,Moderate,Moderate,Yes,No,155,95,3.8,1.68,NA,1.4,4.7,87,134,3.7,8,0.6,1,Yes,64,Yes,Poor,No,Obese,Hypertension
PHC-1103,Bugando PHC,2024-08-08,75,Female,Urban,Primary,Trader,Married,No,158,NA,NA,Never,None,Low,Yes,No,129,79,3.7,1.64,NA,2.5,4.2,122,141,3.3,17,0.9,1,No,0,No,NA,NA,NA,Normal
PHC-0614,Igoma HC,2024-02-06,90,Male,Rural,None,Farmer,Divorced,Yes,161.3,72.2,27.8,NA,Moderate,Low,No,No,149,92,5.6,1.53,3.1,2.3,5.7,67,144,4,13,16.3,0,Yes,2,No,NA,NA,Overweight,Hypertension
PHC-0844,Ilemela HC,2024-08-04,48,Female,Urban,Primary,Trader,Married,Yes,160,87.9,34.3,Never,None,Low,Yes,No,139,77,4.6,1.11,1.8,2.1,5.2,85,142,4.5,9,7.4,1,No,0,No,NA,NA,Obese,Elevated
PHC-0053,Ilemela HC,2024-09-02,63,Male,Urban,Primary,Farmer,Married,No,161,62.1,24,Never,Moderate,Low,No,No,153,112,3.1,1.86,1,0.6,6.6,60,137,4.2,NA,0.2,0,Yes,12,No,NA,NA,Normal,Hypertension
PHC-1376,Nyamagana PHC,2024-11-23,56,Male,Urban,Primary,Unemployed,Married,Yes,172.3,73.3,24.7,Never,Moderate,Low,No,No,128,86,6.3,0.85,NA,1.3,5.5,72,140,4.5,8,4.1,1,Yes,104,No,NA,NA,Normal,Elevated
PHC-0486,Nyamagana PHC,2024-07-02,65,Female,Urban,Secondary,Trader,Married,No,155.8,87.7,36.1,Never,Heavy,Low,No,No,157,83,NA,0.84,2.8,2.8,3.8,68,136,5,15,5.2,1,Yes,52,No,NA,NA,Obese,Hypertension
PHC-1428,Nyamagana PHC,2024-05-15,63,Female,Rural,Tertiary,Professional,Married,No,163.3,80.4,30.1,Current,None,Moderate,No,No,172,80,5.1,1.68,2.7,2.2,3.9,120,140,3.7,14,11.3,1,Yes,97,Yes,Poor,No,Obese,Hypertension
PHC-0819,Ilemela HC,2024-08-13,34,Male,Urban,None,Farmer,Married,No,151,60.6,26.6,Never,None,Moderate,No,No,90,82,5.2,0.7,3.3,1.7,4.8,65,141,4.3,13,8.3,0,Yes,33,No,NA,NA,Overweight,Elevated
PHC-0156,Buzuruga PHC,2024-08-18,65,Female,Rural,None,Unemployed,Widowed,No,152.7,53.8,23.1,Never,Moderate,Moderate,Yes,No,140,85,5.1,1.38,2.7,1.4,4.8,48,139,4,13,16.4,0,Yes,96,No,NA,NA,Normal,Hypertension
PHC-0601,Kisesa HC,2024-06-05,58,Female,Rural,Primary,Farmer,Widowed,No,151.7,77.7,33.8,Never,None,Low,No,No,169,61,6,1.08,3.8,2.7,4.2,89,133,4.6,11,4.8,1,Yes,117,No,NA,NA,Obese,Hypertension
PHC-1198,Nyamagana PHC,2024-06-10,59,Female,Urban,None,Trader,Married,No,155.6,62.2,25.7,Former,None,Low,Yes,No,115,95,6.3,1.56,3.5,1.6,5.5,58,139,4.4,13,4.9,1,Yes,48,Yes,Good,No,Overweight,Hypertension
PHC-0249,Bugando PHC,2024-11-05,65,Male,Urban,Secondary,Other,Married,Yes,169.2,105.6,36.9,Never,Moderate,Moderate,No,No,167,83,5.1,0.83,3.3,0.5,6.1,97,136,3.9,10,2.1,1,Yes,109,No,NA,NA,Obese,Hypertension
PHC-0762,Kisesa HC,2024-05-09,57,Female,Urban,Secondary,Farmer,Widowed,Yes,156.8,73.3,29.8,Current,None,Low,No,No,161,87,5.5,1.2,3.2,1.8,4.4,100,138,3.8,12,6.5,0,Yes,35,Yes,Good,No,Overweight,Hypertension
PHC-1364,Ilemela HC,2024-05-22,63,Male,Urban,Primary,Unemployed,Married,Yes,175.4,79.8,25.9,Former,None,Moderate,No,No,141,89,7.3,1.38,5.2,1.6,6.4,94,141,4.1,10,17.6,1,Yes,86,No,NA,NA,Overweight,Hypertension
PHC-0543,Buzuruga PHC,2024-10-07,67,Male,Rural,Primary,Unemployed,Married,No,158.9,79.8,31.6,Never,None,High,No,No,138,101,8.1,1.38,5.7,2,4.6,137,138,4.2,10,9.6,2,Yes,98,No,NA,NA,Obese,Hypertension
PHC-0794,Ilemela HC,2024-09-04,62,Female,Urban,Secondary,Trader,Married,Yes,151.9,69,29.9,Former,None,Low,No,No,162,88,5.2,1.24,3.4,1.1,5.7,54,133,4.3,12,9.4,0,Yes,23,Yes,Poor,No,Overweight,Hypertension
PHC-1087,Igoma HC,2024-06-06,33,Male,Urban,Primary,Farmer,Married,Yes,173.2,65.7,21.9,Current,None,High,No,No,110,88,5.5,1.53,3,2.7,5.9,111,136,5,10,6.6,0,No,0,No,NA,NA,Normal,Elevated
PHC-0629,Bugando PHC,2024-01-15,54,Female,Rural,None,Other,Married,Yes,160.2,60.3,23.5,Never,None,Moderate,No,No,115,93,4,1.78,1.1,1.1,4.9,80,138,3.9,12,5.4,0,Yes,88,No,NA,NA,Normal,Hypertension
PHC-0151,Kisesa HC,2024-08-12,60,Female,Urban,None,Other,Married,No,162.9,51.3,19.3,Former,Moderate,Low,Yes,No,109,92,6.5,1.23,4.2,1,6.6,92,139,4.6,9,10.9,1,Yes,73,Yes,Good,No,Normal,Hypertension
PHC-0292,Ilemela HC,2024-08-07,39,Male,Rural,Tertiary,Farmer,Married,No,164.2,75.2,27.9,Never,Moderate,Moderate,Yes,No,137,86,5.8,1.07,3.7,1.3,4.9,57,143,4.2,6,8,0,Yes,96,Yes,Poor,Yes,Overweight,Elevated
PHC-0382,Bugando PHC,2024-10-19,84,Male,Urban,None,Trader,Married,No,176.4,82.9,26.6,Never,None,Low,No,No,134,90,4.9,1.05,3.3,2.2,4.2,107,139,3.7,13,12.3,0,Yes,95,Yes,Poor,No,Overweight,Hypertension
PHC-0687,Igoma HC,2024-02-12,44,Male,Urban,Secondary,Unemployed,Married,No,165.6,59.4,21.7,Current,None,Moderate,No,No,137,94,5.4,1.37,3.2,1.5,6.2,55,138,5.2,NA,0.7,0,Yes,98,No,NA,NA,Normal,Hypertension
PHC-0898,Bugando PHC,2024-09-19,45,Male,Rural,Secondary,Trader,Married,No,175.3,75.3,24.5,Former,Heavy,Moderate,No,No,168,67,3.6,2.01,1,1.9,5.2,78,141,4.9,15,4.1,0,Yes,80,Yes,Good,No,Normal,Hypertension
PHC-0855,Bugando PHC,2024-05-28,71,Male,Urban,None,Farmer,Married,Yes,174,81.3,26.9,Never,Moderate,Low,No,No,119,65,5.9,1.53,NA,1.3,4.4,105,137,3.7,11,13,0,No,0,No,NA,NA,Overweight,Normal
PHC-1491,Ilemela HC,2024-12-01,62,Female,Urban,Primary,Other,Married,No,165.8,72.1,26.2,Never,None,Low,Yes,No,163,79,3.1,0.86,1.1,1.7,6.4,100,135,4.9,7,2.9,0,Yes,2,No,NA,NA,Overweight,Hypertension
PHC-1140,Nyamagana PHC,2024-10-13,62,Female,Urban,Primary,Farmer,Single,No,160.5,75.2,29.2,Never,None,Moderate,No,No,143,94,NA,0.54,3.6,3.4,4.9,89,139,4.3,11,26.6,0,Yes,71,Yes,Poor,No,Overweight,Hypertension
PHC-1262,Ilemela HC,2024-03-08,79,Male,Urban,Primary,Trader,Single,No,163.3,78.9,29.6,Never,Heavy,Moderate,Yes,No,155,76,5.7,1.97,2.5,2.6,5.2,98,138,4.7,12,2.3,0,Yes,36,No,NA,NA,Overweight,Hypertension
PHC-0892,Bugando PHC,2024-06-24,40,Female,Urban,Primary,Farmer,Married,No,156.6,67.3,27.4,Never,None,Moderate,No,No,144,74,NA,1.96,1,1.4,4.2,86,141,3.9,9,6.2,0,Yes,77,Yes,Good,No,Overweight,Hypertension
PHC-1494,Igoma HC,2024-10-17,39,Male,Urban,Primary,Farmer,Married,Yes,159.1,48.3,19.1,Former,None,Moderate,Yes,No,105,84,5.1,1.47,NA,1.1,5.5,85,136,4.7,5,16.1,1,No,0,No,NA,NA,Normal,Elevated
PHC-0616,Kisesa HC,2024-08-31,23,Female,Rural,Tertiary,Farmer,Married,Yes,155.6,49.1,20.3,Never,None,Low,Yes,No,103,86,5.3,1.36,2.9,1.2,4.9,89,135,3.1,2,7.6,0,No,0,No,NA,NA,Normal,Elevated
PHC-0155,Ilemela HC,2024-03-24,45,Female,Rural,None,Other,Single,No,162.2,70.2,26.7,Never,None,Low,No,No,136,62,5.9,1.66,2.8,2.2,5.2,95,142,3.7,9,5.4,0,No,0,No,NA,NA,Overweight,Elevated
PHC-1489,Kisesa HC,2024-11-16,59,Male,Urban,None,Farmer,Married,No,172.9,102.2,34.2,Former,None,Low,No,No,160,94,4.8,1.24,1.9,1.3,5.4,83,138,5.2,9,5.9,1,Yes,53,Yes,Poor,No,Obese,Hypertension
PHC-0323,Bugando PHC,2024-05-11,46,Female,Rural,Primary,Other,Divorced,Yes,166.5,70.2,25.3,Never,None,Moderate,No,No,134,74,5.3,1.32,3,2.2,4.5,80,136,3.6,5,4.5,0,No,0,No,NA,NA,Overweight,Elevated
PHC-1430,Nyamagana PHC,2024-05-18,51,Female,Rural,NA,Farmer,Married,Yes,160.8,86.4,33.4,Never,Heavy,Moderate,Yes,No,136,79,5.1,2.05,1.7,1.4,5.5,86,137,4.1,12,10.9,1,No,0,No,NA,NA,Obese,Elevated
PHC-0083,Kisesa HC,2024-09-26,42,Male,Urban,Primary,Professional,Married,No,174.5,65,21.3,Never,None,Low,No,No,142,94,5,1.54,3.2,1.7,6.6,91,144,4,9,13.5,0,Yes,77,No,NA,NA,Normal,Hypertension
PHC-0513,Buzuruga PHC,2024-09-01,58,Female,Urban,Secondary,Other,Widowed,No,154.9,64.6,26.9,Current,None,High,Yes,No,139,66,6.7,1.26,4.2,1,5.9,99,135,4.6,13,0.2,1,No,0,No,NA,NA,Overweight,Elevated
PHC-1139,Igoma HC,2024-03-22,57,Female,Rural,Primary,Unemployed,Married,No,142.1,48.5,24,Former,None,Low,No,No,131,86,2.8,1.63,1,0.4,5.1,44,138,4.2,13,6.5,0,Yes,116,No,NA,NA,Normal,Elevated
PHC-0930,Igoma HC,2024-05-07,55,Female,Urban,None,Unemployed,Married,Yes,165.6,88.3,32.2,Current,None,Low,No,No,134,81,5.6,1.41,2.9,2.1,5.9,95,143,4.3,8,4.9,1,No,0,No,NA,NA,Obese,Elevated
PHC-0251,Bugando PHC,2024-01-28,51,Female,Urban,Primary,Unemployed,Married,No,164.1,75.9,28.2,Never,Moderate,Moderate,Yes,No,131,73,3.2,1.17,1.3,0.6,3,66,136,4.5,12,6.5,0,No,0,No,NA,NA,Overweight,Elevated
PHC-0832,Nyamagana PHC,2024-07-19,52,Male,Urban,Tertiary,Professional,Divorced,No,177.9,98.5,31.1,Never,Moderate,Low,Yes,No,157,77,NA,0.93,3.9,1.8,4.2,118,139,4.5,15,0.2,1,Yes,31,Yes,Good,No,Obese,Hypertension
PHC-0033,Nyamagana PHC,2024-09-02,43,Male,Urban,Primary,Other,Single,Yes,169.5,68,23.7,Never,None,High,No,No,129,78,6.1,1.74,3.2,2,4.8,74,139,4.1,9,3.3,0,Yes,78,Yes,Poor,Yes,Normal,Normal
PHC-0414,Nyamagana PHC,2024-11-16,25,Male,Rural,Primary,Trader,Married,Yes,165.8,74.9,27.2,Former,Moderate,Low,Yes,No,120,95,5.7,1.2,3.1,0.7,4.6,78,142,4.4,7,8,0,Yes,46,No,NA,NA,Overweight,Hypertension
PHC-0581,Nyamagana PHC,2024-10-11,36,Female,Rural,Primary,Farmer,Widowed,No,154.3,51.8,21.8,Never,None,High,Yes,No,157,73,4.8,1.44,2.3,1.9,7.2,100,139,4.3,12,NA,0,Yes,65,Yes,Poor,No,Normal,Hypertension
PHC-1157,Ilemela HC,2024-03-15,54,Male,Urban,Primary,Unemployed,Married,No,157.1,72.2,29.3,Former,Heavy,Low,No,No,173,91,4.9,1.59,1.9,2,5.7,89,138,4.2,10,27.8,0,Yes,71,Yes,Poor,No,Overweight,Hypertension
PHC-1421,Kisesa HC,2024-04-12,56,Male,Urban,Primary,Farmer,Married,No,175.8,57.5,18.6,Current,None,Low,No,No,128,74,3.7,1.18,1.6,2.9,6.7,69,137,4,2,11.8,0,No,0,No,NA,NA,Normal,Normal
PHC-0615,Kisesa HC,2024-02-16,59,Female,Rural,Secondary,Trader,Single,No,162.5,65.3,24.7,Current,None,High,Yes,No,150,111,2.9,1.1,1,3.1,4.7,69,140,5.1,1,12,0,Yes,74,No,NA,NA,Normal,Hypertension
PHC-1046,Kisesa HC,2024-07-05,71,Male,Urban,Secondary,Trader,Married,No,178.9,60.9,19,Never,None,Moderate,Yes,No,115,91,5.5,0.76,3.5,2.1,5.1,83,141,3.8,13,23.3,0,Yes,91,Yes,Poor,No,Normal,Hypertension
PHC-1015,Bugando PHC,2024-04-20,23,Male,Rural,Tertiary,Other,Married,No,159.1,67.8,26.8,Never,None,High,No,No,96,86,6.2,1.37,3.9,0.6,4.6,94,137,4.3,14,10.9,0,No,0,No,NA,NA,Overweight,Elevated
PHC-0090,Nyamagana PHC,2024-07-16,41,Male,Rural,None,Farmer,Married,Yes,169.9,58.6,20.3,Never,None,High,Yes,No,120,100,4.5,1.77,NA,1,5.4,103,139,4.4,7,5.4,0,Yes,81,No,NA,NA,Normal,Hypertension
PHC-1268,Nyamagana PHC,2024-03-20,45,Female,Rural,None,Farmer,Married,No,162.9,57.6,21.7,Former,Moderate,Moderate,No,No,161,85,6.6,1.78,4.1,0.4,NA,71,141,4.1,10,5.5,2,Yes,82,No,NA,NA,Normal,Hypertension
PHC-0602,Kisesa HC,2024-01-28,57,Male,Rural,Primary,Unemployed,Divorced,No,177.9,111.9,35.4,Never,None,Moderate,Yes,No,137,79,4.1,1.39,NA,2.5,6.7,85,140,4.3,9,7.2,1,No,0,No,NA,NA,Obese,Elevated
PHC-0134,Ilemela HC,2024-03-20,53,Male,Rural,Primary,Farmer,Single,No,178.1,89.2,28.1,Former,None,Low,No,No,147,89,4.9,1.18,2.4,1,4.9,123,137,4.3,8,12.9,0,Yes,93,No,NA,NA,Overweight,Hypertension
PHC-0556,Nyamagana PHC,2024-07-04,40,Male,Urban,Secondary,Unemployed,Married,No,168.7,78.8,27.7,Current,Moderate,Low,No,No,132,88,4.9,1.76,2.5,2.4,NA,92,137,4.1,12,7.7,0,No,0,No,NA,NA,Overweight,Elevated
PHC-1032,Ilemela HC,2024-06-19,50,Female,Rural,Tertiary,Farmer,Widowed,No,161.8,72.5,27.7,Current,None,High,No,No,123,92,5.4,1.43,2,0.8,5.4,71,139,4.6,13,6,0,Yes,54,No,NA,NA,Overweight,Hypertension
PHC-1171,Bugando PHC,2024-05-25,56,Male,Urban,None,Trader,Single,Yes,164.5,58.9,21.8,Never,None,Low,No,No,125,68,6,1.58,3.8,2.1,4.4,63,135,3.5,11,4.9,0,No,0,No,NA,NA,Normal,Normal
PHC-0321,Nyamagana PHC,2024-02-29,46,Female,Urban,Secondary,Farmer,Single,No,163.4,71.2,26.7,NA,Heavy,Low,Yes,No,153,89,4.6,1.56,1.7,1.9,4.3,69,140,3.3,4,8.8,0,Yes,107,No,NA,NA,Overweight,Hypertension
PHC-1317,Igoma HC,2024-02-16,71,Male,Rural,None,Other,Widowed,Yes,170.3,NA,NA,Never,Moderate,Low,Yes,No,154,92,4.1,2.19,1,2.1,3.9,109,137,4.2,10,13.9,0,Yes,93,Yes,Good,No,NA,Hypertension
PHC-1295,Ilemela HC,2024-08-23,43,Female,Rural,Secondary,Farmer,Single,Yes,155.6,54.6,22.6,Never,None,Low,Yes,No,119,89,3.6,0.75,2.1,1.8,4.5,82,141,3.6,8,12.2,0,No,0,No,NA,NA,Normal,Elevated
PHC-0635,Kisesa HC,2024-07-17,46,Male,Urban,Secondary,Farmer,Married,No,162.6,77.7,29.4,Never,Moderate,Low,No,No,164,103,6.6,1.27,4.5,1.6,5.7,104,144,3.8,12,4,2,Yes,105,No,NA,NA,Overweight,Hypertension
PHC-0553,Ilemela HC,2024-10-25,28,Male,Urban,Secondary,Professional,Married,No,171.1,92.2,31.5,Never,Heavy,High,No,No,148,75,5.1,1.62,2.9,2.4,7.7,60,136,3.7,4,5.9,1,Yes,117,No,NA,NA,Obese,Hypertension
PHC-1056,Buzuruga PHC,2024-09-20,56,Female,Urban,Secondary,Trader,Married,Yes,160.9,77.7,30,Current,Moderate,Low,No,No,154,87,6.4,1.32,3.8,1.3,4.9,68,138,4.3,13,1.5,2,Yes,111,Yes,Good,No,Overweight,Hypertension
PHC-1471,Kisesa HC,2024-08-08,68,Female,Urban,Secondary,Farmer,Married,Yes,161.2,58,22.3,Never,Moderate,Moderate,Yes,No,137,101,4.3,1.22,1.9,1.1,5.5,79,139,4.1,14,1.1,1,Yes,41,Yes,Poor,No,Normal,Hypertension
PHC-0797,Kisesa HC,2024-01-26,44,Male,Rural,Secondary,Trader,Married,No,162.5,73.2,27.7,Former,None,Low,No,No,126,99,4.3,1.25,1.7,0.6,6.4,79,138,4.2,13,6.5,0,Yes,94,Yes,Good,No,Overweight,Hypertension
PHC-1440,Bugando PHC,2024-03-29,57,Female,Urban,Primary,Other,Married,No,157.7,67.8,27.3,Never,Moderate,Low,Yes,Yes,171,105,5.1,1.16,2.3,1.4,7.9,107,135,3.4,15,7.7,1,Yes,44,Yes,Poor,No,Overweight,Hypertension
PHC-1275,Bugando PHC,2024-05-31,28,Female,Urban,Secondary,Other,Married,Yes,161.8,85.2,32.5,Never,None,Low,Yes,No,149,76,5.3,1.26,2.8,3,4.7,59,136,4.7,13,8.6,1,Yes,105,Yes,Good,No,Obese,Hypertension
PHC-0175,Ilemela HC,2024-02-09,57,Female,Urban,Primary,Trader,Widowed,No,160.9,65.8,25.4,Never,None,Moderate,Yes,No,159,90,4.8,0.54,3.4,0.5,5.6,86,136,4.5,17,6.3,0,Yes,37,Yes,Good,No,Overweight,Hypertension
PHC-0767,Igoma HC,2024-03-02,34,Male,Rural,None,Farmer,Married,No,174.8,104.4,34.2,Never,Moderate,Low,Yes,No,137,77,5,1.45,2.4,1.3,6.2,76,138,4,9,6.3,1,No,0,No,NA,NA,Obese,Elevated
PHC-0246,Ilemela HC,2024-01-25,56,Female,Rural,Primary,Trader,Single,Yes,163,61.3,23.1,Current,None,Low,No,No,131,98,NA,1.81,1,1.2,4.1,78,141,4.8,12,7.2,0,Yes,105,No,NA,NA,Normal,Hypertension
PHC-1081,Bugando PHC,2024-03-17,85,Male,Rural,Secondary,Farmer,Single,No,155.2,50.6,21,NA,Moderate,Low,No,No,152,112,5.4,1.73,3.2,0.4,4.8,129,137,4.3,12,28.3,0,Yes,13,Yes,Poor,No,Normal,Hypertension
PHC-1294,Ilemela HC,2024-02-29,75,Female,Urban,Primary,Unemployed,Married,Yes,154.3,58.4,24.5,Never,None,Low,Yes,No,103,78,4.8,1.75,1.1,2.3,5.5,93,137,4.4,13,16.9,0,No,0,No,NA,NA,Normal,Normal
PHC-0146,Bugando PHC,2024-06-11,86,Male,Rural,Tertiary,Other,Widowed,Yes,163.6,60.1,22.5,Never,Moderate,High,No,No,151,84,5.5,1.75,3,2.1,4.4,88,140,3.9,13,8.3,0,Yes,73,Yes,Good,No,Normal,Hypertension
PHC-0091,Bugando PHC,2024-02-05,51,Female,Urban,Secondary,Farmer,Single,No,164.2,70.9,26.3,Never,None,Low,Yes,No,137,106,4.7,1.68,2.1,2.2,3.3,97,135,4.6,6,23.6,0,Yes,73,Yes,Poor,No,Overweight,Hypertension
PHC-0683,Buzuruga PHC,2024-04-27,51,Male,Rural,None,Trader,Single,No,162,53,20.2,Former,Moderate,High,No,No,107,83,5.5,1.22,3.9,0.4,5.1,90,138,4.1,14,4.1,0,No,0,No,NA,NA,Normal,Elevated
PHC-0311,Ilemela HC,2024-10-07,36,Female,Rural,None,Trader,Married,No,154.7,66.9,28,Never,Moderate,Low,Yes,No,143,82,5.1,1.59,2.3,1.1,4.5,53,139,4,13,38.1,0,Yes,26,No,NA,NA,Overweight,Hypertension
PHC-0094,Ilemela HC,2024-01-14,45,Female,Rural,Tertiary,Farmer,Married,No,156.6,71,29,Never,None,Low,No,No,117,88,4.8,0.73,3.4,3.1,7,80,138,4,14,NA,0,No,0,No,NA,NA,Overweight,Elevated
PHC-1173,Kisesa HC,2024-07-31,53,Male,Rural,Secondary,Farmer,Single,Yes,162.8,70.3,26.5,Never,Moderate,High,No,No,138,84,2.8,0.92,1.2,2.3,4.9,89,135,4.8,11,11.8,0,No,0,No,NA,NA,Overweight,Elevated
PHC-0925,Nyamagana PHC,2024-03-27,28,Female,Rural,Secondary,Other,Married,No,163.9,40.9,15.2,Former,None,Low,Yes,No,90,81,4,1.91,1,1.6,5.6,75,140,4,14,9.5,0,No,0,No,NA,NA,Underweight,Elevated
PHC-1261,Igoma HC,2024-04-27,62,Female,Rural,Secondary,Farmer,Widowed,No,166.5,89.4,32.2,Never,None,Low,No,No,166,91,4.5,1.06,2,2.5,5.6,63,140,3.8,10,7.4,1,Yes,3,No,NA,NA,Obese,Hypertension
PHC-1036,Kisesa HC,2024-06-24,66,Male,Urban,None,Trader,Widowed,No,172,62.9,21.3,Never,None,High,Yes,No,119,92,NA,2.15,1.8,0.8,4.5,79,137,3.6,9,12.6,0,Yes,15,Yes,Poor,No,Normal,Hypertension
PHC-0244,Igoma HC,2024-02-19,33,Male,Urban,Primary,Professional,Widowed,Yes,168.2,NA,NA,Never,None,High,No,No,136,80,4.4,1.5,1.9,1.4,4.6,77,133,4.2,9,4.2,0,Yes,51,No,NA,NA,NA,Elevated
PHC-1112,Buzuruga PHC,2024-02-25,60,Female,Urban,Secondary,Trader,Single,No,164.7,86.4,31.9,Never,None,High,No,No,139,92,4.7,1.4,1.9,1.4,5,86,143,4.6,10,1,1,Yes,7,Yes,Poor,No,Obese,Hypertension
PHC-0215,Ilemela HC,2024-05-12,45,Female,Urban,Tertiary,Unemployed,Married,No,153.6,66.4,28.1,Former,Heavy,High,Yes,No,164,83,6.3,1.38,3.6,0.9,5.5,105,138,4.6,8,0.3,1,Yes,86,Yes,Good,No,Overweight,Hypertension
PHC-0999,Bugando PHC,2024-01-13,69,Female,Urban,Primary,Professional,Married,No,158.3,69.8,27.9,Never,Moderate,Moderate,No,No,130,95,5.9,1.01,4,2.9,5.3,69,142,4.7,11,1.1,0,Yes,41,No,NA,NA,Overweight,Hypertension
PHC-0854,Nyamagana PHC,2024-01-26,51,Female,Urban,None,Unemployed,Divorced,Yes,158.4,69.7,27.8,NA,None,Low,No,No,156,87,4.3,1.87,1,1.4,6.7,91,136,2.8,9,NA,0,Yes,39,Yes,Poor,No,Overweight,Hypertension
PHC-0426,Nyamagana PHC,2024-05-17,59,Female,Urban,Primary,Farmer,Married,Yes,164.7,60.9,22.5,Former,Moderate,Moderate,No,No,126,89,4,1.29,1.7,1.1,6,107,139,4.1,13,0.5,0,No,0,No,NA,NA,Normal,Elevated
PHC-1324,Kisesa HC,2024-06-30,55,Female,Urban,Primary,Unemployed,Widowed,No,159.6,38.2,15,Never,None,Low,No,No,126,72,5.1,1.44,2.2,0.7,4.4,85,143,4.3,6,9.2,0,No,0,No,NA,NA,Underweight,Normal
PHC-0227,Buzuruga PHC,2024-01-20,52,Male,Urban,Primary,Professional,Married,Yes,163.7,40.2,15,Never,Heavy,Moderate,Yes,No,103,81,4.5,1.25,1.9,1.8,5.5,90,139,4.3,13,5.8,0,No,0,No,NA,NA,Underweight,Elevated
PHC-1219,Kisesa HC,2024-02-02,69,Female,Urban,Primary,Professional,Married,No,165.1,81.9,30,Current,None,Moderate,No,No,162,86,4.3,1.14,2,2.1,6.1,75,137,4.1,16,11,1,Yes,48,No,NA,NA,Overweight,Hypertension
PHC-0001,Bugando PHC,2024-02-19,58,Male,Rural,Primary,Farmer,Divorced,Yes,169.6,72.4,25.2,Never,None,High,No,No,155,117,5.5,1.36,2.7,3,5.3,102,140,4.5,14,13.1,0,Yes,43,No,NA,NA,Overweight,Hypertension
PHC-0402,Kisesa HC,2024-03-11,50,Male,Urban,Primary,Farmer,Single,No,168.9,53.9,18.9,Never,Moderate,Moderate,Yes,No,121,95,5.1,1.61,2.5,2.6,5.7,72,142,4.2,11,2.1,0,Yes,2,No,NA,NA,Normal,Hypertension
PHC-1104,Bugando PHC,2024-04-06,53,Male,Urban,Secondary,Professional,Married,Yes,166.9,47.7,17.1,Never,None,Low,No,No,160,83,4.8,0.53,3,1.3,4.5,84,141,3.8,15,4.2,0,Yes,99,Yes,Good,No,Underweight,Hypertension
PHC-0085,Buzuruga PHC,2024-09-23,51,Male,Urban,Primary,Unemployed,Married,No,176.6,100.8,32.3,Never,Moderate,Moderate,Yes,No,149,84,5.6,1.97,2,1.4,4.4,60,137,4.4,11,21.1,1,Yes,70,Yes,Poor,No,Obese,Hypertension
PHC-0163,Buzuruga PHC,2024-10-08,55,Male,Rural,NA,Farmer,Married,Yes,176.5,65.4,21,Never,None,Moderate,No,No,122,83,4.3,1.63,1,2.1,3.7,74,134,3.5,9,6.9,0,No,0,No,NA,NA,Normal,Elevated
PHC-0115,Ilemela HC,2024-03-17,45,Female,Rural,Secondary,Trader,Widowed,No,162.5,52.6,19.9,Never,Moderate,Moderate,No,No,132,83,5.2,1.14,3.1,3.1,4.1,66,136,3.7,5,6.1,0,No,0,No,NA,NA,Normal,Elevated
PHC-0671,Ilemela HC,2024-11-19,56,Female,Rural,Primary,Professional,Single,No,150.1,68.7,30.5,Former,Moderate,Low,Yes,Yes,169,80,6,0.62,4.1,1.3,7,114,140,3.3,15,8.7,3,Yes,38,Yes,Poor,No,Obese,Hypertension
PHC-1141,Buzuruga PHC,2024-10-20,45,Female,Rural,Secondary,Unemployed,Divorced,Yes,157.6,47.2,19,Current,Heavy,Low,Yes,No,117,90,3.3,0.78,1,1.3,5.6,105,136,3.7,7,14.1,0,Yes,76,Yes,Poor,No,Normal,Hypertension
PHC-0890,Kisesa HC,2024-01-15,60,Female,Urban,None,Unemployed,Divorced,No,159.1,86.3,34.1,Former,None,Moderate,No,No,165,100,3.9,1.01,1.8,3.2,4.1,110,139,4.8,10,NA,1,Yes,42,Yes,Poor,No,Obese,Hypertension
PHC-0626,Bugando PHC,2024-02-09,36,Male,Urban,Tertiary,Trader,Married,No,173.1,77.6,25.9,Never,Moderate,Low,No,No,136,84,5.5,0.71,3.5,1.5,4.6,80,138,3.6,10,0.2,0,No,0,No,NA,NA,Overweight,Elevated
PHC-1462,Ilemela HC,2024-11-10,63,Female,Urban,Primary,Trader,Single,No,158.5,66,26.3,Never,None,Moderate,Yes,No,161,84,5.1,1.23,2.7,0.8,7,105,142,4,7,1.6,0,Yes,118,No,NA,NA,Overweight,Hypertension
PHC-0953,Nyamagana PHC,2024-02-12,45,Female,Rural,Secondary,Unemployed,Widowed,No,154.4,67.8,28.4,Former,None,Moderate,No,No,122,78,4.6,0.68,3,2,3.7,41,136,4.6,20,5.1,0,No,0,No,NA,NA,Overweight,Normal
PHC-0808,Nyamagana PHC,2024-11-08,70,Male,Rural,Primary,Professional,Single,No,176.1,70.8,22.8,Current,Moderate,Low,Yes,No,104,98,NA,1.51,1.4,3.2,5.5,90,132,4.2,7,10.3,0,Yes,113,No,NA,NA,Normal,Hypertension
PHC-0259,Kisesa HC,2024-02-13,62,Female,Urban,Primary,Professional,Married,No,145.7,58.2,27.4,Never,None,Moderate,No,No,163,82,6.1,1.74,3.4,1.4,5.7,96,140,4.3,15,2.1,0,Yes,67,No,NA,NA,Overweight,Hypertension
PHC-0625,Igoma HC,2024-07-15,58,Male,Rural,Primary,Trader,Widowed,Yes,165.3,69.4,25.4,Never,Moderate,Low,No,No,161,85,4.7,1.25,2.3,0.8,5.1,78,144,4.2,11,6.7,0,Yes,43,No,NA,NA,Overweight,Hypertension
PHC-0827,Nyamagana PHC,2024-04-01,41,Female,Urban,Primary,Trader,Married,No,156.2,70.8,29,Former,Heavy,Low,Yes,No,127,102,3.4,1.86,1,1.6,6,58,134,3.9,12,6.3,0,Yes,88,No,NA,NA,Overweight,Hypertension
PHC-0235,Ilemela HC,2024-04-29,42,Female,Urban,Primary,Other,Single,Yes,149.8,57.3,25.5,Never,Moderate,High,No,No,151,86,6.3,1.47,3.7,1.4,5.2,58,138,4.2,10,2.1,1,Yes,110,No,NA,NA,Overweight,Hypertension
PHC-0136,Igoma HC,2024-08-20,79,Female,Rural,Primary,Trader,Single,No,170.4,88.7,30.5,Never,None,Low,Yes,No,134,78,5.6,1.33,3.6,3.2,6.4,65,139,4.5,13,4.8,1,Yes,104,Yes,Poor,Yes,Obese,Elevated
PHC-0617,Ilemela HC,2024-06-24,56,Female,Rural,Primary,Farmer,Divorced,No,162.3,52.4,19.9,Never,Moderate,Low,No,No,158,98,7.4,1.6,NA,0.9,5.4,61,142,4.2,10,8.6,1,Yes,12,No,NA,NA,Normal,Hypertension
PHC-0837,Bugando PHC,2024-08-31,55,Male,Rural,Tertiary,Trader,Single,No,177.7,95.5,30.2,Former,Moderate,Low,Yes,No,145,79,3.6,0.91,1.4,2.7,6.9,62,138,3.9,7,10.3,2,Yes,79,Yes,Good,No,Obese,Hypertension
PHC-0843,Ilemela HC,2024-01-14,57,Male,Rural,Secondary,Professional,Married,Yes,168,85.3,30.2,Never,None,Moderate,Yes,No,114,88,5.6,0.5,4.2,2.3,3.9,95,140,4.4,14,NA,1,Yes,75,Yes,Poor,Yes,Obese,Elevated
PHC-0960,Kisesa HC,2024-04-12,66,Female,Urban,None,Trader,Divorced,Yes,153.4,52.3,22.2,Never,None,Low,No,No,120,74,5.5,1.28,2.9,0.7,6.6,78,140,4.7,9,5.2,1,No,0,No,NA,NA,Normal,Normal
PHC-0593,Nyamagana PHC,2024-07-05,65,Female,Rural,None,Trader,Divorced,No,165.7,76,27.7,Former,None,High,Yes,No,149,96,3.7,1.27,1.3,1.7,5.6,82,142,4.3,18,4.8,0,Yes,94,Yes,Poor,No,Overweight,Hypertension
PHC-0344,Ilemela HC,2024-02-02,59,Female,Rural,Primary,Farmer,Divorced,No,168.4,89.7,31.6,Never,None,Moderate,Yes,No,162,87,4.8,1.2,NA,2.2,4.8,76,143,4,8,9.4,1,Yes,75,No,NA,NA,Obese,Hypertension
PHC-1233,Nyamagana PHC,2024-04-14,43,Male,Rural,Primary,Farmer,Married,No,180.7,88.2,27,Never,Moderate,Moderate,No,No,132,90,5.5,1.25,3.1,2,5.4,113,142,3.9,9,11,0,Yes,26,No,NA,NA,Overweight,Hypertension
PHC-0294,Buzuruga PHC,2024-08-11,49,Female,Rural,Primary,Unemployed,Widowed,No,159.9,66,25.8,Former,None,High,No,No,110,83,4.2,1.44,1.7,1,5.2,82,140,4.3,16,5.1,0,Yes,104,No,NA,NA,Overweight,Elevated
PHC-0365,Igoma HC,2024-04-09,51,Male,Rural,Primary,Trader,Divorced,No,179.4,81.8,25.4,Never,Moderate,Low,No,No,157,74,6.2,1.12,4,2,4.2,58,139,4.3,11,NA,0,Yes,5,No,NA,NA,Overweight,Hypertension
PHC-0179,Nyamagana PHC,2024-03-14,53,Female,Rural,Tertiary,Trader,Married,No,162.7,76.3,28.8,Former,Moderate,High,No,No,164,77,5.1,1.04,3.4,2.4,5.6,64,140,3.9,10,4.5,0,Yes,83,Yes,Good,No,Overweight,Hypertension
PHC-0660,Buzuruga PHC,2024-06-18,52,Female,Urban,Secondary,Trader,Married,No,165.7,81,29.5,Never,Heavy,Low,No,No,190,61,4.6,1.21,2.3,3.9,4.8,88,138,4.2,8,19.9,0,Yes,27,Yes,Poor,No,Overweight,Hypertension
PHC-0997,Buzuruga PHC,2024-03-28,55,Female,Urban,Primary,Farmer,Married,Yes,149.5,51,22.8,Former,Moderate,Low,Yes,No,154,100,5.7,1.25,2.9,2.3,5.4,76,147,4.6,12,3.5,0,Yes,32,Yes,Good,No,Normal,Hypertension
PHC-0015,Bugando PHC,2024-09-24,46,Male,Urban,Primary,Professional,Married,No,172.8,88.8,29.7,Current,None,Low,No,No,141,83,4.6,1.47,2,1,5.4,88,141,3.7,13,0.2,1,Yes,42,Yes,Good,No,Overweight,Hypertension
PHC-1111,Bugando PHC,2024-05-20,62,Female,Urban,Secondary,Farmer,Married,No,162.3,66,25.1,Never,None,High,Yes,No,119,83,5.8,0.5,4.3,0.4,4.8,91,143,4.7,1,5.3,0,Yes,78,Yes,Poor,Yes,Overweight,Elevated
PHC-0166,Nyamagana PHC,2024-10-28,47,Female,Urban,Primary,Unemployed,Married,Yes,165.1,75.7,27.8,Never,None,Moderate,No,No,151,70,5.2,1.24,3.3,2,5.9,96,139,4.3,6,NA,0,Yes,108,Yes,Good,No,Overweight,Hypertension
PHC-1404,Kisesa HC,2024-04-17,38,Female,Urban,Secondary,Trader,Married,Yes,154.2,64,26.9,Current,None,Low,No,No,113,79,6.2,1.35,3.6,1.6,6.5,94,139,4.2,9,19.5,0,No,0,No,NA,NA,Overweight,Normal
PHC-0060,Ilemela HC,2024-04-15,53,Female,Urban,Tertiary,Trader,Married,No,150.2,70.2,31.1,Never,None,Low,Yes,No,165,88,7.1,0.5,NA,0.4,4.6,79,141,3.7,15,1.5,3,Yes,90,Yes,Good,No,Obese,Hypertension
PHC-0710,Buzuruga PHC,2024-01-23,52,Female,Urban,Tertiary,Unemployed,Married,Yes,156.8,57.4,23.3,Never,None,Moderate,No,No,147,100,5.7,1.64,2.5,1.2,7.3,97,145,4.5,9,4.7,0,Yes,48,Yes,Good,No,Normal,Hypertension
PHC-0677,Buzuruga PHC,2024-11-16,72,Female,Urban,Secondary,Unemployed,Single,No,163.1,60.2,22.6,Never,Moderate,High,No,No,126,97,4.6,1.29,2,0.4,4.9,92,135,3.7,6,1.6,0,Yes,95,Yes,Poor,No,Normal,Hypertension
PHC-0781,Ilemela HC,2024-11-04,26,Male,Urban,Secondary,Professional,Married,No,157.3,77.4,31.3,Former,None,High,No,No,120,90,5.6,1.07,3,3.7,4.2,120,140,4.2,10,0.6,1,Yes,67,No,NA,NA,Obese,Hypertension
PHC-0425,Ilemela HC,2024-06-09,51,Female,Rural,None,Other,Divorced,No,150.1,48.6,21.6,Never,Moderate,High,No,No,132,67,6.2,1.43,3.4,3,5.5,66,137,4.2,9,8.4,0,No,0,No,NA,NA,Normal,Elevated
PHC-0293,Buzuruga PHC,2024-10-10,54,Female,Rural,Secondary,Trader,Married,No,165.1,66.7,24.5,Current,None,Low,No,No,157,88,5.3,1.35,2.6,3.3,5.9,69,134,4,10,4.4,0,Yes,83,No,NA,NA,Normal,Hypertension
PHC-1066,Ilemela HC,2024-02-27,59,Female,Rural,Primary,Farmer,Single,No,155.7,48.6,20,Never,Moderate,Low,No,No,163,91,6.7,0.84,4.9,1.5,4.8,85,139,4.2,15,9,2,Yes,117,No,NA,NA,Normal,Hypertension
PHC-1335,Kisesa HC,2024-05-08,62,Female,Urban,Secondary,Trader,Divorced,No,157.9,42.1,16.9,Never,Moderate,Low,No,No,116,97,NA,1.63,2.5,2,4.2,60,139,4.7,11,7.2,0,Yes,15,No,NA,NA,Underweight,Hypertension
PHC-0330,Nyamagana PHC,2024-09-11,49,Female,Urban,None,Farmer,Married,Yes,164.3,56.7,21,Never,Moderate,Low,No,No,118,72,5.1,0.75,2.8,0.4,4.9,78,135,4.1,9,3.4,0,No,0,No,NA,NA,Normal,Normal
PHC-0430,Ilemela HC,2024-01-15,89,Male,Urban,NA,Trader,Single,Yes,172.9,65.9,22,Former,Heavy,Moderate,No,No,111,81,3.8,0.82,1,0.7,5,81,136,4.4,12,19.8,0,Yes,50,No,NA,NA,Normal,Elevated
PHC-1013,Nyamagana PHC,2024-03-11,69,Male,Rural,None,Other,Divorced,No,171.2,71.9,24.5,Current,None,Low,No,No,130,91,5.2,1.09,2.7,0.9,5.4,92,134,4.5,14,5.1,0,Yes,26,No,NA,NA,Normal,Hypertension
PHC-0080,Ilemela HC,2024-08-11,61,Male,Rural,Primary,Farmer,Divorced,Yes,166.6,73.6,26.5,Former,Moderate,Moderate,Yes,No,168,92,6.6,1.38,NA,2.2,5.4,66,135,5,5,18.6,1,Yes,17,No,NA,NA,Overweight,Hypertension
PHC-1053,Nyamagana PHC,2024-04-04,45,Female,Urban,NA,Trader,Married,No,157.1,63.7,25.8,Current,None,High,No,No,114,77,4.8,1.25,2.9,1.7,4.7,98,140,5.1,4,7.1,0,No,0,No,NA,NA,Overweight,Normal
PHC-0938,Nyamagana PHC,2024-03-09,65,Female,Rural,Primary,Other,Widowed,No,165.1,87.6,32.1,Never,None,Moderate,No,No,176,99,4.7,1.07,2.6,1.6,5.8,89,138,3.7,16,4.1,1,Yes,83,Yes,Good,No,Obese,Hypertension
PHC-0835,Bugando PHC,2024-10-07,50,Male,Urban,None,Unemployed,Married,No,165.2,77.8,28.5,Never,None,Low,Yes,No,118,66,5.3,1.42,2.3,1.9,7.1,94,138,3.6,6,1,0,No,0,No,NA,NA,Overweight,Normal
PHC-0750,Nyamagana PHC,2024-06-20,51,Female,Rural,Secondary,Professional,Divorced,Yes,159.8,55.8,21.9,Never,None,Moderate,Yes,No,159,71,5,0.7,3.9,1.6,5.3,95,136,4.3,8,5.4,1,Yes,24,Yes,Poor,No,Normal,Hypertension
PHC-0891,Kisesa HC,2024-10-05,58,Male,Rural,Primary,Trader,Married,Yes,179.8,71.4,22.1,Never,Moderate,Low,Yes,No,135,90,3.7,1.48,1.2,0.7,7.4,59,135,3.8,8,4.3,0,Yes,110,No,NA,NA,Normal,Hypertension
PHC-0255,Bugando PHC,2024-11-05,73,Male,Rural,Primary,Professional,Married,No,164.5,70.3,26,Current,Heavy,Low,No,No,166,87,3.6,0.94,1.4,2,4.6,92,138,3.1,8,15.4,0,Yes,21,No,NA,NA,Overweight,Hypertension
PHC-1461,Bugando PHC,2024-08-11,49,Female,Urban,Secondary,Trader,Married,Yes,144.9,50,23.8,Former,None,Low,Yes,No,144,70,4.8,1.95,NA,2.2,5.6,66,138,4.1,10,9.4,0,Yes,91,Yes,Good,No,Normal,Hypertension
PHC-1109,Bugando PHC,2024-06-22,59,Female,Rural,Primary,Other,Divorced,Yes,167.4,70.2,25.1,Never,None,Low,No,No,156,98,NA,1.02,5.9,0.4,4.8,99,139,5.2,7,4.8,1,Yes,15,Yes,Good,No,Overweight,Hypertension
PHC-0137,Nyamagana PHC,2024-05-05,59,Male,Urban,Tertiary,Trader,Divorced,Yes,174,85.3,28.2,Never,Moderate,Low,Yes,No,164,71,5.9,1.66,3.4,0.9,4,76,140,4.2,12,0.2,0,Yes,15,Yes,Good,No,Overweight,Hypertension
PHC-1136,Buzuruga PHC,2024-08-16,67,Female,Urban,Primary,Unemployed,Single,No,157.6,78.1,31.4,Never,None,Low,No,No,134,79,5.7,1.49,3.3,1.2,6.3,108,137,3.6,12,6.5,2,No,0,No,NA,NA,Obese,Elevated
PHC-0853,Igoma HC,2024-04-22,49,Male,Rural,Primary,Unemployed,Divorced,No,179.4,64.8,20.1,Former,Moderate,Moderate,No,No,113,84,5.7,1.42,2.9,1.8,4.7,60,142,4.3,13,16.5,0,No,0,No,NA,NA,Normal,Elevated
PHC-0724,Igoma HC,2024-07-29,59,Male,Rural,Tertiary,Trader,Widowed,No,156.2,65.3,26.8,Former,None,Low,No,No,152,85,6.4,1.16,4.7,1,6.1,96,134,3.7,13,12.2,1,Yes,66,No,NA,NA,Overweight,Hypertension
PHC-0860,Bugando PHC,2024-09-02,53,Male,Urban,Tertiary,Trader,Married,No,165,65,23.9,Never,None,Moderate,No,No,131,79,7.1,1.43,4.3,0.9,4.4,75,138,4,10,1.1,2,No,0,No,NA,NA,Normal,Elevated
PHC-0970,Bugando PHC,2024-10-11,58,Female,Urban,None,Farmer,Divorced,Yes,162,62.7,23.9,Never,Heavy,Moderate,Yes,No,132,72,3.2,1.53,1,0.8,5.1,77,135,4.5,7,1.1,0,No,0,No,NA,NA,Normal,Elevated
PHC-0497,Buzuruga PHC,2024-05-22,62,Male,Rural,None,Farmer,Married,No,173.2,81.4,27.1,Never,None,Low,No,Yes,169,86,5.2,1.36,2,1.8,8.4,82,135,5,14,5.5,2,Yes,28,No,NA,NA,Overweight,Hypertension
PHC-0951,Ilemela HC,2024-10-25,18,Female,Urban,Secondary,Trader,Married,No,161,69.1,26.7,Never,Heavy,Low,No,No,90,73,6.1,0.64,4.5,0.6,4.7,66,140,4.7,11,5.5,0,Yes,33,No,NA,NA,Overweight,Normal
PHC-0806,Bugando PHC,2024-05-20,NA,Male,Urban,Primary,Farmer,Divorced,No,166.3,85.8,31,Never,None,Low,No,No,157,91,5.3,1.96,2.2,1.9,5.3,72,135,3.8,3,3.1,1,Yes,101,No,NA,NA,Obese,Hypertension
PHC-0130,Kisesa HC,2024-09-13,32,Female,Rural,Secondary,Farmer,Married,Yes,168.4,97.2,34.3,Never,None,Low,No,No,155,81,NA,1.34,NA,2.4,5.2,62,139,3.5,5,5.3,1,Yes,55,No,NA,NA,Obese,Hypertension
PHC-0338,Nyamagana PHC,2024-10-11,77,Female,Urban,Tertiary,Professional,Divorced,Yes,167.4,105.7,37.7,Never,Moderate,Low,Yes,No,163,84,5.7,2.13,2.4,3.2,5.7,80,145,3.9,NA,NA,2,Yes,103,Yes,Good,No,Obese,Hypertension
PHC-1490,Ilemela HC,2024-11-22,31,Female,Urban,Primary,Other,Single,No,150.2,78,34.6,Current,None,High,Yes,No,162,91,6.9,0.9,4.9,1.5,4.8,100,137,4.3,10,6.8,3,Yes,8,Yes,Poor,No,Obese,Hypertension
PHC-0609,Bugando PHC,2024-01-08,43,Female,Rural,Primary,Farmer,Married,No,164.5,55.3,20.4,Former,None,Moderate,Yes,No,137,79,6.5,1.63,3.6,2.6,5.8,92,132,4.5,7,9.2,1,No,0,No,NA,NA,Normal,Elevated
PHC-1149,Nyamagana PHC,2024-07-15,72,Male,Rural,Secondary,Trader,Divorced,No,170.2,89.4,30.9,Former,None,High,No,No,135,93,6.6,0.66,4.1,1.9,6.2,94,136,4.5,9,6.6,2,Yes,83,No,NA,NA,Obese,Hypertension
PHC-0196,Nyamagana PHC,2024-08-24,53,Female,Urban,Secondary,Professional,Married,No,152.7,73.6,31.6,Current,None,Low,No,No,168,90,5.7,1.29,2.9,2,4.2,83,142,5,10,0.7,1,Yes,86,Yes,Poor,No,Obese,Hypertension
PHC-1476,Bugando PHC,2024-05-16,54,Male,Urban,Primary,Farmer,Widowed,No,164,75.2,28,Never,None,Low,Yes,No,121,94,NA,1.03,1.2,1.5,4.6,97,134,4.3,12,1.1,1,Yes,17,Yes,Good,No,Overweight,Hypertension
PHC-0910,Ilemela HC,2024-11-20,48,Male,Urban,Primary,Farmer,Widowed,No,173.5,83.5,27.7,Former,None,Low,No,Yes,128,93,4.8,1.27,3,3.1,8,80,140,4.2,NA,1.5,1,Yes,98,Yes,Poor,No,Overweight,Hypertension
PHC-0585,Kisesa HC,2024-06-08,69,Female,Rural,Primary,Unemployed,Married,No,163.6,94.1,35.2,Never,None,Moderate,No,No,137,86,6.4,1.29,4.6,1.4,5.1,88,141,4.5,18,8.4,3,No,0,No,NA,NA,Obese,Elevated
PHC-0104,Ilemela HC,2024-01-29,45,Female,Rural,Primary,Unemployed,Divorced,Yes,157.8,61.9,24.9,Former,None,Moderate,No,No,134,78,6.6,1.76,3.5,1.9,5.6,84,142,5.5,9,4.4,2,No,0,No,NA,NA,Normal,Elevated
PHC-1382,Ilemela HC,2024-01-18,85,Female,Rural,None,Trader,Married,No,164.2,67.9,25.2,Former,Moderate,Moderate,No,No,141,108,4.8,0.5,3.3,1.4,4.2,114,136,5,3,19.1,0,Yes,3,Yes,Poor,No,Overweight,Hypertension
PHC-1396,Ilemela HC,2024-10-18,59,Female,Urban,Secondary,Trader,Married,Yes,154.3,55.3,23.2,Former,Heavy,Low,Yes,No,121,90,4.8,1.55,2,0.9,NA,84,139,3.7,12,19.9,0,Yes,69,Yes,Good,No,Normal,Hypertension
PHC-0720,Kisesa HC,2024-06-06,50,Female,Urban,Primary,Other,Divorced,No,151.9,69.9,30.3,Never,None,Moderate,No,No,142,86,4.7,1.82,2,0.5,4.1,75,139,4.6,14,4.5,1,Yes,90,No,NA,NA,Obese,Hypertension
PHC-0885,Nyamagana PHC,2024-05-07,65,Female,Rural,Primary,Trader,Married,No,163.4,62.7,23.5,Current,Heavy,Moderate,Yes,No,172,96,7.6,1.39,5.3,1,NA,83,135,4,13,5.4,1,Yes,90,Yes,Good,No,Normal,Hypertension
PHC-0777,Kisesa HC,2024-02-08,46,Female,Urban,Primary,Trader,Married,Yes,161.3,48.9,18.8,Never,None,Low,No,No,112,84,4.5,1.21,1.9,2.2,5.7,106,141,4.3,12,2.1,0,No,0,No,NA,NA,Normal,Elevated
PHC-0850,Ilemela HC,2024-07-07,51,Female,Rural,Tertiary,Unemployed,Married,Yes,164.3,81.6,30.2,Never,None,Low,No,No,139,97,4.2,1.74,NA,1.6,5.1,116,140,4,7,4.6,1,Yes,42,No,NA,NA,Obese,Hypertension
PHC-0895,Igoma HC,2024-03-13,49,Male,Rural,Primary,Professional,Married,Yes,167.7,95.1,33.8,Never,Moderate,Low,No,No,150,90,5.6,0.69,4.2,1.4,4.6,99,133,4,9,5.5,1,Yes,99,No,NA,NA,Obese,Hypertension
PHC-0228,Nyamagana PHC,2024-04-18,44,Female,Urban,Secondary,Unemployed,Married,No,162.3,77.9,29.6,Never,Moderate,Low,No,No,135,80,4.2,2.17,1,1.4,4.5,71,136,3.9,14,0.2,0,No,0,No,NA,NA,Overweight,Elevated
PHC-1406,Igoma HC,2024-10-15,48,Female,Urban,Tertiary,Other,Married,No,159.7,76.9,30.2,Former,None,Low,No,No,163,102,4.4,1.47,NA,1.8,6.6,59,134,4,8,2.1,1,Yes,61,Yes,Good,No,Obese,Hypertension
PHC-0127,Bugando PHC,2024-03-31,39,Female,Rural,None,Unemployed,Single,No,163.8,77.1,28.7,Former,Moderate,Low,No,No,134,90,5.3,1.51,2.9,0.4,6.5,94,136,4.7,9,6.6,0,Yes,69,No,NA,NA,Overweight,Hypertension
PHC-0406,Ilemela HC,2024-10-16,37,Female,Urban,Primary,Trader,Married,No,157.6,53.5,21.5,Never,None,Low,Yes,No,128,95,NA,1.51,1.3,1.4,6.4,94,143,4,7,5.3,0,Yes,57,No,NA,NA,Normal,Hypertension
PHC-0776,Bugando PHC,2024-01-24,43,Male,Rural,Tertiary,Farmer,Married,Yes,166.4,90.5,32.7,Current,Moderate,High,No,No,145,79,5,1.99,1.6,2.5,6,86,140,4.2,11,6.6,1,Yes,1,No,NA,NA,Obese,Hypertension
PHC-0822,Ilemela HC,2024-09-23,64,Female,Urban,Primary,Other,Widowed,No,169.5,109.7,38.2,Never,None,High,No,No,169,86,5.8,1.75,3.2,1.3,6.1,61,137,3.9,10,13.5,1,Yes,69,Yes,Good,No,Obese,Hypertension
PHC-0712,Ilemela HC,2024-05-12,64,Female,Urban,None,Other,Single,Yes,160.2,54.2,21.1,Never,Moderate,Low,No,No,131,75,5.6,1.36,2.5,1.5,4.4,90,136,4.7,9,6.6,0,No,0,No,NA,NA,Normal,Elevated
PHC-1410,Bugando PHC,2024-11-27,54,Female,Urban,Primary,Trader,Married,No,155.4,48.6,20.1,Former,None,Moderate,No,No,155,78,5.4,1.3,3.1,0.6,5.4,73,140,4,11,5.6,0,Yes,83,Yes,Good,No,Normal,Hypertension
PHC-1061,Nyamagana PHC,2024-04-22,40,Male,Rural,Secondary,Professional,Divorced,No,170.8,64,21.9,Never,Heavy,Low,No,No,114,77,4.6,1.39,1.9,1.5,5.8,77,143,3.5,10,10.1,0,Yes,14,No,NA,NA,Normal,Normal
PHC-1164,Ilemela HC,2024-10-29,73,Male,Rural,Secondary,Farmer,Married,Yes,170.2,80.1,27.7,Current,Moderate,Low,No,No,180,107,5.4,1.55,NA,2.6,5.4,101,141,3.5,4,7.8,0,Yes,109,No,NA,NA,Overweight,Hypertension
PHC-0304,Bugando PHC,2024-10-28,55,Female,Rural,None,Farmer,Married,No,156.6,70.1,28.6,Current,Moderate,Low,No,No,155,73,5.8,1.34,2.8,2.1,NA,77,140,4.5,NA,7.2,0,Yes,18,Yes,Poor,No,Overweight,Hypertension
PHC-0268,Kisesa HC,2024-07-05,40,Female,Urban,NA,Unemployed,Married,No,153.3,83.2,35.4,Never,Moderate,Moderate,Yes,No,148,72,4.3,1.84,1.7,1.7,6.6,78,136,4.1,7,2.2,1,Yes,25,Yes,Poor,No,Obese,Hypertension
PHC-0546,Kisesa HC,2024-07-26,71,Female,Urban,Primary,Unemployed,Married,Yes,167.4,72.2,25.8,Never,Heavy,Low,No,No,162,81,4.4,1.04,2.4,2.3,5.9,98,138,4.9,8,18.1,0,Yes,43,No,NA,NA,Overweight,Hypertension
PHC-0213,Bugando PHC,2024-04-06,73,Male,Rural,Primary,Farmer,Married,No,164.2,61.7,22.9,Never,Heavy,Low,No,No,128,81,6.4,1.64,3.7,1.3,5.7,97,136,4,6,11.5,1,No,0,No,NA,NA,Normal,Elevated
PHC-0897,Kisesa HC,2024-11-27,37,Male,Urban,None,Farmer,Married,No,165,69.6,25.6,Former,Moderate,Moderate,No,No,117,94,3,1.32,1,2.9,4.6,67,140,3.7,6,1,0,Yes,112,No,NA,NA,Overweight,Hypertension
PHC-0917,Ilemela HC,2024-11-11,49,Male,Urban,Secondary,Unemployed,Widowed,Yes,148.8,53.3,24.1,Former,Moderate,Low,No,No,134,77,2.8,1.29,1,1.2,4.9,77,142,4.3,11,11.4,0,No,0,No,NA,NA,Normal,Elevated
PHC-0676,Bugando PHC,2024-02-02,42,Male,Urban,Primary,Farmer,Married,Yes,174,NA,NA,Former,None,High,No,No,135,89,5,0.5,3.7,1.3,6.4,97,132,3.7,5,8.7,2,No,0,No,NA,NA,NA,Elevated
PHC-0815,Bugando PHC,2024-08-19,39,Female,Rural,Primary,Unemployed,Married,No,152.4,57.5,24.8,Former,Moderate,Moderate,No,No,143,84,5.9,0.72,4.3,2.9,5.9,79,135,3.9,20,4.1,1,Yes,74,Yes,Good,No,Normal,Hypertension
PHC-0343,Bugando PHC,2024-11-06,42,Male,Urban,None,Farmer,Widowed,Yes,181.9,105.9,32,Current,Moderate,Low,No,No,181,76,NA,1.45,1,1.7,6.8,98,138,3.9,5,8.5,1,Yes,15,No,NA,NA,Obese,Hypertension
PHC-0550,Ilemela HC,2024-02-08,42,Male,Rural,Secondary,Farmer,Married,Yes,168.9,66.9,23.5,Never,Heavy,High,No,No,165,89,5,1.59,2.4,0.9,7.1,83,135,4.1,9,6.8,0,Yes,28,Yes,Good,No,Normal,Hypertension
PHC-1215,Buzuruga PHC,2024-08-13,49,Female,Urban,Primary,Other,Widowed,Yes,166.1,71,25.7,Never,None,High,No,No,122,114,4.7,1.12,2.6,1.6,5.2,110,138,3.5,6,5,0,Yes,91,Yes,Good,No,Overweight,Hypertension
PHC-0967,Buzuruga PHC,2024-10-23,54,Male,Rural,Secondary,Professional,Married,Yes,172.2,69.1,23.3,Former,None,Low,Yes,No,135,98,4.2,0.68,2.1,1.9,5.4,77,136,4.1,12,8.9,0,Yes,73,No,NA,NA,Normal,Hypertension
PHC-0296,Bugando PHC,2024-10-09,31,Male,Rural,None,Unemployed,Married,No,173.9,77.4,25.6,Former,Moderate,Moderate,No,No,119,65,5.4,1.03,3.7,1.8,5.5,50,139,4.5,9,13.4,0,Yes,23,No,NA,NA,Overweight,Normal
PHC-0696,Igoma HC,2024-08-05,56,Female,Rural,Primary,Professional,Single,No,164.5,74,27.3,Never,None,Moderate,Yes,No,124,95,5,1.15,2.9,3,4.4,102,148,4.7,10,6.6,0,Yes,46,No,NA,NA,Overweight,Hypertension
PHC-0074,Bugando PHC,2024-05-31,36,Female,Rural,Primary,Farmer,Divorced,No,152.6,52.2,22.4,Never,Moderate,Moderate,Yes,No,154,72,4.7,1.19,2.4,1.6,5.7,85,135,4.4,12,10.8,0,Yes,26,No,NA,NA,Normal,Hypertension
PHC-0606,Nyamagana PHC,2024-03-21,38,Female,Rural,Secondary,Farmer,Married,No,163.9,46.7,17.4,Never,Moderate,Moderate,Yes,No,152,87,5.6,1.34,2.8,2.1,4.7,95,137,4.7,12,17.6,0,Yes,2,Yes,Poor,No,Underweight,Hypertension
PHC-0105,Ilemela HC,2024-10-07,33,Female,Rural,Primary,Trader,Married,No,163.7,58,21.6,Former,Heavy,High,No,No,152,88,6.2,1.17,3.5,1.7,3.9,110,141,4.2,10,5.3,0,Yes,73,No,NA,NA,Normal,Hypertension
PHC-0646,Nyamagana PHC,2024-02-16,72,Male,Urban,Primary,Trader,Married,Yes,174.8,73,23.9,Former,None,Low,No,No,145,91,5.2,1.4,2.2,0.7,5.2,86,136,3.7,12,1.2,0,Yes,105,Yes,Good,No,Normal,Hypertension
PHC-1465,Ilemela HC,2024-07-09,50,Female,Rural,Primary,Professional,Married,No,149.6,65.7,29.4,Former,Moderate,Low,No,No,111,78,5.4,0.84,3,1.9,5.7,122,140,4.4,12,15.7,0,No,0,No,NA,NA,Overweight,Normal
PHC-1041,Ilemela HC,2024-11-09,60,Male,Urban,Secondary,Unemployed,Married,No,179.8,78.9,24.4,Never,None,Low,No,No,145,79,4.2,1.11,1.7,1.5,4.1,82,139,4.3,13,15.2,0,Yes,109,Yes,Good,No,Normal,Hypertension
PHC-0440,Bugando PHC,2024-07-26,46,Male,Urban,Secondary,Farmer,Married,No,172.4,99.4,33.4,Former,None,Moderate,No,No,124,99,4.9,1.07,3.2,1.1,4.5,105,135,3.9,14,4.2,1,Yes,82,Yes,Good,No,Obese,Hypertension
PHC-1020,Igoma HC,2024-05-29,54,Female,Urban,Secondary,Farmer,Single,No,155.1,86.9,36.1,Never,Moderate,High,Yes,No,139,83,NA,0.5,3.9,0.6,NA,66,139,4.8,17,6,1,Yes,112,No,NA,NA,Obese,Elevated
PHC-0092,Igoma HC,2024-09-01,39,Female,Urban,Primary,Farmer,Married,No,164.9,68.6,25.2,Never,None,High,No,No,137,80,6.2,1.27,4,1,4.4,93,138,4.2,4,5.6,0,No,0,No,NA,NA,Overweight,Elevated
PHC-1113,Kisesa HC,2024-10-06,62,Female,Urban,Primary,Trader,Single,No,170.8,74.5,25.5,Former,None,High,No,No,147,82,6,1.84,2.6,0.6,4.3,96,140,3,6,11,0,Yes,74,No,NA,NA,Overweight,Hypertension
PHC-1308,Nyamagana PHC,2024-09-02,60,Male,Rural,Primary,Farmer,Widowed,No,180,71,21.9,Never,None,Moderate,No,No,130,93,5.2,1.57,2.4,0.4,3.9,52,139,3.4,10,9.1,0,Yes,34,No,NA,NA,Normal,Hypertension
PHC-0909,Bugando PHC,2024-09-13,47,Male,Rural,Tertiary,Farmer,Married,Yes,170.2,67.6,23.3,Never,Heavy,Low,Yes,No,142,81,5.3,1.26,3.1,1.5,4.5,95,138,3.7,16,5.6,0,Yes,81,Yes,Good,No,Normal,Hypertension
PHC-0103,Igoma HC,2024-04-10,41,Male,Rural,Tertiary,Farmer,Married,Yes,170.2,94.9,32.8,Never,None,Moderate,Yes,No,116,73,4.9,1.21,2.8,1,5.5,100,139,4.1,16,12,1,No,0,No,NA,NA,Obese,Normal
PHC-0239,Bugando PHC,2024-11-09,39,Female,Rural,Secondary,Other,Single,No,151.2,56,24.5,Former,None,High,Yes,No,121,64,3.7,1.25,1.1,1.7,5.6,91,138,4,17,11.7,0,No,0,No,NA,NA,Normal,Normal
PHC-1272,Ilemela HC,2024-02-06,37,Male,Rural,Primary,Farmer,Married,No,171.3,83.5,28.5,Never,None,Low,No,No,101,88,5,1.34,2.9,2.7,5.5,77,140,3.7,11,24.1,0,No,0,No,NA,NA,Overweight,Elevated
PHC-0943,Kisesa HC,2024-05-21,52,Female,Urban,None,Other,Single,Yes,151,66.6,29.2,Current,None,Moderate,No,No,148,84,6.4,1.56,4.3,1.6,5.5,53,142,3.7,10,8.7,1,Yes,97,Yes,Poor,No,Overweight,Hypertension
PHC-0939,Ilemela HC,2024-05-12,71,Female,Urban,Tertiary,Professional,Married,No,151.5,49.8,21.7,Never,Moderate,Moderate,Yes,No,128,85,5.3,1.94,2.3,1.8,5.8,94,136,4.3,12,1.6,0,No,0,No,NA,NA,Normal,Elevated
PHC-1182,Bugando PHC,2024-01-16,42,Female,Rural,Secondary,Farmer,Married,No,153.7,56.5,23.9,Never,None,Moderate,No,No,112,94,4.5,1.48,1.4,2,4.9,74,135,4.2,8,7.8,1,Yes,15,Yes,Poor,No,Normal,Hypertension
PHC-0006,Bugando PHC,2024-07-19,78,Male,Urban,Secondary,Farmer,Widowed,No,162.9,49.9,18.8,Former,Moderate,Low,No,No,150,94,5.1,1.3,2.5,1.1,7.8,82,139,4.6,16,NA,0,Yes,15,Yes,Poor,No,Normal,Hypertension
PHC-1356,Bugando PHC,2024-01-23,60,Female,Urban,Secondary,Unemployed,Divorced,Yes,154.5,78.5,32.9,Never,None,Moderate,No,No,150,87,3.6,0.5,1.4,2.2,NA,63,139,4,6,0.4,1,Yes,102,Yes,Poor,No,Obese,Hypertension
PHC-0966,Kisesa HC,2024-07-16,49,Female,Urban,Primary,Farmer,Single,No,161.7,66.4,25.4,Current,None,Low,Yes,No,121,83,4.1,1,2.1,0.9,6.2,65,146,4.5,10,9.1,1,No,0,No,NA,NA,Overweight,Elevated
PHC-0019,Kisesa HC,2024-08-17,45,Male,Rural,Primary,Other,Married,No,178.2,74.9,23.6,Current,None,Low,Yes,No,126,81,4.3,1.4,1.8,0.8,4.5,93,136,4.4,NA,22,0,No,0,No,NA,NA,Normal,Elevated
PHC-0122,Bugando PHC,2024-07-03,52,Male,Rural,Primary,Farmer,Married,Yes,169.5,77,26.8,Never,None,High,No,No,171,73,5.5,1.02,3.7,2.2,4.9,100,133,4.2,12,25,0,Yes,18,No,NA,NA,Overweight,Hypertension
PHC-0662,Buzuruga PHC,2024-01-30,60,Male,Rural,None,Other,Divorced,No,163.3,NA,NA,Never,Moderate,Low,No,No,130,84,5.4,0.98,2.7,2.8,5.1,50,141,4.3,11,9,1,No,0,No,NA,NA,NA,Elevated
PHC-1260,Nyamagana PHC,2024-05-10,35,Female,Rural,None,Professional,Married,Yes,160.3,81.9,31.9,Never,None,Low,Yes,No,161,80,5.8,0.98,3.8,1.6,4.6,59,139,5,12,7,1,Yes,72,No,NA,NA,Obese,Hypertension
PHC-0275,Buzuruga PHC,2024-06-25,82,Female,Rural,Secondary,Trader,Married,Yes,148.9,65,29.3,Never,None,Moderate,Yes,No,145,103,4.7,1.14,2.4,2.6,6,56,135,3.4,13,10.8,0,Yes,51,Yes,Poor,No,Overweight,Hypertension
PHC-0434,Bugando PHC,2024-03-24,49,Female,Urban,Secondary,Other,Married,No,158.9,69.8,27.6,Current,None,Low,No,No,112,70,4.4,0.96,2.7,1.2,4.9,65,141,4.2,4,3.1,1,No,0,No,NA,NA,Overweight,Normal
PHC-0812,Igoma HC,2024-08-29,60,Male,Urban,Secondary,Trader,Married,No,172.1,92.9,31.4,Never,Moderate,High,Yes,No,128,98,5.6,1.25,3.3,2.6,5.9,101,140,4,13,1.1,1,Yes,118,Yes,Poor,No,Obese,Hypertension
PHC-1397,Nyamagana PHC,2024-08-24,41,Male,Urban,Tertiary,Trader,Married,No,167.5,80.9,28.8,Never,Moderate,Moderate,No,No,122,98,6,1.63,3.1,1.8,4.5,60,142,4.6,10,1,0,Yes,11,No,NA,NA,Overweight,Hypertension
PHC-1411,Bugando PHC,2024-01-18,62,Female,Urban,Secondary,Farmer,Married,No,164.8,50.3,18.5,Never,None,Low,Yes,No,120,69,5.4,1.37,2.8,1.6,4.7,71,145,5,14,2,0,No,0,No,NA,NA,Underweight,Normal
PHC-0182,Ilemela HC,2024-04-05,48,Female,Urban,None,Farmer,Single,No,144.3,61.1,29.3,Former,None,Low,Yes,No,148,109,4.7,1.14,2.3,1.5,4.8,69,138,4.1,11,0.5,0,Yes,23,No,NA,NA,Overweight,Hypertension
PHC-0185,Igoma HC,2024-02-09,53,Female,Urban,None,Unemployed,Married,No,166.5,103.1,37.2,Former,Moderate,Low,No,No,144,87,4.9,1.4,2.5,2.6,4.3,103,139,3.4,12,2,1,Yes,7,No,NA,NA,Obese,Hypertension
PHC-0407,Nyamagana PHC,2024-03-07,57,Female,Urban,Primary,Farmer,Married,No,172.4,87.5,29.4,Former,None,High,No,No,142,74,5.6,1.51,2.7,1.5,5.9,116,140,3.6,10,4.1,0,Yes,101,Yes,Good,No,Overweight,Hypertension
PHC-0866,Bugando PHC,2024-08-06,39,Female,Urban,Primary,Unemployed,Married,No,160,63.2,24.7,Never,None,High,No,No,118,87,3.5,1.55,1,2.4,6,98,139,3.8,11,6.6,0,No,0,No,NA,NA,Normal,Elevated
PHC-0521,Nyamagana PHC,2024-03-11,57,Male,Rural,Secondary,Professional,Divorced,Yes,166.2,54.3,19.7,Never,Moderate,Moderate,No,No,111,76,3.7,1.19,1.9,1.6,6.5,109,138,4.2,16,17.7,0,No,0,No,NA,NA,Normal,Normal
PHC-1004,Igoma HC,2024-05-15,31,Female,Rural,Primary,Trader,Married,No,164.8,83,30.6,Never,None,Low,No,No,135,80,4.8,0.99,2.8,2.4,4.7,67,147,4,10,7.2,1,No,0,No,NA,NA,Obese,Elevated
PHC-0381,Ilemela HC,2024-11-28,43,Female,Urban,Primary,Farmer,Divorced,Yes,148.6,54.5,24.7,Never,None,Low,No,No,118,79,4.9,2.05,2.5,1.7,4.7,50,139,3.9,5,1.6,0,No,0,No,NA,NA,Normal,Normal
PHC-0428,Kisesa HC,2024-07-01,54,Male,Urban,Primary,Unemployed,Divorced,Yes,175.3,98,31.9,Never,None,Low,No,No,164,103,4.4,1.03,2.3,1.8,7.4,70,142,3.6,11,2.1,1,Yes,101,Yes,Good,No,Obese,Hypertension
PHC-0079,Buzuruga PHC,2024-04-26,71,Male,Urban,Primary,Trader,Single,Yes,177.9,82.4,26,Former,None,Low,No,No,128,75,5.3,1.1,3.3,2.6,6.2,88,141,4,12,8.2,0,No,0,No,NA,NA,Overweight,Normal
PHC-1010,Ilemela HC,2024-05-06,46,Male,Urban,Primary,Farmer,Married,No,167.4,72.4,25.8,Current,None,Low,Yes,No,139,91,4,1.78,1.1,0.8,5.7,52,139,4.3,5,12.8,0,Yes,53,No,NA,NA,Overweight,Hypertension
PHC-1472,Ilemela HC,2024-01-21,42,Female,Urban,Primary,Trader,Widowed,Yes,158.7,80,31.8,NA,Moderate,Low,No,No,130,96,NA,1.72,3.4,0.4,5.6,80,144,3.4,11,4.1,2,Yes,115,Yes,Good,No,Obese,Hypertension
PHC-0608,Kisesa HC,2024-04-18,72,Female,Urban,Secondary,Trader,Married,Yes,153.1,60.9,26,Never,None,Low,No,No,143,87,4.8,1,2.9,0.7,5.1,61,139,3.7,13,12.4,0,Yes,118,No,NA,NA,Overweight,Hypertension
PHC-1329,Bugando PHC,2024-08-04,59,Male,Urban,NA,Farmer,Married,No,173.6,65.1,21.6,NA,None,Low,No,No,162,107,NA,1.59,1.3,0.4,6.1,102,138,4.2,6,7.2,0,Yes,103,Yes,Poor,No,Normal,Hypertension
PHC-1487,Ilemela HC,2024-05-19,72,Male,Urban,Secondary,Farmer,Married,No,170.5,68.1,23.4,Former,Heavy,Low,No,No,128,71,3.9,0.96,1.5,2,6.8,95,141,3.5,16,3.1,0,No,0,No,NA,NA,Normal,Normal
PHC-1362,Bugando PHC,2024-11-12,59,Female,Rural,Secondary,Unemployed,Single,Yes,151.7,72.7,31.6,Never,Moderate,Moderate,No,No,149,78,4.8,0.89,2.8,3.1,4.8,88,131,4,11,10,1,Yes,17,No,NA,NA,Obese,Hypertension
PHC-1058,Ilemela HC,2024-03-30,25,Male,Rural,None,Other,Married,No,164.6,63.9,23.6,Never,Moderate,Low,No,No,105,87,5.2,1.16,3.3,1.8,6.3,64,140,3.8,17,8,0,No,0,No,NA,NA,Normal,Elevated
PHC-1092,Kisesa HC,2024-10-06,65,Male,Rural,None,Trader,Divorced,No,172.4,78.5,26.4,Former,None,Moderate,Yes,No,158,95,4.3,1.2,2.1,1.7,5.7,75,135,3.8,8,8.2,0,Yes,94,No,NA,NA,Overweight,Hypertension
PHC-1102,Bugando PHC,2024-08-22,59,Female,Urban,None,Unemployed,Married,Yes,165.7,44.6,16.2,Current,Moderate,Low,No,No,107,90,NA,1.47,2.7,1.9,5,81,142,4.1,11,9.2,0,Yes,81,No,NA,NA,Underweight,Hypertension
PHC-1130,Ilemela HC,2024-10-24,49,Female,Urban,Secondary,Professional,Married,No,156.6,70.3,28.7,Never,None,Moderate,Yes,No,167,67,4.6,1.38,2.2,2,4.9,56,135,4.5,11,0.6,0,Yes,53,No,NA,NA,Overweight,Hypertension
PHC-1236,Ilemela HC,2024-09-09,37,Female,Rural,None,Farmer,Widowed,No,158,47.4,19,Current,Moderate,Moderate,Yes,No,129,75,5.8,1.07,3.4,1.5,6.1,71,142,3.4,15,7.9,0,No,0,No,NA,NA,Normal,Normal
PHC-1315,Kisesa HC,2024-04-13,69,Male,Rural,Secondary,Unemployed,Married,Yes,176.4,83.7,26.9,Current,None,Moderate,No,No,166,89,6.3,0.6,4.8,2.6,6,80,135,4.1,9,7.2,1,Yes,91,Yes,Poor,No,Overweight,Hypertension
PHC-0959,Ilemela HC,2024-07-04,50,Female,Urban,Primary,Other,Married,No,165.1,83.5,30.6,Never,Moderate,Moderate,No,No,141,98,NA,1.08,4.5,2.6,6.7,105,142,3.4,11,13.6,2,Yes,26,No,NA,NA,Obese,Hypertension
PHC-0560,Nyamagana PHC,2024-05-21,59,Female,Urban,Tertiary,Farmer,Married,No,160.7,69.9,27.1,Never,None,Low,No,No,169,79,4.6,1.5,1.9,1.1,4.6,81,142,5,12,4.4,0,Yes,33,Yes,Poor,No,Overweight,Hypertension
PHC-0847,Bugando PHC,2024-01-22,57,Male,Urban,Secondary,Farmer,Married,No,177,97.2,31,Never,Moderate,Low,No,No,167,93,5.6,1.33,3.2,1.6,3.4,121,133,3.9,18,3.1,1,Yes,18,No,NA,NA,Obese,Hypertension
PHC-0691,Bugando PHC,2024-03-27,47,Female,Rural,Primary,Professional,Married,Yes,162.8,59.4,22.4,Former,Heavy,High,Yes,No,99,91,5.5,1.34,3,2.2,4.5,61,140,4.2,12,17.3,0,Yes,64,No,NA,NA,Normal,Hypertension
PHC-1447,Bugando PHC,2024-07-10,37,Male,Rural,Primary,Unemployed,Married,No,166.9,76.1,27.3,Current,None,Moderate,Yes,No,129,87,4.3,1.02,1.9,2.1,6.1,70,142,5.5,9,10.1,0,No,0,No,NA,NA,Overweight,Elevated
PHC-1395,Ilemela HC,2024-11-21,46,Female,Urban,Primary,Trader,Divorced,Yes,173.2,88.7,29.6,Never,None,Low,Yes,No,138,96,4.5,0.96,2.5,0.9,4.3,98,137,3.3,10,3.6,1,Yes,45,Yes,Poor,No,Overweight,Hypertension
PHC-0437,Kisesa HC,2024-03-12,49,Female,Urban,Tertiary,Unemployed,Married,Yes,159.3,58.5,23.1,Former,Moderate,Low,No,No,131,102,4.9,0.71,2.5,0.6,6.3,76,144,3.9,NA,10.2,1,Yes,45,Yes,Good,No,Normal,Hypertension
PHC-0491,Igoma HC,2024-10-19,33,Male,Urban,Primary,Trader,Married,No,163.5,NA,NA,Former,Moderate,Moderate,No,No,169,88,5,1.27,2.9,3.8,6.1,60,141,4.3,3,6.2,0,Yes,59,No,NA,NA,NA,Hypertension
PHC-1492,Ilemela HC,2024-07-28,67,Female,Urban,Secondary,Farmer,Divorced,No,160.9,73.4,28.4,Never,Heavy,Moderate,No,No,152,75,NA,1.7,NA,1.6,7.2,116,143,5.4,14,3.4,0,Yes,34,Yes,Poor,No,Overweight,Hypertension
PHC-1497,Bugando PHC,2024-02-23,54,Male,Urban,Tertiary,Unemployed,Widowed,No,167.3,66.8,23.9,NA,Moderate,High,Yes,No,118,84,4,1.34,NA,0.8,5.5,66,136,4.1,16,2.9,1,Yes,104,No,NA,NA,Normal,Elevated
PHC-0070,Igoma HC,2024-08-10,33,Female,Urban,Primary,Professional,Married,Yes,155.3,65.9,27.3,Never,None,Low,Yes,No,140,70,5.3,1.4,2.7,1.4,4.6,76,137,4.9,11,10.2,0,Yes,115,No,NA,NA,Overweight,Hypertension
PHC-0809,Nyamagana PHC,2024-05-18,18,Male,Urban,Secondary,Unemployed,Married,No,175,72,23.5,Never,Heavy,Low,No,No,112,79,5.4,1.58,3.1,1.6,5.2,92,139,4.3,NA,0.4,0,No,0,No,NA,NA,Normal,Normal
PHC-1185,Bugando PHC,2024-05-19,59,Female,Urban,None,Professional,Married,Yes,166.4,92.2,33.3,Former,None,Moderate,No,No,158,98,4.8,1.23,NA,2,4.4,88,142,3.8,9,2,1,Yes,18,Yes,Good,No,Obese,Hypertension
PHC-0012,Ilemela HC,2024-06-12,77,Male,Urban,None,Professional,Single,Yes,165.4,72,26.3,Never,None,Low,No,No,109,97,5.6,1.48,3.3,2.8,6,74,137,3.8,14,NA,1,Yes,54,Yes,Good,No,Overweight,Hypertension
PHC-0145,Buzuruga PHC,2024-05-13,46,Female,Rural,None,Trader,Married,No,162.7,60.1,22.7,Current,None,Low,Yes,No,105,88,5.1,1.49,2.6,2.3,4.5,51,140,5.1,10,8.1,0,Yes,92,Yes,Good,Yes,Normal,Elevated
PHC-0918,Bugando PHC,2024-08-01,72,Male,Urban,Primary,Other,Single,Yes,166.4,84.8,30.6,Never,Moderate,Low,No,No,144,100,5.1,1.58,2.8,1,4.6,97,138,4.3,10,4.9,1,Yes,87,Yes,Good,No,Obese,Hypertension
PHC-0640,Nyamagana PHC,2024-08-05,37,Male,Rural,Secondary,Farmer,Married,Yes,178.2,85.2,26.8,Never,Moderate,High,Yes,No,126,99,5.6,1.54,3,1.2,5.6,87,142,4.8,15,16.8,0,Yes,2,Yes,Poor,No,Overweight,Hypertension
PHC-0177,Igoma HC,2024-09-08,40,Male,Rural,Primary,Farmer,Married,Yes,186.7,87.2,25,Former,Heavy,Low,Yes,No,131,101,5.6,1.1,3.2,1.8,5.9,77,142,4.2,12,6.6,0,Yes,86,No,NA,NA,Normal,Hypertension
PHC-0995,Buzuruga PHC,2024-01-22,38,Male,Urban,Secondary,Trader,Single,No,160.9,73,28.2,Never,None,Low,No,No,124,92,5.4,1.47,2.8,3,6,92,138,4.7,10,3.6,0,Yes,45,No,NA,NA,Overweight,Hypertension
PHC-0441,Bugando PHC,2024-04-04,43,Female,Urban,Secondary,Unemployed,Married,No,164.4,66.8,24.7,Never,None,Low,Yes,No,132,94,5,1.62,2.1,1.1,4.9,94,137,5,NA,3.8,0,Yes,12,No,NA,NA,Normal,Hypertension
PHC-0522,Nyamagana PHC,2024-10-04,46,Female,Rural,Secondary,Unemployed,Divorced,No,158,80.1,32.1,Never,Moderate,Low,No,No,166,81,4.2,1.76,1.2,1.8,6.2,92,137,4.7,5,8.4,1,Yes,18,No,NA,NA,Obese,Hypertension
PHC-1478,Bugando PHC,2024-06-19,75,Male,Urban,None,Professional,Widowed,No,179.5,87.4,27.1,Former,None,Low,No,No,170,97,5.4,1.25,3.1,2,5.1,96,136,4.2,12,9.8,0,Yes,19,Yes,Poor,No,Overweight,Hypertension
PHC-1005,Bugando PHC,2024-05-02,59,Male,Urban,Primary,Other,Married,Yes,161.5,64.5,24.7,Never,None,Low,Yes,No,151,72,3.6,1.56,1,1.7,5.5,78,136,4.4,8,6.3,1,Yes,13,Yes,Good,No,Normal,Hypertension
PHC-1256,Igoma HC,2024-11-21,54,Female,Urban,Primary,Other,Married,Yes,165,66,24.2,Never,None,Low,No,No,140,77,4.1,0.94,NA,2.4,6.1,90,142,4.7,12,1.7,1,Yes,93,Yes,Poor,No,Normal,Hypertension
PHC-1235,Bugando PHC,2024-04-12,35,Male,Rural,Secondary,Trader,Married,No,169.4,61.6,21.5,Former,None,Moderate,No,No,124,74,5.1,1.42,2.2,1.4,4.9,67,139,3.6,10,13.7,1,Yes,67,No,NA,NA,Normal,Normal
PHC-0144,Kisesa HC,2024-06-28,95,Female,Urban,Primary,Farmer,Married,No,155.7,51.7,21.3,Never,None,Low,Yes,No,174,73,NA,1.1,3.3,1.3,4.8,73,137,4.4,7,9.2,0,Yes,31,Yes,Poor,No,Normal,Hypertension
PHC-0754,Kisesa HC,2024-08-22,55,Female,Urban,Primary,Professional,Married,Yes,163.9,95,35.4,Never,None,Moderate,Yes,No,167,80,5.7,1.35,2.8,2.5,5.5,65,134,4,9,0.2,1,Yes,38,Yes,Good,No,Obese,Hypertension
PHC-0520,Kisesa HC,2024-08-01,50,Male,Urban,Secondary,Farmer,Divorced,No,171.5,78.1,26.6,Never,None,Low,No,No,103,80,5,1.54,2.4,1.6,6,68,137,4.2,7,3.7,0,No,0,No,NA,NA,Overweight,Elevated
PHC-0823,Igoma HC,2024-02-13,24,Male,Urban,Primary,Trader,Married,No,171,67.4,23,Never,None,High,No,No,129,71,4.6,1.6,1.9,0.6,6,62,136,4.8,6,3,1,No,0,No,NA,NA,Normal,Normal
PHC-0429,Igoma HC,2024-06-20,56,Male,Rural,Tertiary,Unemployed,Married,No,175.3,NA,NA,Former,Moderate,Moderate,No,No,184,84,4.4,1.63,1.8,1.4,5.5,96,144,4.3,13,11.1,0,Yes,83,No,NA,NA,NA,Hypertension
PHC-0613,Nyamagana PHC,2024-09-27,34,Female,Rural,Secondary,Professional,Widowed,No,162.1,77.9,29.6,Never,None,Moderate,No,No,150,83,5.9,1.08,4.1,0.6,5.3,74,137,4.1,14,7.4,0,Yes,106,No,NA,NA,Overweight,Hypertension
PHC-1033,Bugando PHC,2024-10-03,40,Male,Urban,Secondary,Farmer,Widowed,No,171.1,47.4,16.2,Never,Moderate,Low,Yes,No,133,92,4.8,1.75,1.8,0.6,5.3,66,139,4.1,8,20.5,0,Yes,45,No,NA,NA,Underweight,Hypertension
PHC-0157,Ilemela HC,2024-02-20,53,Female,Rural,None,Farmer,Married,No,163.8,87.7,32.7,Former,Moderate,Moderate,Yes,Yes,140,72,5.4,1.76,3.2,1.8,8.9,65,139,4.3,11,15,2,Yes,39,Yes,Good,No,Obese,Hypertension
PHC-0540,Ilemela HC,2024-11-18,39,Male,Rural,None,Trader,Married,No,169,88.3,30.9,Never,None,Moderate,No,No,147,73,6.2,1.72,3.9,1,6,99,142,3.8,12,10.4,1,Yes,51,No,NA,NA,Obese,Hypertension
PHC-1291,Bugando PHC,2024-04-22,47,Female,Urban,Primary,Farmer,Single,No,153.8,64.7,27.4,Never,Moderate,Low,Yes,No,103,86,4.3,1.7,1.4,2.4,5.1,78,138,4.5,6,10.9,0,No,0,No,NA,NA,Overweight,Elevated
PHC-0462,Bugando PHC,2024-04-05,57,Male,Rural,Primary,Professional,Married,No,174.5,73.3,24.1,Former,None,Low,Yes,No,135,79,6.8,0.76,4.5,0.9,5,80,142,4.7,6,10.3,1,No,0,No,NA,NA,Normal,Elevated
PHC-0577,Ilemela HC,2024-08-29,44,Female,Urban,Secondary,Farmer,Married,Yes,153.6,64.2,27.2,Never,None,High,Yes,No,129,92,5.7,0.82,3.6,1.8,5.2,83,135,4.3,7,7.2,0,Yes,107,Yes,Good,No,Overweight,Hypertension
PHC-0256,Bugando PHC,2024-05-07,71,Male,Rural,Primary,Trader,Single,Yes,157.2,63,25.5,Never,Heavy,Low,Yes,No,138,95,5.3,1.34,3.2,1.4,5.1,89,139,3.6,8,7.4,0,Yes,43,Yes,Poor,No,Overweight,Hypertension
PHC-0980,Igoma HC,2024-02-03,18,Female,Rural,Tertiary,Farmer,Single,Yes,147.1,49.8,23,Never,None,Low,No,No,116,65,5.8,0.96,3.5,1.5,5.3,75,141,4,11,16.1,0,No,0,No,NA,NA,Normal,Normal
PHC-1186,Nyamagana PHC,2024-03-17,45,Male,Rural,None,Unemployed,Married,No,162.4,75.4,28.6,Never,Moderate,Moderate,No,No,119,69,4.3,1.14,2.3,2.1,4,93,132,4.4,13,5.4,1,Yes,12,Yes,Poor,Yes,Overweight,Normal
PHC-1007,Kisesa HC,2024-09-08,69,Female,Rural,Secondary,Trader,Widowed,Yes,167.9,64.7,23,Never,Moderate,Moderate,Yes,No,144,86,4.6,1.27,2.4,1.7,4.3,96,145,4.4,11,4.1,0,Yes,39,No,NA,NA,Normal,Hypertension
PHC-0561,Ilemela HC,2024-07-30,55,Female,Urban,Secondary,Professional,Married,No,154.4,68.5,28.7,Current,Heavy,Low,No,No,139,81,5.5,1.73,2.2,1,4.6,55,137,4,6,1.6,0,No,0,No,NA,NA,Overweight,Elevated
PHC-0209,Nyamagana PHC,2024-04-11,39,Female,Urban,Secondary,Trader,Married,Yes,154.7,51.6,21.6,Never,Heavy,Low,No,No,128,69,5.4,1.54,3.1,2.5,6,86,140,4.5,17,5.2,0,Yes,9,No,NA,NA,Normal,Normal
PHC-0911,Nyamagana PHC,2024-05-21,34,Female,Urban,Secondary,Other,Married,No,162.7,64.1,24.2,Never,None,Moderate,Yes,No,116,85,4,1.27,1.1,0.6,6.1,56,140,5,7,21.2,0,Yes,63,Yes,Poor,Yes,Normal,Elevated
PHC-1312,Ilemela HC,2024-11-05,66,Female,Rural,Secondary,Unemployed,Widowed,Yes,161.7,85.2,32.6,Never,None,Moderate,No,No,191,77,4.1,1.5,1.3,2.3,5.8,68,142,4.3,7,4.8,2,Yes,104,Yes,Poor,No,Obese,Hypertension
PHC-0002,Ilemela HC,2024-10-29,45,Male,Urban,Primary,Farmer,Married,Yes,172.9,64.7,21.6,Never,None,Low,No,No,115,86,3.7,1.27,1,1.7,6.2,67,136,4,10,11.2,0,No,0,No,NA,NA,Normal,Elevated
PHC-0270,Bugando PHC,2024-10-25,35,Female,Urban,Primary,Professional,Single,Yes,165.9,78.5,28.5,Former,None,Moderate,No,No,119,81,4.3,0.97,2.1,1.4,5.7,72,140,3.8,10,1.9,1,No,0,No,NA,NA,Overweight,Elevated
PHC-0266,Bugando PHC,2024-10-24,42,Male,Urban,Primary,Other,Single,No,162.8,64.4,24.3,Never,None,Low,Yes,No,129,102,5.3,1.2,3.3,1.1,5.7,60,137,4.7,10,10.2,0,Yes,92,No,NA,NA,Normal,Hypertension
PHC-0915,Ilemela HC,2024-03-09,52,Male,Rural,Secondary,Unemployed,Widowed,No,179.2,54.1,16.8,Current,None,Low,No,No,157,86,5.6,1.08,3.4,1.9,5.5,70,141,4.4,9,19.4,0,Yes,96,Yes,Poor,No,Underweight,Hypertension
PHC-0231,Nyamagana PHC,2024-03-13,51,Female,Rural,Primary,Professional,Single,No,164.7,71.8,26.5,Current,Moderate,Low,No,No,150,77,5.3,1.53,2.1,1.1,5.8,75,137,4.1,8,8.7,0,Yes,27,No,NA,NA,Overweight,Hypertension
PHC-1475,Buzuruga PHC,2024-01-19,59,Female,Rural,Primary,Farmer,Married,Yes,164.4,78.8,29.2,Former,None,Moderate,No,No,141,82,4.6,1.34,2.9,1.7,6.6,77,139,3.6,9,20.8,0,Yes,33,No,NA,NA,Overweight,Hypertension
PHC-1120,Nyamagana PHC,2024-02-07,45,Male,Urban,Secondary,Professional,Divorced,No,172.1,88.6,29.9,Never,None,Moderate,No,Yes,136,82,5.4,0.91,3.8,1,7.6,83,135,4.4,14,5,1,No,0,No,NA,NA,Overweight,Elevated
PHC-1470,Kisesa HC,2024-09-13,67,Female,Rural,Secondary,Farmer,Married,Yes,155.9,68,28,NA,Moderate,High,No,No,131,92,5.6,0.64,4.6,1.2,NA,87,140,3.2,9,5.2,0,Yes,12,No,NA,NA,Overweight,Hypertension
PHC-0865,Igoma HC,2024-03-17,46,Female,Urban,Primary,Professional,Divorced,No,153.3,66.6,28.3,Former,None,High,Yes,No,124,87,5.1,1.05,3.3,1.9,6.1,81,144,4.4,9,8.2,0,No,0,No,NA,NA,Overweight,Elevated
PHC-1067,Igoma HC,2024-08-17,21,Female,Rural,Secondary,Farmer,Married,No,156.9,37.8,15.4,Former,None,Moderate,No,No,126,71,5.6,1.09,NA,2,6.2,71,136,4.3,NA,7.4,0,No,0,No,NA,NA,Underweight,Normal
PHC-0874,Bugando PHC,2024-05-29,54,Male,Urban,Primary,Unemployed,Married,Yes,164.2,58.2,21.6,Never,None,Low,No,No,123,76,4.3,1.5,1.2,1.2,6.3,76,141,4.4,13,6.2,0,No,0,No,NA,NA,Normal,Normal
PHC-1339,Ilemela HC,2024-07-05,70,Male,Urban,Secondary,Unemployed,Married,No,174.4,45.6,15,Never,None,Low,Yes,No,133,83,4.8,1.83,2.2,1.8,6.5,109,136,4.6,10,11,0,No,0,No,NA,NA,Underweight,Elevated
PHC-0399,Kisesa HC,2024-11-05,31,Female,Rural,Primary,Farmer,Divorced,No,165,94.4,34.7,Current,None,High,No,No,148,59,6,1.83,2.9,1.7,4.1,87,141,4.1,4,10.1,1,Yes,7,No,NA,NA,Obese,Hypertension
PHC-1365,Igoma HC,2024-07-30,48,Female,Rural,Secondary,Unemployed,Married,No,154.8,81.1,33.8,Current,None,Low,Yes,No,128,79,4.6,1.05,3,1.9,NA,75,142,4.3,9,15.6,1,No,0,No,NA,NA,Obese,Normal
PHC-0046,Kisesa HC,2024-11-02,59,Female,Urban,Primary,Professional,Single,No,164.5,62.3,23,Current,Moderate,Moderate,Yes,No,124,88,4.1,0.73,2.1,2.4,4.6,81,137,4.2,13,2.2,0,No,0,No,NA,NA,Normal,Elevated
PHC-0162,Buzuruga PHC,2024-09-24,60,Male,Rural,Secondary,Farmer,Widowed,No,162.1,79.2,30.1,Never,Heavy,Moderate,No,No,132,91,6,1.16,3.7,0.8,5.2,49,137,4.6,11,5.4,1,Yes,28,No,NA,NA,Obese,Hypertension
PHC-0992,Bugando PHC,2024-11-25,67,Male,Urban,Secondary,Farmer,Widowed,No,173.3,96.8,32.2,Never,Moderate,Low,No,No,156,76,4.7,1.21,2.1,1.3,5.7,86,142,4.9,16,0.5,1,Yes,14,Yes,Poor,No,Obese,Hypertension
PHC-0728,Nyamagana PHC,2024-10-18,49,Female,Urban,Secondary,Trader,Divorced,Yes,157.4,86.8,35,Never,Moderate,Low,No,No,159,80,5.8,1.52,2.8,2.3,4.9,63,139,4,20,6.7,2,Yes,78,No,NA,NA,Obese,Hypertension
PHC-0630,Igoma HC,2024-06-26,23,Female,Urban,None,Farmer,Married,No,153.7,64.5,27.3,Current,None,Moderate,Yes,No,141,84,3.5,1.5,1,1.7,6.3,64,140,4.5,6,1.1,0,Yes,96,No,NA,NA,Overweight,Hypertension
PHC-0289,Kisesa HC,2024-04-26,52,Female,Urban,Secondary,Trader,Single,Yes,151.5,62.2,27.1,Never,Moderate,Moderate,Yes,Yes,138,70,5.8,1.13,3.7,2.7,9,100,137,4.2,10,3.5,2,No,0,No,NA,NA,Overweight,Elevated
PHC-1060,Nyamagana PHC,2024-09-06,68,Female,Urban,Primary,Trader,Widowed,No,166.7,62.2,22.4,Current,Moderate,Moderate,No,No,141,78,4.7,1.2,2.3,1.7,5.6,100,138,4.3,12,0.4,0,Yes,7,No,NA,NA,Normal,Hypertension
PHC-1459,Nyamagana PHC,2024-02-07,61,Male,Urban,None,Professional,Married,No,170.8,70.8,24.3,Never,None,Moderate,No,Yes,148,95,5.8,1.63,2.6,1.8,7.8,83,136,4,9,15.1,1,Yes,61,Yes,Good,No,Normal,Hypertension
PHC-0576,Ilemela HC,2024-10-21,25,Male,Rural,Secondary,Other,Single,Yes,177.5,81.6,25.9,Current,Moderate,Moderate,No,No,121,73,6.1,1.52,3.7,1.3,6.2,71,142,4.8,15,NA,0,No,0,No,NA,NA,Overweight,Normal
PHC-0851,Nyamagana PHC,2024-06-08,72,Male,Urban,Tertiary,Farmer,Widowed,No,177,88.7,28.3,Never,None,Low,Yes,No,146,93,4.5,1.38,2.3,2.7,4.2,80,142,4.1,8,6,0,Yes,69,Yes,Good,No,Overweight,Hypertension
PHC-1340,Igoma HC,2024-10-27,81,Female,Urban,None,Professional,Married,Yes,158.7,62.9,25,Former,None,Low,Yes,No,165,92,6.9,1,4.8,0.4,4.6,82,141,4.9,8,5.9,1,Yes,48,Yes,Poor,No,Normal,Hypertension
PHC-0912,Bugando PHC,2024-11-09,32,Male,Rural,Primary,Trader,Married,Yes,168.5,96.8,34.1,Former,None,Moderate,Yes,No,146,79,4.3,1.39,2,0.9,6.1,78,135,4.5,8,11.6,1,Yes,110,No,NA,NA,Obese,Hypertension
PHC-1255,Kisesa HC,2024-11-07,77,Female,Rural,Secondary,Trader,Married,No,156.2,36.6,15,Never,Moderate,Moderate,Yes,No,128,87,4.8,0.96,2.5,1.4,4.4,70,138,5.3,7,NA,0,No,0,No,NA,NA,Underweight,Elevated
PHC-1358,Nyamagana PHC,2024-07-29,35,Female,Urban,Secondary,Professional,Married,No,160.7,59.5,23,Never,Heavy,Moderate,No,No,129,93,4.9,1.62,2.3,1.2,5,78,136,4.2,15,2,0,Yes,84,No,NA,NA,Normal,Hypertension
PHC-0933,Kisesa HC,2024-10-17,72,Female,Urban,Primary,Other,Widowed,Yes,161,81.2,31.3,Never,None,Low,No,No,171,68,3.9,1.63,1.3,2.7,6.1,81,138,4.2,9,3.1,1,Yes,50,Yes,Poor,No,Obese,Hypertension
PHC-1101,Ilemela HC,2024-07-17,36,Female,Urban,Primary,Other,Married,Yes,149.5,58.4,26.1,Never,Moderate,Moderate,Yes,No,134,76,3.8,1.22,1.6,1.7,5.5,77,138,4.3,8,4.8,0,No,0,No,NA,NA,Overweight,Elevated
PHC-1208,Nyamagana PHC,2024-04-25,51,Male,Urban,Secondary,Other,Married,No,170.7,61.2,21,Never,None,Low,Yes,No,146,75,4.7,0.92,2.8,0.7,4.3,78,137,4.2,15,1.6,0,Yes,79,Yes,Good,No,Normal,Hypertension
PHC-0248,Kisesa HC,2024-07-04,55,Female,Rural,Primary,Professional,Widowed,No,160.7,59.6,23.1,Current,Moderate,Low,No,No,151,98,5,1.67,2,0.7,4.3,80,138,4.3,13,7.3,0,Yes,94,No,NA,NA,Normal,Hypertension
PHC-0477,Nyamagana PHC,2024-05-05,70,Male,Rural,Primary,Unemployed,Married,No,163.6,93.4,34.9,Never,None,Low,No,No,158,79,5.8,2.01,NA,2.1,5.1,80,140,4.2,8,4.9,1,Yes,12,No,NA,NA,Obese,Hypertension
PHC-0086,Bugando PHC,2024-10-13,55,Female,Rural,Tertiary,Unemployed,Married,No,168.3,65.5,23.1,Never,None,High,No,No,132,72,4.9,1.63,2,1.4,5.2,82,142,4.2,13,6.7,0,No,0,No,NA,NA,Normal,Elevated
PHC-0470,Nyamagana PHC,2024-10-11,78,Male,Urban,None,Farmer,Widowed,No,168.9,66.2,23.2,Never,Moderate,High,No,No,124,98,6.3,1.54,3.5,1.4,7.3,74,136,3.3,11,0.3,1,Yes,42,No,NA,NA,Normal,Hypertension
PHC-0226,Buzuruga PHC,2024-09-11,37,Female,Rural,None,Other,Married,No,161.7,104.5,40,Former,None,Low,No,No,162,82,5.9,1.49,3.1,1.9,5.8,40,141,4,15,12,1,Yes,9,No,NA,NA,Obese,Hypertension
PHC-0775,Bugando PHC,2024-01-10,41,Female,Urban,None,Trader,Married,No,156.1,67.4,27.7,Never,None,High,Yes,No,133,104,6.3,1.33,3.6,2.2,6.8,87,140,3.5,12,6.6,1,Yes,108,Yes,Poor,No,Overweight,Hypertension
PHC-0332,Nyamagana PHC,2024-10-02,40,Male,Urban,Primary,Other,Married,No,175,74.2,24.2,Never,None,Moderate,No,No,124,90,4.4,1.15,2.4,2.1,5,105,141,4.1,6,0.5,0,Yes,94,No,NA,NA,Normal,Hypertension
PHC-0234,Nyamagana PHC,2024-03-16,24,Female,Urban,Secondary,Farmer,Widowed,No,152.5,50.6,21.8,Never,Heavy,Low,No,No,122,85,4.3,1.03,2.6,1.8,4.6,40,138,4.6,8,7.5,1,No,0,No,NA,NA,Normal,Elevated
PHC-0589,Igoma HC,2024-06-23,51,Male,Urban,Secondary,Other,Single,No,175.3,73.8,24,Never,Moderate,Moderate,Yes,No,166,93,4.6,1.26,2.9,1.5,5,52,144,3.9,15,2.7,0,Yes,106,Yes,Poor,No,Normal,Hypertension
PHC-0476,Nyamagana PHC,2024-09-18,57,Male,Rural,Primary,Other,Divorced,No,177.5,95.7,30.4,Never,Moderate,Low,Yes,No,162,92,5.1,1.51,2.5,2.9,5,60,142,4.4,16,9.6,1,Yes,55,No,NA,NA,Obese,Hypertension
PHC-1285,Bugando PHC,2024-10-19,41,Male,Urban,Tertiary,Trader,Married,No,165.7,73.7,26.8,Never,Heavy,High,No,No,142,110,3.8,1.06,1.5,2.4,4.9,86,143,4.5,10,3.6,0,Yes,119,No,NA,NA,Overweight,Hypertension
PHC-0600,Nyamagana PHC,2024-01-24,45,Female,Urban,Primary,Other,Married,Yes,153.6,85.5,36.2,Current,None,Low,No,No,148,73,6.9,1.54,NA,2.8,7,87,141,4.1,10,4.2,2,Yes,3,Yes,Good,No,Obese,Hypertension
PHC-0422,Kisesa HC,2024-10-14,66,Female,Rural,Secondary,Professional,Widowed,No,175.5,89.3,29,Never,None,Low,No,No,149,86,4,1.35,1.2,1.8,5.8,130,139,4.8,9,9.6,0,Yes,92,No,NA,NA,Overweight,Hypertension
PHC-0183,Nyamagana PHC,2024-09-19,65,Female,Urban,Secondary,Farmer,Single,No,169.2,NA,NA,Never,None,Moderate,No,No,140,85,4.3,1.12,2.4,2.6,4.1,55,135,4.8,7,4.9,0,Yes,26,No,NA,NA,NA,Hypertension
PHC-0989,Bugando PHC,2024-01-22,73,Male,Urban,None,Farmer,Married,Yes,168.6,68.6,24.1,Current,None,Moderate,Yes,No,141,82,4.6,1.08,2.4,1.2,5.6,88,138,3.1,9,17.3,0,Yes,88,No,NA,NA,Normal,Hypertension
PHC-1001,Igoma HC,2024-06-11,43,Female,Rural,Primary,Other,Married,Yes,152.5,36.9,15.9,Never,None,Moderate,No,No,156,93,3.7,1.55,1.1,2.5,6.2,86,141,4.8,10,9.1,0,Yes,45,Yes,Good,No,Underweight,Hypertension
PHC-1357,Kisesa HC,2024-07-26,67,Male,Rural,None,Trader,Married,Yes,167.6,49.7,17.7,Never,Heavy,Moderate,Yes,No,126,98,5.5,1.92,2.6,1.3,5.5,57,141,4.5,11,12.8,0,Yes,16,No,NA,NA,Underweight,Hypertension
PHC-0050,Nyamagana PHC,2024-07-23,32,Female,Rural,Secondary,Trader,Divorced,Yes,169.2,96.3,33.6,Never,None,High,Yes,No,132,75,4.6,1.12,2.2,2.5,7.1,47,141,4.9,12,12.5,2,No,0,No,NA,NA,Obese,Elevated
PHC-1402,Ilemela HC,2024-07-18,47,Male,Urban,Secondary,Unemployed,Single,Yes,172.2,64.7,21.8,Never,Moderate,Low,No,No,139,93,5.2,1.73,2.1,1,4.6,67,141,3.9,8,5.3,0,Yes,55,No,NA,NA,Normal,Hypertension
PHC-1030,Kisesa HC,2024-10-05,38,Female,Rural,Primary,Other,Married,Yes,159.8,75.1,29.4,Never,Heavy,Moderate,No,No,135,80,7.4,1.53,4.8,0.7,5.6,72,139,4.4,15,29.6,2,No,0,No,NA,NA,Overweight,Elevated
PHC-0530,Igoma HC,2024-02-03,58,Female,Rural,Secondary,Farmer,Married,No,160.1,65.2,25.4,Never,None,High,Yes,No,153,93,2.9,0.97,1,1.9,4.3,94,144,3.6,10,4.3,0,Yes,102,Yes,Poor,No,Overweight,Hypertension
PHC-1259,Nyamagana PHC,2024-09-05,48,Female,Urban,Primary,Farmer,Single,No,149.4,59.1,26.5,Current,Moderate,Moderate,No,No,142,107,5,1.87,1.8,2.3,6.1,116,141,4.5,9,6.1,0,Yes,58,No,NA,NA,Overweight,Hypertension
PHC-0487,Bugando PHC,2024-05-03,52,Female,Rural,Secondary,Farmer,Single,No,160.9,38.8,15,Never,None,Low,Yes,No,132,85,NA,0.92,2.4,2.2,5.5,73,139,4.3,9,5.7,0,No,0,No,NA,NA,Underweight,Elevated
PHC-1486,Kisesa HC,2024-04-29,37,Female,Rural,Primary,Farmer,Married,No,154.1,62.1,26.2,Current,Moderate,Moderate,No,No,119,95,NA,2.01,1.4,1.9,4.5,95,144,4.3,11,9.4,0,Yes,24,Yes,Good,No,Overweight,Hypertension
PHC-0498,Igoma HC,2024-07-23,48,Female,Urban,Secondary,Unemployed,Married,No,162.2,77.8,29.6,Never,None,Moderate,Yes,No,134,81,4.6,1.13,2,0.4,4.9,63,146,4.7,7,6.2,0,Yes,11,Yes,Poor,Yes,Overweight,Elevated
PHC-0107,Bugando PHC,2024-02-18,55,Female,Rural,None,Farmer,Widowed,No,174,92.5,30.6,Current,None,Low,Yes,No,145,94,6.4,1.27,4,2.5,4.2,96,140,4.4,12,25.9,3,Yes,119,No,NA,NA,Obese,Hypertension
PHC-0444,Bugando PHC,2024-09-30,54,Female,Rural,None,Farmer,Single,No,164.1,76.7,28.5,Never,Heavy,Low,Yes,No,122,97,6,1.41,3.3,0.4,7,74,139,4.4,10,10.2,0,Yes,76,No,NA,NA,Overweight,Hypertension
PHC-0647,Ilemela HC,2024-10-19,39,Female,Rural,Primary,Unemployed,Married,No,161.2,50.2,19.3,Never,None,Low,No,No,150,64,5.2,1.27,3,2.3,5.1,64,136,4.7,10,9.5,0,Yes,114,No,NA,NA,Normal,Hypertension
PHC-1037,Nyamagana PHC,2024-06-28,56,Male,Rural,Tertiary,Trader,Married,No,166.8,75.6,27.2,Former,None,Moderate,Yes,No,142,79,6.1,1.36,3.8,1.3,5.2,80,139,4.2,10,9.6,0,Yes,102,No,NA,NA,Overweight,Hypertension
PHC-0727,Ilemela HC,2024-02-09,50,Female,Rural,Primary,Trader,Widowed,Yes,168,72.1,25.5,Never,None,High,Yes,No,115,82,NA,1.36,3.1,1.8,5.4,74,141,4.5,12,15.6,0,No,0,No,NA,NA,Overweight,Elevated
PHC-0191,Bugando PHC,2024-11-21,42,Male,Urban,Secondary,Farmer,Married,No,173.6,NA,NA,Never,None,Moderate,No,No,100,84,4.7,1.14,2.6,1.7,5.8,111,141,5,11,3,0,No,0,No,NA,NA,NA,Elevated
PHC-0283,Nyamagana PHC,2024-09-22,31,Female,Urban,Secondary,Farmer,Widowed,Yes,156.1,55.7,22.9,Current,None,Moderate,Yes,No,112,69,6.4,1.37,NA,0.7,NA,78,141,4.5,12,5,1,No,0,No,NA,NA,Normal,Normal
PHC-0030,Nyamagana PHC,2024-01-10,27,Male,Urban,Secondary,Unemployed,Widowed,Yes,163,73.5,27.7,Current,None,Moderate,Yes,No,120,79,6.8,1.4,4.3,2.3,7.3,128,141,3.8,9,7.7,1,No,0,No,NA,NA,Overweight,Normal
PHC-0170,Buzuruga PHC,2024-02-21,41,Female,Rural,Primary,Farmer,Married,No,163,NA,NA,Never,None,Low,No,No,148,80,4.2,0.89,1.9,1.2,6.9,115,141,4.7,NA,14.7,0,Yes,78,No,NA,NA,NA,Hypertension
PHC-1002,Nyamagana PHC,2024-07-06,44,Female,Rural,Secondary,Farmer,Married,Yes,151,41.7,18.3,Never,None,High,No,No,122,78,4.7,1.34,1.9,1.3,5.7,96,136,4.1,NA,5.3,0,No,0,No,NA,NA,Underweight,Normal
PHC-1205,Nyamagana PHC,2024-02-29,70,Male,Urban,Primary,Other,Widowed,Yes,165.6,62.2,22.7,Former,None,Moderate,No,No,157,85,4.9,1.52,2.8,1.5,5.9,88,142,4.8,14,3.2,0,Yes,78,Yes,Good,No,Normal,Hypertension
PHC-0101,Igoma HC,2024-11-21,35,Male,Urban,Secondary,Professional,Married,No,170.6,74.1,25.5,Former,None,High,No,No,137,72,5.9,1.3,3.5,1.7,4.2,85,137,3.6,8,2.6,0,No,0,No,NA,NA,Overweight,Elevated
PHC-0198,Buzuruga PHC,2024-04-22,51,Female,Urban,Primary,Unemployed,Married,No,158.3,73.4,29.3,Never,None,Moderate,No,No,165,92,4,0.77,1.8,1.1,6.4,88,145,4.7,15,8.7,0,Yes,81,Yes,Good,No,Overweight,Hypertension
PHC-0496,Nyamagana PHC,2024-10-26,50,Female,Rural,Primary,Trader,Widowed,No,160.2,64.2,25,Never,None,Moderate,Yes,No,137,83,4.6,1.73,1.6,3,4.5,104,142,4.2,8,6.5,0,No,0,No,NA,NA,Normal,Elevated
PHC-0648,Igoma HC,2024-01-15,69,Male,Urban,Primary,Professional,Married,No,161.3,61.8,23.8,Current,None,Low,No,No,155,104,6,1.21,3.3,2.5,6.1,103,143,4,10,0.4,0,Yes,51,No,NA,NA,Normal,Hypertension
PHC-0988,Bugando PHC,2024-06-12,54,Female,Rural,Tertiary,Trader,Divorced,No,157.5,78.2,31.5,Never,None,Low,No,No,144,107,5.6,1.47,3.1,2.2,6.3,106,142,3.9,15,6.1,1,Yes,111,Yes,Poor,No,Obese,Hypertension
PHC-0045,Buzuruga PHC,2024-02-01,48,Female,Urban,None,Farmer,Married,No,165.9,94.8,34.4,Current,None,Moderate,No,No,129,90,2.8,1.5,1,1.2,NA,80,134,4.9,5,5.3,1,Yes,85,No,NA,NA,Obese,Hypertension
PHC-0711,Bugando PHC,2024-08-10,26,Male,Rural,Primary,Farmer,Widowed,No,173.6,88.4,29.3,Former,None,Low,No,No,138,95,NA,1.2,2.8,2.2,5.1,53,135,4,13,6.2,1,Yes,71,No,NA,NA,Overweight,Hypertension
PHC-0374,Bugando PHC,2024-05-24,44,Female,Urban,Secondary,Unemployed,Married,No,160.1,59.7,23.3,Never,None,Moderate,Yes,No,134,88,5.2,1.11,3,1.8,5.5,109,141,3.6,10,0.9,0,No,0,No,NA,NA,Normal,Elevated
PHC-0679,Nyamagana PHC,2024-04-29,23,Female,Urban,Secondary,Other,Widowed,No,161.9,66.2,25.3,Former,None,Low,No,No,142,87,2.8,0.9,1,1,4,82,141,4.9,12,15.2,0,Yes,57,No,NA,NA,Overweight,Hypertension
PHC-0567,Ilemela HC,2024-05-03,49,Female,Rural,Primary,Farmer,Widowed,Yes,178.8,78.4,24.5,Never,None,Low,Yes,No,148,59,4,1.57,1.9,1.7,4.4,55,137,3.9,12,31.2,1,Yes,18,No,NA,NA,Normal,Hypertension
PHC-0848,Ilemela HC,2024-01-28,69,Female,Rural,Tertiary,Other,Single,Yes,160.4,58.5,22.7,Never,Moderate,Low,No,No,152,95,4.5,1.21,2.3,1.9,NA,92,141,4.4,14,5.8,0,Yes,119,Yes,Poor,No,Normal,Hypertension
PHC-0461,Kisesa HC,2024-02-28,40,Female,Rural,Primary,Unemployed,Married,No,165.7,62.8,22.9,Never,None,Low,Yes,No,138,89,4.8,1.73,2.5,1.4,5.1,96,140,4.9,10,8.5,0,No,0,No,NA,NA,Normal,Elevated
PHC-1156,Igoma HC,2024-05-21,61,Male,Rural,Primary,Trader,Divorced,Yes,165.8,70.6,25.7,Former,Moderate,Moderate,No,No,146,74,6.4,1.02,4.5,1.4,5.5,102,140,4.3,11,4.9,1,Yes,89,No,NA,NA,Overweight,Hypertension
PHC-0040,Nyamagana PHC,2024-04-03,47,Female,Rural,Primary,Other,Married,No,150.3,57.8,25.6,Never,None,Low,No,No,102,78,6,1.46,3.6,1.6,5.8,83,138,4.6,11,9.3,0,No,0,No,NA,NA,Overweight,Normal
PHC-0435,Ilemela HC,2024-02-18,41,Male,Rural,None,Unemployed,Married,No,180.9,85.9,26.2,Former,Moderate,Low,Yes,No,122,71,4.1,0.53,2.9,2,4,64,143,4.9,7,6.1,0,No,0,No,NA,NA,Overweight,Normal
PHC-0974,Ilemela HC,2024-06-18,53,Female,Rural,Primary,Unemployed,Married,Yes,164.2,88.7,32.9,Never,None,Low,No,No,152,88,4.3,1.63,1.6,1.4,5.8,43,139,4.1,15,26.6,2,Yes,9,No,NA,NA,Obese,Hypertension
PHC-1240,Buzuruga PHC,2024-04-30,50,Female,Urban,Secondary,Trader,Divorced,No,155.9,50.9,20.9,Former,Moderate,Low,Yes,No,133,94,7,1.35,4.9,1.9,5.3,69,139,4.5,14,3.7,1,Yes,71,Yes,Poor,No,Normal,Hypertension
PHC-1008,Buzuruga PHC,2024-03-25,48,Female,Urban,Secondary,Trader,Married,No,154.6,68,28.5,Never,Heavy,Low,Yes,No,114,104,4.9,1.73,1.9,2.3,6.4,63,139,3.6,4,8.6,0,Yes,118,No,NA,NA,Overweight,Hypertension
PHC-0457,Kisesa HC,2024-09-12,52,Female,Urban,None,Trader,Married,No,160.1,61.1,23.8,Former,None,Low,No,No,160,82,6,0.87,4.3,1,5,94,138,5,13,10.1,0,Yes,81,Yes,Good,No,Normal,Hypertension
PHC-0261,Buzuruga PHC,2024-11-10,64,Male,Urban,None,Trader,Married,No,177.7,97.9,31,Former,None,Low,No,No,132,85,5.3,1.34,NA,1.2,7,60,136,4.5,6,3.4,1,No,0,No,NA,NA,Obese,Elevated
PHC-0036,Kisesa HC,2024-09-08,51,Female,Rural,Secondary,Farmer,Married,No,159.2,69.4,27.4,Current,None,Moderate,No,No,134,88,5.6,1.38,NA,1.1,5.3,88,141,4.4,11,7.7,0,No,0,No,NA,NA,Overweight,Elevated
PHC-0828,Bugando PHC,2024-05-07,50,Female,Rural,None,Unemployed,Married,No,165.3,59.7,21.8,Never,None,Moderate,No,No,130,89,NA,1.65,2.1,1.5,6.1,129,138,3.6,3,5.7,1,Yes,110,No,NA,NA,Normal,Elevated
PHC-0310,Igoma HC,2024-05-25,36,Male,Rural,Primary,Professional,Single,No,158.3,71.5,28.5,Current,None,Low,No,No,128,82,4.9,1.73,1.9,1.7,3.9,70,136,4.9,16,13.9,0,No,0,No,NA,NA,Overweight,Elevated
PHC-0277,Nyamagana PHC,2024-06-18,63,Female,Urban,Secondary,Farmer,Single,Yes,161.9,59,22.5,Current,Moderate,Low,Yes,No,125,85,5.8,1.29,3.4,0.8,6.4,104,136,5.2,11,10,1,No,0,No,NA,NA,Normal,Elevated
PHC-0637,Nyamagana PHC,2024-11-14,26,Female,Rural,Secondary,Farmer,Married,No,150,59.1,26.3,Never,None,Low,No,No,159,71,5.4,1.19,2.9,0.4,6.1,114,135,4,10,8.4,0,Yes,49,No,NA,NA,Overweight,Hypertension
PHC-0655,Buzuruga PHC,2024-08-12,63,Female,Rural,Tertiary,Trader,Married,No,157.3,59.3,24,Current,None,Low,Yes,No,150,89,4.7,1.07,NA,0.7,4.4,113,145,4.3,9,5.2,0,Yes,72,Yes,Good,No,Normal,Hypertension
PHC-0623,Bugando PHC,2024-04-07,71,Female,Rural,Primary,Farmer,Married,Yes,156.7,69.1,28.1,Never,None,Moderate,Yes,Yes,135,97,4.9,1.16,2.4,1.2,9,91,141,4.6,12,9.4,1,Yes,58,Yes,Good,No,Overweight,Hypertension
PHC-0845,Kisesa HC,2024-03-05,56,Female,Urban,Primary,Unemployed,Married,No,161.4,57.1,21.9,Former,Moderate,Moderate,No,No,140,94,4.3,0.97,1.9,2.8,5.3,102,138,4.2,12,12.9,0,Yes,106,Yes,Good,No,Normal,Hypertension
PHC-0394,Buzuruga PHC,2024-04-13,60,Female,Rural,Secondary,Farmer,Divorced,No,161,71.5,27.6,Former,Moderate,Low,No,No,136,75,6.8,1.4,4.5,1.4,5,85,133,4.1,10,8.7,1,No,0,No,NA,NA,Overweight,Elevated
PHC-0108,Igoma HC,2024-08-04,41,Female,Urban,Primary,Trader,Married,No,154,NA,NA,Never,None,Low,No,No,119,85,3.8,1.7,1.2,2,5.6,67,141,3.6,20,19.4,0,No,0,No,NA,NA,NA,Elevated
PHC-0350,Nyamagana PHC,2024-06-13,52,Female,Urban,None,Trader,Widowed,Yes,169.2,77.9,27.2,Current,None,High,No,No,160,66,NA,1.59,2.5,1.4,5.7,63,136,4.7,13,NA,0,Yes,99,No,NA,NA,Overweight,Hypertension
PHC-0525,Nyamagana PHC,2024-03-10,49,Female,Urban,Secondary,Trader,Married,No,159.6,60.1,23.6,Never,Moderate,Low,Yes,No,143,101,4.3,1.71,1,2.2,5.7,84,143,4.5,6,7.2,0,Yes,80,No,NA,NA,Normal,Hypertension
PHC-0785,Nyamagana PHC,2024-09-25,69,Female,Urban,NA,Other,Married,Yes,143.2,61.3,29.9,Never,Heavy,Moderate,Yes,No,142,103,NA,0.94,3.3,1.1,3.4,109,139,4.6,6,6.1,0,Yes,26,Yes,Poor,No,Overweight,Hypertension
PHC-0048,Bugando PHC,2024-08-14,57,Female,Rural,Primary,Farmer,Married,Yes,147,44.7,20.7,Never,None,Moderate,No,No,149,69,2.8,1.54,1,2.9,6.4,112,138,3.4,11,6,0,Yes,86,No,NA,NA,Normal,Hypertension
PHC-0204,Nyamagana PHC,2024-10-07,50,Female,Urban,Tertiary,Professional,Married,No,177.1,100.5,32,Never,None,Low,Yes,No,137,106,5.4,1.12,2.8,2.1,5.3,85,141,4,7,8.1,1,Yes,16,Yes,Poor,No,Obese,Hypertension
PHC-0022,Kisesa HC,2024-06-11,40,Male,Rural,Tertiary,Unemployed,Widowed,No,163.8,66,24.6,Never,Moderate,Moderate,Yes,No,172,93,4.4,0.92,2.5,1.8,5.1,83,137,4.4,13,6.2,0,Yes,1,Yes,Poor,No,Normal,Hypertension
PHC-0403,Nyamagana PHC,2024-11-11,38,Female,Rural,NA,Trader,Married,Yes,155.7,69.3,28.6,Current,Moderate,Low,Yes,No,159,74,6.1,1.11,4,0.7,6.9,96,142,3.5,10,5.8,0,Yes,79,Yes,Good,No,Overweight,Hypertension
PHC-1108,Bugando PHC,2024-08-04,59,Male,Rural,Primary,Trader,Married,Yes,177.9,77.4,24.5,Former,None,Low,No,No,118,79,5.6,1.3,3.1,1.7,4.4,86,142,3.4,8,11.3,0,No,0,No,NA,NA,Normal,Normal
PHC-1155,Bugando PHC,2024-04-07,50,Female,Rural,Secondary,Trader,Married,Yes,158.6,70.4,28,Current,None,Low,No,No,123,84,6.8,1.13,4.6,1,5.8,63,135,4.4,11,NA,1,Yes,45,Yes,Good,Yes,Overweight,Elevated
PHC-0990,Nyamagana PHC,2024-02-03,33,Male,Rural,Primary,Farmer,Married,No,167.9,71.8,25.5,Never,Moderate,Low,No,No,121,72,5,1.6,2.6,1.3,3.7,40,139,4.2,12,8.6,1,No,0,No,NA,NA,Overweight,Normal
PHC-0742,Bugando PHC,2024-05-06,42,Male,Urban,Primary,Other,Single,Yes,170.8,58.6,20.1,Current,Moderate,Moderate,No,No,108,65,5,1.28,2.7,1.6,6.9,83,140,5.1,9,2,0,Yes,26,Yes,Poor,Yes,Normal,Normal
PHC-1311,Buzuruga PHC,2024-02-21,43,Female,Rural,Tertiary,Trader,Married,No,165.2,51.8,19,Current,None,Low,No,No,123,75,4.7,1.05,2.7,1.5,6.4,71,140,4.8,10,4.3,0,No,0,No,NA,NA,Normal,Normal
PHC-1148,Ilemela HC,2024-03-05,48,Female,Urban,None,Unemployed,Married,Yes,155.7,79.5,32.8,Current,Moderate,Moderate,Yes,No,147,85,NA,1.08,2.4,2.6,5.3,85,142,4.2,9,9.8,1,Yes,64,No,NA,NA,Obese,Hypertension
PHC-0034,Ilemela HC,2024-06-06,54,Male,Urban,Secondary,Unemployed,Divorced,No,165.1,61.3,22.5,Current,None,High,No,No,136,88,5.6,1.49,2.7,2,5.3,103,146,4.3,11,8,1,No,0,No,NA,NA,Normal,Elevated
PHC-0788,Bugando PHC,2024-04-13,23,Male,Rural,NA,Farmer,Divorced,Yes,171.5,93.2,31.7,Never,Heavy,Moderate,Yes,No,146,80,4.7,0.94,2.5,1.9,NA,74,140,4.6,11,4.7,2,Yes,60,No,NA,NA,Obese,Hypertension
PHC-0924,Igoma HC,2024-08-30,87,Female,Rural,None,Other,Married,No,165.4,79,28.9,Never,Heavy,Low,No,No,151,89,5.5,1.16,3.7,1.7,5.1,96,138,4.1,8,17.2,0,Yes,47,No,NA,NA,Overweight,Hypertension
PHC-1044,Ilemela HC,2024-01-09,54,Male,Rural,Secondary,Farmer,Married,No,164.4,73.4,27.2,Current,None,Moderate,No,No,128,102,6.7,1.52,3.9,0.4,6.4,75,146,3.9,12,15.7,2,Yes,13,Yes,Good,No,Overweight,Hypertension
PHC-1442,Igoma HC,2024-06-27,52,Female,Rural,Tertiary,Professional,Married,Yes,164.6,81.7,30.2,Never,Moderate,High,No,No,134,90,4.9,0.61,3,1.8,5.3,70,139,4.2,6,10.5,1,Yes,76,Yes,Poor,No,Obese,Hypertension
PHC-1244,Ilemela HC,2024-11-15,56,Female,Rural,Secondary,Trader,Single,No,159.6,64.6,25.4,Never,None,High,No,No,130,95,5.3,1.38,3,2.4,6.3,55,139,4.1,13,18.9,0,Yes,12,Yes,Good,No,Overweight,Hypertension
PHC-0580,Ilemela HC,2024-03-31,72,Female,Urban,Tertiary,Trader,Widowed,No,155.7,54.4,22.4,Never,Moderate,High,No,No,123,77,5.8,1.65,NA,1.7,5,103,140,5.3,15,4.9,1,No,0,No,NA,NA,Normal,Normal
PHC-0482,Bugando PHC,2024-02-01,60,Male,Urban,None,Other,Married,No,169.6,68.3,23.7,Current,None,High,Yes,No,146,97,5.2,2.24,1.7,1.5,5,73,144,3.8,10,7,1,Yes,67,Yes,Poor,No,Normal,Hypertension
PHC-0932,Nyamagana PHC,2024-05-26,54,Female,Urban,NA,Professional,Married,No,152.6,59.7,25.6,Never,None,Low,No,No,120,77,6.3,1.15,4.4,1.8,6.3,72,141,4.6,8,2.8,1,Yes,98,No,NA,NA,Overweight,Normal
PHC-0357,Bugando PHC,2024-08-26,45,Male,Rural,Primary,Farmer,Widowed,Yes,181.4,70.1,21.3,Never,None,Low,No,No,114,76,5.3,1.76,2.4,0.9,5.8,78,135,3.7,14,8.8,0,No,0,No,NA,NA,Normal,Normal
PHC-1249,Kisesa HC,2024-06-20,46,Female,Urban,Tertiary,Farmer,Married,Yes,151.3,50.9,22.2,Never,None,Low,No,No,113,83,NA,2.09,2.2,0.9,4.5,76,132,4.3,11,0.3,0,No,0,No,NA,NA,Normal,Elevated
PHC-0760,Kisesa HC,2024-03-13,46,Male,Urban,Tertiary,Farmer,Married,No,179.6,81.6,25.3,Never,Moderate,Moderate,No,No,122,93,6.7,1.46,4.1,2.4,6.3,70,138,4.3,8,4.8,1,Yes,57,No,NA,NA,Overweight,Hypertension
PHC-0093,Igoma HC,2024-06-29,44,Female,Rural,Tertiary,Farmer,Widowed,No,157.4,37.2,15,Current,None,High,No,No,125,89,5.6,1.18,3.6,0.4,6.3,72,140,3.8,18,7.3,0,Yes,98,No,NA,NA,Underweight,Elevated
PHC-1176,Igoma HC,2024-04-16,39,Female,Urban,Secondary,Trader,Married,No,151.3,82.3,36,Never,None,Moderate,No,Yes,153,91,4.3,1.73,1,2.3,8.8,104,134,4,11,7.1,2,Yes,38,No,NA,NA,Obese,Hypertension
PHC-1416,Nyamagana PHC,2024-03-25,47,Male,Urban,Secondary,Trader,Married,Yes,174.7,86.7,28.4,Current,None,Low,No,No,103,65,5.9,1.23,3.9,1.4,5.2,89,136,4.1,13,2.9,0,Yes,77,No,NA,NA,Overweight,Normal
PHC-1342,Nyamagana PHC,2024-06-19,54,Female,Urban,Primary,Professional,Married,Yes,150.2,40.1,17.8,Never,None,Moderate,No,No,106,NA,5.8,1.19,NA,1.2,5.7,121,134,4.3,13,0.2,0,No,0,No,NA,NA,Underweight,NA
PHC-0804,Nyamagana PHC,2024-08-10,29,Female,Urban,None,Professional,Married,Yes,151.6,49.5,21.5,Former,Moderate,Low,No,No,142,88,5.5,1.22,3.4,0.9,4,96,139,3.7,11,2.5,0,Yes,44,Yes,Poor,No,Normal,Hypertension
PHC-0746,Igoma HC,2024-08-28,78,Male,Urban,Primary,Trader,Married,No,170.5,87,29.9,Never,None,Low,Yes,No,147,81,5.2,1.56,2.5,2.8,4.9,68,142,5.1,13,0.2,0,Yes,40,Yes,Good,No,Overweight,Hypertension
PHC-0280,Kisesa HC,2024-06-05,59,Female,Urban,Primary,Farmer,Divorced,Yes,160.7,79.1,30.6,Former,None,Low,No,No,111,78,3.8,1.52,1,2.9,7.4,70,140,4.2,10,1.4,2,Yes,90,Yes,Poor,Yes,Obese,Normal
PHC-0765,Igoma HC,2024-06-10,58,Female,Rural,Tertiary,Farmer,Single,No,159.5,56.4,22.2,Current,Moderate,Low,Yes,No,122,74,4.1,1.37,1.8,1.6,6,91,140,4.2,8,4.1,0,No,0,No,NA,NA,Normal,Normal
PHC-0605,Bugando PHC,2024-05-25,61,Female,Rural,Primary,Other,Divorced,No,153.6,62.5,26.5,Never,None,Moderate,No,No,158,101,6.2,1.56,4.1,1.3,5.7,75,141,4.3,13,12.8,0,Yes,100,No,NA,NA,Overweight,Hypertension
PHC-1484,Igoma HC,2024-04-01,46,Male,Rural,None,Professional,Divorced,Yes,171.3,66.8,22.8,Never,None,Low,No,No,95,101,4.4,1.78,1.4,1.5,6.1,87,138,4.7,12,12.1,0,Yes,69,No,NA,NA,Normal,Hypertension
PHC-1374,Nyamagana PHC,2024-05-20,45,Male,Urban,Tertiary,Farmer,Married,Yes,174.7,71.9,23.6,Never,None,High,Yes,No,121,86,NA,2.01,2.3,1.9,4.5,46,138,4.4,9,7.3,0,Yes,58,No,NA,NA,Normal,Elevated
PHC-1399,Buzuruga PHC,2024-10-17,49,Male,Rural,Secondary,Farmer,Married,Yes,175.3,100.5,32.7,Never,Moderate,Moderate,No,No,150,90,5.5,1.58,NA,2.4,5.6,76,136,5.2,12,7.3,2,Yes,61,Yes,Good,No,Obese,Hypertension
PHC-0401,Ilemela HC,2024-10-17,45,Male,Urban,None,Professional,Single,Yes,170.8,100.7,34.5,Never,Moderate,Moderate,No,No,140,77,5.8,1.76,2.9,2.8,4.7,66,134,3.5,12,7.6,1,Yes,97,Yes,Good,No,Obese,Hypertension
PHC-0258,Bugando PHC,2024-02-24,18,Male,Rural,None,Unemployed,Married,No,174.4,81.7,26.9,Former,Heavy,Low,Yes,No,136,86,5.5,1.46,NA,1.7,4.4,86,133,4.4,10,5.2,0,No,0,No,NA,NA,Overweight,Elevated
PHC-0945,Buzuruga PHC,2024-09-13,72,Male,Urban,Primary,Trader,Married,Yes,170.8,72.6,24.9,Never,Moderate,Low,No,No,165,83,6.8,0.59,4.9,1.7,4.9,87,140,4.1,9,1,1,Yes,88,Yes,Good,No,Normal,Hypertension
PHC-1097,Nyamagana PHC,2024-02-17,49,Male,Urban,Secondary,Farmer,Married,Yes,170.8,77.5,26.6,Never,None,Low,No,No,143,70,5.8,1.92,2.6,0.4,6,94,139,3.9,17,1.3,0,Yes,30,Yes,Good,No,Overweight,Hypertension
PHC-1220,Igoma HC,2024-07-16,64,Male,Rural,Secondary,Trader,Widowed,No,156,47.8,19.6,Never,None,Moderate,No,No,125,73,3.8,1.5,1,0.4,5.7,105,137,4.1,9,23.9,0,No,0,No,NA,NA,Normal,Normal
PHC-1162,Nyamagana PHC,2024-08-27,65,Male,Urban,Primary,Unemployed,Married,No,180.7,89.3,27.3,Never,Moderate,Low,No,No,158,98,4.1,1.4,1.8,2.6,5.4,106,136,4.4,11,2.9,0,Yes,23,Yes,Good,No,Overweight,Hypertension
PHC-0495,Buzuruga PHC,2024-02-09,74,Male,Urban,Secondary,Unemployed,Married,No,163.7,76.4,28.5,Never,None,Low,No,No,153,81,6.5,0.87,4.8,2.1,6,119,141,3.7,12,NA,1,Yes,102,Yes,Poor,No,Overweight,Hypertension
PHC-0773,Bugando PHC,2024-02-10,40,Female,Urban,NA,Farmer,Married,No,160.6,72.6,28.1,Never,None,High,No,No,149,82,7.7,1.36,5.5,1.2,6.9,87,137,4.3,13,2.8,1,Yes,58,No,NA,NA,Overweight,Hypertension
PHC-0551,Bugando PHC,2024-03-06,68,Female,Urban,None,Professional,Single,No,156.4,76.2,31.2,Never,Moderate,High,No,No,150,70,6,0.98,4.2,2.6,5.3,124,144,4.8,12,NA,1,Yes,19,Yes,Good,No,Obese,Hypertension
PHC-0202,Nyamagana PHC,2024-05-31,47,Male,Rural,Secondary,Trader,Married,Yes,167.7,75.2,26.7,Never,None,Low,Yes,No,155,86,4.4,1.13,2.3,3.3,4.7,100,142,3.8,0,4.1,0,Yes,89,No,NA,NA,Overweight,Hypertension
PHC-0313,Nyamagana PHC,2024-10-12,78,Female,Urban,Primary,Trader,Widowed,No,157.4,66.4,26.8,Current,Moderate,Moderate,Yes,No,126,93,NA,0.72,4.1,2.4,5.4,86,141,4,9,1,0,Yes,10,Yes,Poor,No,Overweight,Hypertension
PHC-0291,Kisesa HC,2024-04-09,33,Female,Urban,Primary,Professional,Widowed,Yes,166.3,78.5,28.4,Never,None,Low,No,No,133,90,5.1,1.32,2.5,0.5,5.4,97,134,4.4,6,0.6,1,Yes,109,Yes,Poor,No,Overweight,Hypertension
PHC-1214,Igoma HC,2024-01-22,67,Female,Rural,Secondary,Professional,Married,No,158.9,64.4,25.5,Never,None,High,Yes,No,168,96,4.3,1.51,1.5,1.3,NA,114,141,4.8,14,4.7,1,Yes,102,Yes,Good,No,Overweight,Hypertension
PHC-0764,Ilemela HC,2024-07-29,48,Male,Rural,NA,Unemployed,Married,No,172.6,107.1,36,Never,None,Low,Yes,No,151,63,5.2,1,3.4,2.2,6.1,64,142,4.9,6,8,1,Yes,68,No,NA,NA,Obese,Hypertension
PHC-1137,Nyamagana PHC,2024-07-06,34,Female,Urban,Primary,Farmer,Married,Yes,163.3,57.8,21.7,Never,Moderate,Moderate,No,No,110,97,4.1,0.95,NA,1.8,5.9,62,139,4.9,15,7.2,1,Yes,22,Yes,Poor,No,Normal,Hypertension
PHC-0950,Kisesa HC,2024-09-05,69,Female,Urban,None,Trader,Married,Yes,171.6,110.6,37.6,Current,None,High,No,No,161,82,5.5,1.04,3,1.7,6.9,67,140,3.8,8,1.6,2,Yes,27,No,NA,NA,Obese,Hypertension
PHC-0184,Igoma HC,2024-10-01,68,Female,Urban,Primary,Professional,Married,Yes,162.5,70.9,26.8,Never,None,Low,No,No,122,98,4.3,1.26,1.6,2.1,NA,119,141,4.4,8,9.7,0,Yes,28,No,NA,NA,Overweight,Hypertension
PHC-1177,Buzuruga PHC,2024-07-31,34,Male,Urban,Primary,Trader,Divorced,No,168.1,65.8,23.3,Never,None,Moderate,Yes,No,113,87,3.9,1.5,1.3,2.7,4.2,80,137,4.6,7,11.3,0,No,0,No,NA,NA,Normal,Elevated
PHC-1350,Kisesa HC,2024-07-26,36,Male,Urban,Primary,Farmer,Married,No,170.3,49.4,17,Former,None,Low,Yes,No,118,72,4.6,1.72,1.5,1.5,5.1,69,137,4.2,12,1.1,0,Yes,47,Yes,Good,Yes,Underweight,Normal
PHC-1069,Bugando PHC,2024-08-18,59,Male,Rural,None,Other,Married,No,173.1,75.3,25.1,Never,Moderate,High,No,No,140,90,4.7,1.16,1.8,1,5.2,87,139,4.2,6,5.3,1,Yes,19,No,NA,NA,Overweight,Hypertension
PHC-1469,Buzuruga PHC,2024-11-27,37,Female,Rural,Primary,Unemployed,Married,No,161.4,68,26.1,Never,None,Low,No,No,127,84,4.4,1.2,2.1,1.5,5.7,72,136,3.9,11,14.7,0,No,0,No,NA,NA,Overweight,Elevated
PHC-1031,Igoma HC,2024-08-25,37,Male,Rural,Tertiary,Farmer,Single,No,157.3,71.4,28.9,Current,Moderate,Moderate,Yes,No,154,81,NA,1.32,3.5,1.4,3.7,98,136,4.6,7,12.9,1,Yes,43,No,NA,NA,Overweight,Hypertension
PHC-0824,Buzuruga PHC,2024-07-24,38,Female,Urban,NA,Farmer,Widowed,No,156.7,54.9,22.4,Never,None,Low,Yes,No,106,72,5.1,0.99,3.2,2.8,5,97,137,3.6,14,0.6,0,Yes,99,Yes,Poor,Yes,Normal,Normal
PHC-1100,Ilemela HC,2024-04-09,68,Male,Rural,Primary,Unemployed,Married,No,170.4,80.5,27.7,Never,None,Moderate,Yes,No,173,87,NA,0.8,3.1,2.6,5.9,127,145,4.6,12,7,0,Yes,39,Yes,Poor,No,Overweight,Hypertension
PHC-0941,Nyamagana PHC,2024-10-19,32,Female,Urban,Secondary,Professional,Married,Yes,163.5,73.8,27.6,Never,Moderate,Low,No,No,149,69,NA,1.13,4.8,3.3,4.6,49,138,4.2,12,1.4,1,Yes,81,No,NA,NA,Overweight,Hypertension
PHC-0392,Nyamagana PHC,2024-04-27,71,Female,Rural,Primary,Trader,Married,Yes,151.4,41.7,18.2,Never,None,Moderate,Yes,No,152,91,4.7,1.01,2.3,0.8,4.2,78,138,4.1,8,8.1,0,Yes,73,Yes,Poor,No,Underweight,Hypertension
PHC-1457,Kisesa HC,2024-04-16,56,Female,Urban,Primary,Farmer,Single,No,161.2,89,34.2,Former,None,High,Yes,No,142,100,5.5,0.73,3.2,2.3,5,78,141,4.7,5,8.8,1,Yes,109,No,NA,NA,Obese,Hypertension
PHC-1093,Bugando PHC,2024-03-17,80,Female,Rural,Primary,Farmer,Single,No,152.4,71,30.6,Never,None,Moderate,No,No,184,84,5.2,0.88,3,1.3,5.8,99,134,4.2,7,11.3,1,Yes,80,Yes,Good,No,Obese,Hypertension
PHC-1192,Nyamagana PHC,2024-02-28,46,Female,Urban,Primary,Trader,Married,Yes,165.8,75.1,27.3,Former,None,Low,No,No,111,81,5.1,1.58,2.8,2.9,5.7,70,141,3.7,4,14.7,0,No,0,No,NA,NA,Overweight,Elevated
PHC-0905,Nyamagana PHC,2024-10-18,42,Male,Rural,Primary,Farmer,Married,Yes,165.5,85.8,31.3,Current,None,Low,Yes,No,156,84,4,1.31,1.2,2.6,5.9,76,141,4.5,9,13.6,2,Yes,54,Yes,Poor,No,Obese,Hypertension
PHC-0731,Nyamagana PHC,2024-10-21,35,Male,Urban,None,Other,Widowed,Yes,164.3,69.9,25.9,Never,None,Moderate,No,No,157,92,5.5,1.12,3.1,1.5,4.1,84,136,4.5,12,0.2,0,Yes,75,No,NA,NA,Overweight,Hypertension
PHC-0555,Bugando PHC,2024-01-15,48,Female,Rural,Secondary,Other,Married,No,175.9,46.4,15,Former,None,Moderate,No,No,126,88,4.7,1.34,2.5,1.1,4.9,80,143,4,6,4.1,0,No,0,No,NA,NA,Underweight,Elevated
PHC-0367,Nyamagana PHC,2024-05-31,45,Male,Rural,Primary,Unemployed,Single,No,163.8,62.3,23.2,Never,None,Low,No,No,134,80,3.3,1.49,1,1.8,3.7,86,147,4,10,8.7,0,No,0,No,NA,NA,Normal,Elevated
PHC-0346,Ilemela HC,2024-02-29,34,Male,Urban,Primary,Unemployed,Married,No,173.8,NA,NA,Never,Moderate,Moderate,No,No,112,69,4.9,1.28,2.3,1.1,4.4,110,139,4.2,12,23.3,0,No,0,No,NA,NA,NA,Normal
PHC-0536,Kisesa HC,2024-07-19,23,Female,Rural,Secondary,Trader,Single,No,159.2,70.2,27.7,Current,None,Low,No,No,118,83,3.7,0.87,2,1.5,6.2,64,139,5,NA,7.8,0,No,0,No,NA,NA,Overweight,Elevated
PHC-1423,Nyamagana PHC,2024-10-21,31,Female,Urban,NA,Professional,Married,No,151.7,60,26.1,Former,None,Low,Yes,No,135,97,3.9,1.43,1,1.1,NA,40,137,3.8,12,2.5,0,Yes,58,Yes,Poor,No,Overweight,Hypertension
PHC-1210,Bugando PHC,2024-10-16,45,Female,Rural,Secondary,Trader,Married,Yes,155.2,52.4,21.8,Former,None,Moderate,No,No,144,103,4,1.09,2,2.8,5.6,88,139,4.2,15,11.3,0,Yes,94,Yes,Poor,No,Normal,Hypertension
PHC-1373,Ilemela HC,2024-01-29,41,Male,Rural,None,Trader,Single,Yes,151.6,43.8,19.1,Never,Moderate,Moderate,No,No,104,89,5.7,1.46,NA,2.5,5.5,51,134,5,16,25,0,No,0,No,NA,NA,Normal,Elevated
PHC-0920,Igoma HC,2024-09-25,54,Male,Urban,Secondary,Trader,Married,No,173.1,72.9,24.3,Never,Heavy,Moderate,Yes,No,167,84,5.9,0.78,4.4,2.3,4,94,142,4.3,14,13.1,0,Yes,115,Yes,Poor,No,Normal,Hypertension
PHC-0212,Kisesa HC,2024-05-17,65,Female,Rural,Secondary,Trader,Single,No,157,76.3,31,Former,None,Moderate,No,No,176,88,NA,1.55,2.4,2.6,4.4,107,137,4.1,6,4.7,1,Yes,119,Yes,Good,No,Obese,Hypertension
PHC-0503,Buzuruga PHC,2024-08-19,50,Female,Urban,Primary,Farmer,Single,Yes,168.6,53.9,19,Never,None,Low,No,No,157,80,6.5,1.66,3.6,1.9,4.8,68,138,3.4,12,5.4,1,Yes,47,No,NA,NA,Normal,Hypertension
PHC-0538,Bugando PHC,2024-07-20,59,Female,Urban,Primary,Other,Single,No,157.4,68.9,27.8,Former,None,Moderate,No,No,166,78,6.6,1.27,4.2,2.1,5.1,95,136,4.9,9,3.1,2,Yes,16,No,NA,NA,Overweight,Hypertension
PHC-1221,Ilemela HC,2024-03-10,75,Female,Urban,Primary,Trader,Married,Yes,161.7,62.6,23.9,Never,None,Moderate,Yes,No,124,78,4.6,1.16,2.5,1.6,5.5,101,138,4.4,14,8.1,0,No,0,No,NA,NA,Normal,Normal
PHC-0176,Bugando PHC,2024-08-26,52,Female,Rural,Tertiary,Farmer,Single,No,156.2,41.9,17.2,Current,Moderate,High,No,No,127,97,5.3,1.32,2.6,1,5.1,70,137,3.7,9,7.1,1,Yes,3,No,NA,NA,Underweight,Hypertension
