patient_id,facility,enroll_date,age,sex,residence,education,occupation,marital_status,health_insurance,height_cm,weight_kg,bmi,smoking,alcohol,physical_activity,family_history_htn,diabetes,sbp_mmhg,dbp_mmhg,total_chol_mmol_l,hdl_mmol_l,ldl_mmol_l,triglycerides_mmol_l,fasting_glucose_mmol_l,creatinine_umol_l,sodium_mmol_l,potassium_mmol_l,knowledge_score,distance_to_facility_km,comorbidity_count,htn_diagnosed,months_since_diagnosis,treatment_uptake,adherence,bp_controlled
PHC-1224, Igoma HC ,01/02/2024,74,Female,Urban,Primary,Trader,Married,Yes,164.6,61.3,22.6,Former,None,Low,Yes,No,140,92,-99,1.93,3.5,1.0,6.6,61,134,4.1,14,2.9,1,1,95,Yes,Poor,No
PHC-1169, Kisesa HC ,2024-09-03,56,Female,Urban,Primary,Professional,Married,No,160.0,68.3,26.7,Current,Moderate,Low,1,No,185,91,5.4,0.7,,2.1,5.5,66,134,3.6,7,10.5,0,Y,87,No,,
PHC-1391,Bugando PHC,2024-11-26,54,Female,Urban, None ,Farmer,Single,No,152.8,49.9,21.4,Never,Moderate,Moderate,1,No,147,85,5.4,1.67,2.3,2.7,6.0,75,139,4.4,9,2.4,0,Yes,116,N,,
PHC-0142,Ilemela HC,2024-10-23,33,Female,Urban,Primary,Farmer,Single,Yes,166.2,78.5,28.4,Never,None,Low,1,No,124,102,5.9,0.65,4.1,1.7,5.2,86,140,4.4,12,2.2,0,Yes,31,Yes,Good,No
PHC-0112,Kisesa HC,2024-06-03,86,Male, Urban ,Primary,Unemployed,Married,0,182.0,71.6,21.6,Former,Heavy,High,0,0,131,95,4.8,1.69,2.4,2.0,5.1,87,142,4.2,,5.4,0,Yes,80,No,,
PHC-0102,Igoma HC,2024-04-22,70,Male,Urban,Primary, Trader ,Single,No,175.6,97.4,31.6,Never,Heavy,Moderate,No,No,153,95,3.6,1.2,1.4,1.3,5.8,72,138,4.0,12,6.7,1,Yes,28,No,,
PHC-1019, Nyamagana PHC ,08/08/2024,45,Female,Urban,None,Unemployed,Married,No,165.6,106.7,NA,Former,None,Moderate,No,0,162,100,5.3,1.83,2.2,1.0,5.5,103,141,4.5,17,0.2,1,Yes,6,1,Good,No
PHC-1431,Bugando PHC,18/02/2024,59,f,Urban,Primary,Professional,Married,No,148.8,55.7,25.2,Current,Moderate,Low,No,No,108,100,2.9,1.39,NA,1.5,4.1,57,141,5.0,8,0.4,0,Yes,96,No,,
PHC-0119,Bugando PHC,2024-01-12,46,Male,Urban,Primary,Trader,Married,No,172.2,97.8,33.0,Never,Heavy,Low,Yes,0,152,87,6.0,1.38,3.4,2.5,6.2,98,140,4.7,13,5.0,1,Yes,114,0,,
PHC-0397,Bugando PHC,2024-10-19,61,Female,Rural,None,Trader,Married,No,165.6,56.5,20.6,Former,None,Low,N,No,127,69,5.2,1.57,2.6,1.3,6.4,76,143,4.4,NA,10.3,1,Y,53,Y,Poor,Yes
PHC-0431,Nyamagana PHC,15/03/2024,70,Female,Rural,Secondary, Unemployed ,Married,Yes,169.0,42.8,15.0,Former,Moderate,Moderate,No,No,139,88,6.3,1.44,3.7,0.7,6.5,99,136,4.0,11,10.7,1,Y,39,Yes,Poor,Yes
PHC-0475,Nyamagana PHC,06/09/2024,56,Female,Rural,Primary,Other,Married,No,156.3,62.5,25.6,Current,Heavy,Low,Yes,0,168,85,6.6,1.27,4.3,1.8,3.9,78,137,4.6,6,6.3,1,1,85,No,,
PHC-1277,Igoma HC,2024-08-29,45,Female,Urban,None,Trader,Married,No,155.7,57.3,23.6,Never,Moderate,Moderate,No,No,158,83,6.5,0.92,3.6,1.4,5.3,78,141,4.1,13,2.6,1,Y,20,1,Poor,No
PHC-1201,Bugando PHC,2024-05-04,39,Male,Urban,None,Trader,Married,No,179.2,80.5,NA,Former,Moderate,Low,Yes,0,138,95,6.6,1.28,4.3,2.4,5.0,66,141,4.5,13,4.2,1,Yes,112,No,,
PHC-0621,Ilemela HC,2024-08-31,67,Male,Rural,Secondary,Other,Widowed,Yes,160.7,48.9,18.9,Former,None,Moderate,Yes,0,118,85,5.5,1.5,2.9,1.7,7.6,90,137,4.2,9,6.4,0,Yes,42,Yes,Good,Yes
PHC-0331,Nyamagana PHC,12-Mar-2024,51,Female,Urban,Secondary,Trader,Married,No,169.6,NA,27.9,Former,Heavy,Low,Yes,No,164,89,4.8,1.34,2.2,2.9,5.6,108,134,4.1,7,0.6,0,Yes,54,No,,
PHC-0446,Bugando PHC,2024-09-03,73,Female,Urban,None,Farmer,Single,No,157.8,63.0,25.3,Never,Moderate,Moderate,Yes,N,162,98,3.3,1.23,1.6,0.8,5.0,84,140,4.3,12,1.7,0,1,114,1,Poor,No
PHC-0173,Ilemela HC,08-Jul-2024,60,Male, Rural ,Secondary,Professional,Married,Yes,161.5,92.5,35.5,Never,Moderate,Low,N,0,141,81,4.5,0.9,3.0,2.9,6.1,67,141,4.1,9,6.4,1,Yes,80,No,,
PHC-1064,Ilemela HC,2024-09-07,77,Male,Rural,Secondary,Trader,Married,No,172.7,74.9,25.1,Current,Moderate,Low,No,No,137,100,5.1,1.14,3.0,0.8,5.0,95,139,4.4,14,4.7,0,Yes,34,Y,Good,No
PHC-1453,Bugando PHC,2024-09-07,38,Female,Rural,Secondary,Farmer,Divorced,No,166.8,59.3,21.3,Never,None,Moderate,Yes,No,126,93,5.0,0.98,3.2,0.4,4.7,87,141,4.7,14,12.2,0,Yes,62,0,,
PHC-0044,Bugando PHC,2024-02-19,43,Female,Urban,Primary,Professional,Married,Yes,155.5,73.4,30.4,Never,Heavy,Moderate,Yes,No,174,95,-99,0.75,4.6,2.4,5.3,66,142,4.8,12,6.4,1,Y,8,Yes,Good,No
PHC-1267,Kisesa HC,04/05/2024,48,M,Rural,None,Other,Married,No,173.3,70.6,,Never,Moderate,Moderate,No,N,102,88,4.9,0.7,,2.2,4.9,75,141,4.7,9,9.0,0,No,0,No,,
PHC-0644,Buzuruga PHC,01/06/2024,69,Male,Urban,None,Farmer,Widowed,No,177.9,76.7,24.2,Current,Moderate,Low,0,N,161,94,6.3,0.87,4.5,2.2,7.1,69,141,4.3,11,12.3,1,Yes,89,No,,
PHC-0733,Kisesa HC,18/07/2024,35,f,Rural,None,Unemployed,Married,Yes,161.2,62.9,24.2,Current,None,Low,No,No,122,82,5.5,1.11,3.6,1.6,4.1,75,139,4.1,10,8.3,1,No,0,N,,
PHC-0410, Nyamagana PHC ,2024-09-04,44,M,Urban,Secondary,Trader,Widowed,No,172.6,91.0,30.5,Never,Moderate,Low,Yes,No,159,90,5.1,1.88,2.2,1.7,3.8,88,144,4.5,12,,1,Yes,1,No,,
PHC-0882,Bugando PHC,2024-01-17,50,Male,Urban,Primary,Unemployed,Married,No,162.7,67.4,25.5,Never,Moderate,Low,Y,Yes,136,93,5.6,1.5,3.3,1.2,9.0,105,140,4.9,5,0.2,2,Yes,77,Y,Good,No
PHC-1018,Bugando PHC,2024-02-17,54,male,Rural,Primary,Professional,Married,Yes,170.1,76.9,26.6,Former,Moderate,Moderate,No,No,136,89,4.7,1.8,1.9,1.3,4.9,81,138,3.3,12,4.5,1,Yes,87,No,,
PHC-1078,Ilemela HC,2024-05-16,63,Male,Urban,Primary,Farmer,Divorced,No,181.7,103.0,31.2,Current,None,Moderate,No,0,139,83,3.5,1.24,NA,1.5,999,93,135,4.0,10,3.5,1,No,0,No,,
PHC-0398,Ilemela HC,2024-08-28,45,Female,Urban,Secondary,Farmer,Single,No,156.6,53.9,22.0,Former,None,Low,Yes,No,123,87,4.4,1.47,1.4,1.8,4.8,57,143,3.8,14,0.9,0,0,0,No,,
PHC-0857,Bugando PHC,2024-03-24,59,female, Rural , None ,Trader,Married,Yes,156.8,51.5,20.9,Never,None,Moderate,N,No,147,100,5.1,1.04,3.4,0.6,4.8,67,140,4.3,7,,0,Yes,115,No,,
PHC-1316,Kisesa HC,2024-07-19,57,f,Urban,Secondary,Trader,Married,No,156.5,69.4,,Never,Moderate,Moderate,Yes,No,142,100,5.4,0.85,,1.5,6.5,96,144,4.5,13,1.5,0,Yes,61,Yes,Poor,No
PHC-1047,Nyamagana PHC,2024-08-12,45,Female,Rural,Secondary, Farmer ,Married,0,152.3,55.2,23.8,Former,None,Moderate,0,No,138,96,3.9,1.2,2.0,0.5,4.6,107,142,4.3,10,14.8,0,Yes,42,No,,
PHC-0792,Bugando PHC,14/05/2024,54,Male,Urban,Secondary,Farmer,Single,No,164.0,82.5,30.7,Never,Heavy,Moderate,Yes,No,168,111,6.4,1.44,4.1,0.5,5.1,84,142,4.1,8,0.5,2,Y,4,1,Good,No
PHC-0211,Nyamagana PHC,2024-04-28,42,Male,Urban, Primary ,Trader,Married,No,176.0,60.4,,Former,None,Low,Yes,No,144,92,5.7,1.74,3.0,1.5,6.7,89,140,4.3,12,1.2,0,1,46,Yes,Good,No
PHC-0490,Bugando PHC,2024-10-08,51,Male,Urban,Primary,Farmer,Married,No,164.6,56.2,20.7,Former,Moderate,Low,Yes,N,113,88,3.8,1.4,NA,0.8,6.3,77,134,4.2,14,5.2,0,No,0,No,,
PHC-0499,Igoma HC,05/08/2024,31,Male,Urban,Secondary,Farmer,Married,No,156.9,65.7,26.7,Never,None,Low,0,No,118,80,4.8,1.41,1.9,1.4,5.1,72,142,4.1,16,10.9,0,No,0,No,,
PHC-1345,Igoma HC,2024-02-21,66,Male,Urban,None,Trader,Divorced,Yes,178.6,91.1,28.6,,Moderate,High,Yes,No,135,90,5.1,1.27,3.3,1.1,5.8,73,141,4.4,10,1.2,0,Yes,11,No,,
PHC-0384,Buzuruga PHC,02/07/2024,35,Female,Rural,Secondary,Unemployed,Married,Yes,150.4,NA,19.1,Never,Moderate,Low,Y,No,113,74,5.1,1.37,2.4,1.7,5.4,72,136,4.2,10,6.6,0,Yes,25,No,,
PHC-0207,Buzuruga PHC,2024-08-17,60,Male, Urban ,None,Trader,Divorced,No,170.3,80.1,27.6,Never,None,Moderate,No,N,123,94,7.0,1.23,4.2,1.1,3.4,71,140,4.1,12,15.2,1,Yes,16,Y,Good,No
PHC-0708, Igoma HC ,2024-09-26,67,f,Rural,Secondary,Trader,Married,1,160.9,59.5,23.0,Never,None,Moderate,1,No,148,81,,1.42,2.7,1.0,4.8,112,131,4.7,7,4.4,0,Yes,16,1,Poor,No
PHC-1314,Buzuruga PHC,2024-07-04,73,Female,Urban,None,Farmer,Married,No,164.6,87.4,32.3,Never,None,Moderate,No,No,159,115,4.3,0.66,2.9,0.8,6.0,74,138,4.5,13,3.8,1,Yes,63,No,,
PHC-0168,Ilemela HC,2024-08-31,55,Male,Rural,None, Professional ,Married,No,173.8,66.7,22.1,Never,Moderate,Moderate,No,No,138,89,3.7,0.75,1.9,1.7,4.2,105,136,3.6,3,4.9,1,No,0,No,,
PHC-0886,Bugando PHC,2024-10-22,49,Male,Urban,Primary, Farmer ,Married,0,179.7,68.2,21.1,Never,None,High,Yes,No,136,94,4.1,1.43,1.5,1.8,4.2,62,138,4.1,7,NA,0,1,18,N,,
PHC-0547,Ilemela HC,2024-07-20,34,Female,Urban,Primary,Trader,Widowed,Yes,154.1,NA,21.3,Former,Moderate,Moderate,No,0,121,84,5.3,0.76,3.4,1.9,4.7,109,137,4.1,5,0.2,0,No,0,No,,
PHC-0180,Nyamagana PHC,2024-11-29,46,Male,Urban,Primary,Trader,Married,No,169.2,79.0,27.6,Current,None,Low,No,No,155,87,4.5,1.35,1.8,2.4,5.1,43,139,4.3,11,3.4,0,Y,87,N,,
PHC-0977,Buzuruga PHC,2024-11-02,46,Female,Urban,Primary,Professional,Married,No,168.4,106.9,37.7,Current,Heavy,Low,Yes,No,136,89,5.1,1.65,1.7,2.5,6.4,90,137,4.2,11,2.2,1,0,0,No,,
PHC-0714,Igoma HC,26/05/2024,74,Female,Urban,Secondary,Other,Widowed,No,158.9,83.5,33.1,Current,None,Low,No,N,146,81,4.9,0.97,2.3,1.8,6.2,87,140,3.9,11,5.5,1,1,64,Yes,Poor,No
PHC-1378,Nyamagana PHC,2024-01-30,78,Female,Urban,Primary,Farmer,Widowed,No,162.1,65.2,24.8,Never,Moderate,Low,Yes,0,149,98,6.1,1.15,,0.4,5.7,100,141,5.0,12,8.3,0,1,46,1,Good,No
PHC-1021,Nyamagana PHC,2024-11-20,70,Female,Urban,Primary,Unemployed,Married,No,160.0,73.2,28.6,Current,None,Moderate,0,No,168,87,3.9,0.97,2.1,2.2,5.8,83,142,4.9,14,6.6,0,Yes,51,Yes,Good,No
PHC-1194, Igoma HC ,02/11/2024,33,Female,Urban,Primary,Trader,Married,Yes,159.2,63.8,25.2,Never,Moderate,High,Yes,No,104,100,4.2,1.6,,1.8,4.3,52,134,4.3,9,0.8,1,Yes,30,No,,
PHC-0873,Buzuruga PHC,24-Apr-2024,60,F,Urban,None,Trader,Married,No,153.6,76.8,32.6,Never,None,Moderate,Yes,No,143,93,7.1,1.68,4.5,1.9,,68,139,3.8,9,10.3,2,Yes,80,Yes,Poor,No
PHC-0260,Igoma HC,2024-05-08,63,Female,Urban,Secondary,Professional,Married,Yes,173.3,87.9,29.3,Current,None,Low,No,No,111,95,5.3,1.58,2.7,1.6,5.9,108,140,3.9,15,9.6,0,Yes,110,No,,
PHC-0826,Buzuruga PHC,2024-10-18,55,f, Urban ,Primary,Trader,Married,Yes,158.6,61.3,24.4,Never,Moderate,High,Yes,N,155,75,4.6,1.44,1.9,1.5,4.3,98,140,4.6,10,1.4,0,Yes,101,Yes,Good,No
PHC-0201,Bugando PHC,2024-05-26,69,Male,Rural,Primary,Trader,Married,1,166.8,71.2,25.6,Current,Moderate,Moderate,No,0,139,101,6.3,1.46,3.9,1.3,5.6,110,138,4.8,19,6.1,1,Yes,101,Yes,Good,No
PHC-0118, Igoma HC ,28/06/2024,31,F,Rural,None,Professional,Single,No,167.4,53.1,18.9,Former,Moderate,Moderate,No,No,149,88,6.9,1.29,NA,1.8,5.0,63,139,4.5,11,4.2,1,Y,83,No,,
PHC-0072,Kisesa HC,03-Sep-2024,53,Male,Urban,Primary,Unemployed,Married,No,182.4,95.1,28.6,Never,None,Low,1,No,159,101,NA,0.84,2.6,2.9,6.5,81,138,4.5,8,7.7,0,Y,48,No,,
PHC-0061, Kisesa HC ,2024-02-23,55,Male,Rural,Tertiary,Trader,Married,No,167.9,53.5,19.0,Current,Moderate,Low,No,No,143,91,5.6,0.99,3.2,2.0,5.9,80,136,4.4,20,NA,0,Yes,29,1,Poor,No
PHC-0958,Nyamagana PHC,2024-04-02,62,Female,Rural, Primary ,Trader,Married,Yes,163.4,54.1,20.3,Never,Moderate,High,0,No,92,87,5.5,1.99,2.3,2.9,6.5,88,142,4.8,5,6.7,0,0,0,No,,
PHC-1042,Bugando PHC,20/11/2024,57,Female,Urban,Primary,Trader,Married,N,160.4,48.6,18.9,Never,None,Low,0,No,129,79,4.6,1.48,2.2,0.4,6.0,88,141,4.8,4,24.5,0,No,0,No,,
PHC-0702,Bugando PHC,02/08/2024,54,Male,Rural,None,Trader,Single,0,171.5,97.3,33.1,Current,None,Low,1,No,162,66,4.5,1.63,2.2,1.5,5.7,94,135,4.5,6,9.2,1,Y,58,No,,
PHC-0279,Nyamagana PHC,2024-01-08,61,Male,Urban,Secondary,Professional,Married,N,160.6,86.9,33.7,Never,None,High,N,No,119,73,3.8,1.65,1.0,1.3,3.9,116,140,4.7,11,4.7,1,No,0,No,,
PHC-0880,Bugando PHC,25/05/2024,69,Female,Urban,None,Professional,Single,Yes,155.9,46.2,999,Never,Moderate,Moderate,Yes,No,121,90,5.1,1.8,2.4,2.2,4.1,64,142,4.0,15,0.6,0,1,48,Yes,Poor,No
PHC-0064, Kisesa HC ,2024-11-17,40,female,Rural,None,Unemployed,Single,0,168.8,74.8,26.3,Former,None,Low,0,No,143,82,NA,0.5,4.8,1.6,4.9,93,137,4.4,11,6.6,1,Yes,19,No,,
PHC-0096,Buzuruga PHC,12/11/2024,65,Male,Urban,None, Professional ,Divorced,No,174.0,104.1,34.4,NA,Moderate,Moderate,No,0,148,84,4.9,1.36,2.8,1.0,4.9,91,139,4.2,8,5.1,2,1,20,0,,
PHC-1435,Bugando PHC,2024-11-05,28,Female,Urban,Tertiary,Trader,Married,Yes,158.7,87.8,34.9,Former,Moderate,Low,Yes,No,146,78,5.4,1.68,2.7,0.8,5.4,75,139,4.3,8,0.5,1,Yes,55,Yes,Good,No
PHC-0059,Kisesa HC,2024-08-06,42,Female,Rural,Tertiary,Trader,Single,1,152.4,63.5,27.3,Never,None,Moderate,No,No,117,89,6.1,1.49,3.2,1.2,5.2,88,139,4.1,11,15.6,0,N,0,No,,
PHC-0229,Kisesa HC,2024-06-10,21,female,Rural,Primary,Unemployed,Married,No,160.8,48.1,999,Never,None,Low,Yes,No,136,76,5.3,1.68,2.2,1.1,3.8,73,135,3.6,6,7.4,0,No,0,No,,
PHC-0682,Nyamagana PHC,2024-02-20,42,Female,Urban,Primary,Other,Married,0,168.1,67.3,23.8,NA,None,Moderate,No,No,149,91,4.9,1.38,2.4,1.4,4.5,89,135,3.6,12,18.7,0,Yes,21,Yes,Good,No
PHC-1279,Nyamagana PHC,2024-07-09,56,Male,Urban,Secondary,Farmer,Single,No,164.6,67.3,24.8,Former,None,Low,No,N,136,91,5.1,1.02,3.0,2.5,,87,140,4.9,11,13.4,0,Yes,103,Yes,Poor,No
PHC-0652,Igoma HC,17-Mar-2024,52,Male,Urban, Primary ,Unemployed,Divorced,No,170.0,77.5,26.8,NA,Moderate,Moderate,Yes,No,158,88,4.7,1.23,2.6,2.7,4.4,103,140,3.8,7,16.9,0,Yes,73,No,,
PHC-1393,Nyamagana PHC,2024-10-11,58,Female,Rural,Tertiary,Other,Single,No,160.3,49.7,19.3,Former,Moderate,Low,Yes,No,134,73,6.4,1.76,4.1,1.3,4.5,79,140,4.8,9,,1,1,55,Yes,Good,Yes
PHC-1152,Nyamagana PHC,29/01/2024,31,F,Urban,None,Farmer,Married,0,162.1,111.7,42.5,Never,Moderate,High,Yes,No,135,80,4.2,1.44,1.4,1.4,4.0,64,143,4.1,9,4.2,1,No,0,N,,
PHC-1451,Bugando PHC,29-Jul-2024,43,Male,Urban,Primary,Farmer,Married,0,170.0,63.4,21.9,Never,None,Low,Yes,No,141,79,4.3,1.06,2.5,1.4,5.2,71,137,3.3,12,1.7,1,Yes,36,Yes,Poor,No
PHC-0187,Ilemela HC,07/10/2024,39,male,Urban,Tertiary,Professional,Married,Yes,175.9,46.4,15.0,Former,None,Low,No,No,113,91,3.2,1.51,1.0,1.9,4.7,75,142,4.4,12,1.7,0,Yes,66,Yes,Poor,No
PHC-0341,Igoma HC,25/07/2024,39,Male,Rural,Tertiary,Farmer,Single,No,166.5,55.1,19.9,Never,Moderate,Low,N,No,92,98,5.2,0.98,2.9,1.0,5.8,75,132,4.1,15,6.8,0,Yes,56,0,,
PHC-0588,Buzuruga PHC,2024-09-04,48,Female,Rural,Secondary,Farmer,Widowed,Yes,162.4,,NA,Current,None,Moderate,Y,No,128,78,4.2,1.71,1.2,1.6,5.1,95,139,4.5,5,8.7,0,No,0,No,,
PHC-0128,Nyamagana PHC,21/01/2024,48,Female,Rural, Primary ,Farmer,Married,0,163.3,66.6,25.0,Former,Moderate,Moderate,No,No,143,90,4.2,1.35,1.9,2.2,4.5,78,139,4.8,7,18.2,0,Y,108,Yes,Poor,No
PHC-1455,Bugando PHC,2024-12-01,47,Female,Urban,Tertiary,Trader,Married,Yes,147.5,NA,31.1,Former,None,Low,No,No,113,102,5.6,1.46,3.0,1.0,5.3,85,139,3.9,17,3.1,1,Yes,95,Yes,Good,No
PHC-1165,Buzuruga PHC,2024-05-21,71,Male, Rural ,Primary,Other,Single,Yes,187.4,86.7,24.7,Never,None,Moderate,No,No,162,96,5.6,1.47,3.1,1.5,5.2,85,134,4.2,6,10.5,0,Yes,103,No,,
PHC-1246,Kisesa HC,2024-04-06,22,Female,Rural,None,Trader,Married,No,156.5,44.8,18.3,Never,None,Moderate,No,No,103,75,5.1,1.26,2.3,1.7,7.0,43,141,4.1,9,8.4,0,0,0,No,,
PHC-0010,Bugando PHC,2024-11-02,76,Female,Rural,Primary,Trader,Married,Y,152.7,58.6,25.1,Never,Moderate,High,Yes,No,160,107,4.3,1.59,1.5,1.9,6.3,69,142,4.4,6,,0,Yes,88,Yes,Good,No
PHC-0971,Kisesa HC,2024-01-19,41,Male,Urban,Primary,Unemployed,Widowed,No,167.8,76.4,27.1,Never,None,Low,No,No,145,72,4.3,0.65,2.5,1.7,999,83,136,4.0,7,1.7,0,1,26,No,,
PHC-0371,Bugando PHC,2024-06-06,78,Female,Urban,Secondary,Farmer,Married,No,165.2,71.7,26.3,Never,None,High,Yes,No,146,82,5.7,1.53,2.9,2.7,6.1,100,142,4.7,16,1.4,0,Yes,108,Yes,Poor,No
PHC-0716,Kisesa HC,2024-06-02,45,Female,Urban,None,Unemployed,Widowed,Yes,154.5,55.7,23.3,Former,None,Moderate,No,No,101,104,5.5,0.88,3.2,2.2,5.2,72,141,4.3,15,,0,Yes,75,No,,
PHC-1383,Kisesa HC,2024-10-18,44,male,Urban,None,Farmer,Married,No,175.5,77.5,25.2,Never,None,Low,No,No,163,94,5.0,1.97,1.5,1.1,7.1,100,142,4.2,13,8.9,0,Yes,8,No,,
PHC-1292,Ilemela HC,26/04/2024,58,Female,Rural,Primary,Farmer,Married,No,150.7,63.3,27.9,Never,None,Low,No,No,166,88,5.3,0.95,3.2,1.0,7.1,95,139,4.1,11,11.4,0,Y,59,Yes,Poor,No
PHC-1408, Ilemela HC ,2024-02-02,52,f,Urban,Tertiary,Unemployed,Married,No,166.1,82.5,29.9,Never,None,Low,No,No,151,81,6.5,1.69,3.1,3.2,4.6,88,142,3.9,13,0.9,1,Yes,42,Yes,Good,No
PHC-1363,Bugando PHC,2024-10-15,30,Male,Urban,Tertiary,Professional,Single,Yes,166.7,91.6,33.0,Former,None,Moderate,Yes,No,194,91,6.4,2.02,3.1,1.8,5.6,72,139,4.4,14,4.3,2,Yes,65,Yes,Poor,No
PHC-0956,Ilemela HC,2024-10-04,61,female,Urban,Primary,Trader,Married,No,156.3,62.1,25.4,Former,None,High,1,No,166,96,4.3,0.9,2.1,0.6,6.1,88,133,4.7,9,0.3,0,Y,115,Yes,Poor,No
PHC-0598,Bugando PHC,2024-05-10,50,Male,Urban,Tertiary,Professional,Single,Yes,172.2,90.3,30.5,Current,None,Low,Yes,No,148,84,5.8,0.89,4.3,1.9,4.0,49,136,4.6,3,1.6,1,Y,76,Yes,Good,No
PHC-0117,Igoma HC,2024-05-26,42,F,Rural,Primary,Unemployed,Divorced,N,159.6,69.0,27.1,Never,Moderate,Moderate,No,N,142,78,4.2,1.01,2.0,2.0,6.1,74,140,3.4,7,22.3,0,Yes,61,No,,
PHC-0834,Igoma HC,2024-07-05,88,Male,Urban,None,Farmer,Married,Yes,181.2,73.9,22.5,Never,Moderate,Moderate,No,No,123,105,3.7,1.21,1.2,2.0,7.5,96,140,4.2,9,11.6,0,Yes,42,No,,
PHC-1265,Buzuruga PHC,2024-05-02,52,Female, Rural ,Secondary,Professional,Divorced,Yes,168.6,70.9,24.9,Never,Moderate,Moderate,0,No,145,89,6.0,2.08,2.5,2.3,4.3,72,138,4.6,14,5.8,0,Yes,107,Yes,Poor,No
PHC-0884,Nyamagana PHC,2024-05-23,50,Male,Rural,Secondary,Farmer,Married,0,172.2,71.0,23.9,Never,Moderate,Low,1,0,90,77,5.4,1.58,2.8,1.0,6.4,88,135,4.6,13,13.3,0,No,0,No,,
PHC-0413,Bugando PHC,2024-08-18,49,f,Rural,Primary,Other,Married,No,161.2,39.0,15.0,Former,None,Moderate,No,N,90,108,4.3,1.37,2.3,1.1,4.9,103,142,4.0,6,9.2,1,Yes,86,No,,
PHC-0416,Bugando PHC,18/10/2024,57,Female, Urban ,Primary,Unemployed,Married,No,168.5,63.4,22.3,Current,Heavy,Low,No,0,132,80,5.4,1.51,3.1,1.3,5.5,71,139,3.6,13,2.7,0,No,0,0,,
PHC-1131,Ilemela HC,2024-04-14,56,F,Urban, Secondary ,Other,Married,No,148.5,59.9,27.2,Current,None,Moderate,Yes,No,154,97,4.6,1.22,2.5,0.6,3.7,62,138,4.0,10,10.9,0,Yes,98,1,Poor,No
PHC-1166,Ilemela HC,2024-09-14,36,Female,Rural,None,Farmer,Married,No,169.7,66.9,23.2,Never,None,Moderate,Yes,No,118,68,5.6,2.23,2.3,2.0,6.1,83,140,4.0,12,28.3,0,No,0,No,,
PHC-0347,Bugando PHC,2024-06-08,51,F,Urban,Secondary,Trader,Married,Yes,161.2,NA,28.4,Never,None,Low,No,No,152,90,4.5,0.99,2.4,2.0,,96,140,4.9,9,0.8,0,Yes,63,No,,
PHC-0599,Bugando PHC,2024-07-24,61,F,Urban,Secondary,Trader,Married,0,166.4,104.3,37.7,Never,None,Moderate,1,N,148,72,3.8,1.07,1.2,2.2,6.7,63,142,4.5,10,10.9,1,Yes,1,0,,
PHC-0670,Nyamagana PHC,2024-03-02,53,Female,Urban,None,Unemployed,Single,No,161.1,61.0,23.5,Never,Heavy,Moderate,0,No,104,88,7.0,0.78,,2.3,,91,139,4.2,9,4.1,1,No,0,No,,
PHC-1116,Buzuruga PHC,2024-09-24,40,Female,Rural,Tertiary,Farmer,Widowed,Yes,159.3,74.1,29.2,Former,None,Moderate,No,0,156,99,6.7,1.16,4.3,1.2,6.4,75,142,4.3,6,7.5,1,Yes,7,1,Poor,No
PHC-1204,Nyamagana PHC,2024-04-11,66,Female,Urban,Secondary,Farmer,Widowed,No,160.3,,23.3,Former,Heavy,Low,0,N,169,80,4.3,1.24,NA,2.2,5.1,67,140,4.4,8,2.7,0,Yes,11,Y,Good,No
PHC-0018,Nyamagana PHC,2024-03-10,54,M,Urban,Primary,Farmer,Married,0,169.3,57.7,20.1,Never,Heavy,Moderate,N,N,99,72,6.3,1.62,NA,1.7,5.0,60,140,4.3,12,1.0,1,0,0,No,,
PHC-0345,Ilemela HC,2024-03-19,50,Female,Urban,Primary,Farmer,Divorced,1,159.3,68.3,26.9,Current,None,Low,No,No,137,95,5.3,0.5,3.7,2.9,4.4,54,135,4.4,10,0.6,0,Yes,98,Yes,Good,No
PHC-0759, Bugando PHC ,2024-07-05,57,Female,Urban,Primary,Farmer,Married,N,161.4,59.2,22.7,Former,None,Moderate,0,No,146,90,,1.72,1.9,0.9,5.7,85,137,3.6,11,2.6,0,Yes,118,No,,
PHC-0936,Ilemela HC,2024-04-02,46,Female,Rural,Primary,Farmer,Widowed,No,166.6,46.0,16.6,Former,None,Low,No,N,117,67,4.0,2.1,1.0,0.9,4.6,66,145,4.7,16,5.1,0,No,0,No,,
PHC-1076,Nyamagana PHC,12/06/2024,50,Male,Urban,Secondary,Trader,Married,Y,161.7,60.6,23.2,Former,Moderate,High,Yes,N,111,80,3.5,2.07,1.0,1.4,6.0,88,136,3.8,9,2.0,0,0,0,No,,
PHC-0327,Buzuruga PHC,2024-04-18,55,Female,Rural,Secondary,Trader,Married,0,155.5,62.7,25.9,Never,None,Moderate,N,No,110,79,4.0,1.23,1.7,1.3,4.3,81,142,3.1,7,10.3,0,1,41,Yes,Poor,Yes
PHC-1248,Bugando PHC,2024-06-21,52,Male,Rural,Primary,Farmer,Married,0,180.5,108.5,33.3,Current,Heavy,Low,No,No,122,72,5.4,1.44,3.3,2.0,5.0,114,136,4.6,3,4.0,1,No,0,No,,
PHC-1413, Kisesa HC ,06-Sep-2024,66,Female,Urban,Primary,Professional,Married,Yes,163.3,74.6,28.0,Never,Moderate,Low,1,No,122,90,6.4,0.97,4.3,2.4,5.8,94,141,4.3,6,2.8,1,Yes,10,0,,
PHC-0805,Ilemela HC,2024-06-06,58,M,Rural,Primary,Trader,Widowed,No,174.8,72.3,23.7,Former,Heavy,High,Yes,No,112,78,3.0,1.53,1.0,2.1,4.7,118,137,5.3,7,7.0,0,No,0,No,,
PHC-0326,Nyamagana PHC,29-Apr-2024,90,Female,Rural,Primary,Other,Married,N,154.7,67.9,28.4,NA,Heavy,Low,No,N,155,97,6.3,1.57,3.9,2.0,5.7,75,139,4.2,8,6.8,1,Yes,40,No,,
PHC-0493,Bugando PHC,2024-07-07,42,Female,Urban,Secondary, Farmer ,Married,No,172.8,91.6,30.7,Never,Heavy,Moderate,Yes,No,140,75,4.8,1.12,2.3,1.8,5.7,59,139,4.4,9,19.4,1,1,23,No,,
PHC-1196,Nyamagana PHC,2024-04-10,57,Female,Rural,Secondary,Professional,Married,No,163.7,68.5,25.6,Never,Moderate,Moderate,1,No,130,81,7.8,1.24,5.6,3.2,4.9,82,148,3.8,7,10.0,2,No,0,No,,
PHC-1003,Ilemela HC,2024-09-14,50,Male,Urban,Tertiary,Farmer,Divorced,Yes,166.6,85.9,30.9,Former,Moderate,High,Y,No,153,87,5.5,0.96,3.1,1.3,5.3,54,142,4.4,10,12.6,1,1,57,0,,
PHC-1016,Bugando PHC,2024-08-31,60,Female, Rural ,Secondary,Farmer,Married,0,161.2,41.9,16.1,Current,Moderate,Moderate,Yes,No,121,77,4.6,1.64,1.6,1.6,5.4,68,139,4.4,16,7.1,0,No,0,No,,
PHC-1483, Igoma HC ,2024-11-28,59,m,Urban,Primary,Professional,Widowed,No,167.0,74.5,26.7,Never,Moderate,Low,Yes,Yes,179,78,5.1,1.35,3.1,1.2,7.6,111,144,3.2,9,5.9,1,Yes,59,Yes,Good,No
PHC-0362,Igoma HC,2024-02-25,39,Female,Rural,Primary,Farmer,Married,No,166.3,87.4,31.6,Never,Heavy,Moderate,Yes,No,113,99,5.1,1.2,2.6,3.4,6.1,92,137,4.5,11,12.7,1,Y,98,No,,
PHC-0996,Bugando PHC,2024-04-16,47,Female,Rural,Primary,Professional,Married,1,153.4,73.4,31.2,Never,None,Low,No,No,169,74,5.9,0.5,4.8,1.9,6.6,85,140,4.8,10,15.8,1,Y,56,0,,
PHC-1054,Kisesa HC,27/01/2024,58,Female,Rural,Secondary,Farmer,Married,Yes,150.1,63.7,28.3,Former,Moderate,Moderate,N,No,163,95,4.6,0.5,2.8,2.8,5.9,96,143,4.7,11,6.2,0,Yes,65,No,,
PHC-0639,Ilemela HC,14-Aug-2024,55,Female,Urban, Tertiary ,Other,Married,0,161.9,59.0,22.5,Never,None,High,Yes,No,131,92,4.8,1.34,2.4,1.9,5.5,72,139,4.6,11,2.8,0,Yes,42,Yes,Poor,No
PHC-0962,Nyamagana PHC,16/09/2024,42,Female, Rural ,Secondary,Trader,Married,N,157.4,72.5,29.3,Never,Moderate,High,0,N,160,95,4.9,1.35,2.1,1.0,5.7,41,140,3.5,10,7.9,1,Yes,44,No,,
PHC-1073,Buzuruga PHC,13/08/2024,65,Male,Urban,,Farmer,Married,No,173.5,106.9,35.5,Never,Moderate,High,Yes,No,140,84,4.3,0.72,2.3,2.9,4.0,68,137,4.5,8,4.2,1,Y,34,N,,
PHC-0672,Ilemela HC,2024-02-15,81,Female, Urban ,Primary,Farmer,Married,No,157.6,62.9,25.3,Former,None,Moderate,No,No,138,100,6.2,1.51,3.6,2.5,5.7,97,136,4.4,15,1.4,0,Yes,50,Yes,Good,No
PHC-1479,Bugando PHC,2024-07-01,90,Female,Urban,Primary,Trader,Married,No,162.1,70.0,26.6,Never,Moderate,Low,No,No,142,100,4.8,1.81,1.4,2.7,5.4,107,142,3.7,10,11.6,0,1,16,Yes,Poor,No
PHC-0028,Buzuruga PHC,2024-07-13,66,Female,Urban,Primary,Farmer,Single,Yes,145.1,65.5,31.1,Never,Moderate,Low,No,No,164,100,5.7,1.55,3.1,2.6,5.9,72,140,5.4,6,0.2,1,Yes,51,Yes,Poor,No
PHC-0329,Nyamagana PHC,03/08/2024,23,f,Rural,Primary,Trader,Widowed,No,162.1,60.0,22.8,Current,Heavy,Moderate,No,No,149,80,5.2,1.46,2.8,0.4,7.2,96,143,3.9,15,13.0,0,Yes,28,No,,
PHC-0717,Kisesa HC,11/05/2024,63,female,Rural,Primary,Other,Married,N,155.4,64.9,26.9,Never,Moderate,Low,No,0,123,71,3.9,1.07,1.5,2.8,5.0,93,138,4.2,17,6.4,0,0,0,No,,
PHC-0982,Ilemela HC,2024-05-20,67,Male,Urban,None,Other,Married,No,177.9,72.1,22.8,Never,Heavy,Moderate,Y,N,142,121,4.3,1.76,1.9,1.4,5.1,51,135,4.0,9,2.2,1,Y,89,Yes,Poor,No
PHC-0603,Igoma HC,2024-02-19,44,Female,Rural,Secondary,Farmer,Married,N,154.0,76.0,32.0,Never,None,Low,No,0,157,93,3.7,0.92,2.0,2.7,4.9,89,139,4.2,9,4.4,1,Yes,28,No,,
PHC-0674,Igoma HC,2024-04-12,60,m,Urban,None,Unemployed,Married,0,177.6,77.5,24.6,Never,None,Moderate,Yes,No,150,95,6.2,1.47,3.7,2.4,4.9,94,137,4.0,5,1.9,0,Yes,67,Yes,Good,No
PHC-0024,Kisesa HC,2024-09-20,36,F, Rural ,Secondary,Professional,Married,No,169.6,88.7,30.8,,Moderate,Moderate,No,No,136,67,5.2,0.82,NA,1.6,4.4,61,145,4.2,8,6.6,1,No,0,N,,
PHC-0242,Buzuruga PHC,03/06/2024,45,Female,Rural,None,Farmer,Married,No,161.8,58.8,22.5,Former,Moderate,High,No,0,136,64,4.7,1.35,1.9,1.1,5.7,72,138,4.1,18,17.5,1,No,0,No,,
PHC-1299,Ilemela HC,2024-04-30,20,Male,Urban,Secondary,Unemployed,Married,Yes,175.5,63.7,20.7,Never,Moderate,Low,Yes,No,131,89,4.7,1.45,2.4,1.5,4.8,80,142,3.7,17,5.5,1,No,0,No,,
PHC-0147,Nyamagana PHC,17/06/2024,50,female,Rural,Primary,Unemployed,Married,No,164.6,88.2,32.6,Never,Moderate,Low,1,No,145,103,5.4,1.23,3.3,2.1,5.8,61,143,4.1,,10.8,1,1,108,0,,
PHC-0474,Kisesa HC,2024-08-12,46,Male,Rural,None,Unemployed,Married,1,163.5,97.1,36.3,Current,None,Moderate,Yes,No,132,88,,1.0,4.3,1.7,4.4,98,143,4.5,16,6.4,1,0,0,No,,
PHC-1195,Nyamagana PHC,2024-02-14,43,Male,Urban,Tertiary,Unemployed,Married,Yes,168.2,84.3,999,Current,None,Moderate,Yes,No,129,89,5.5,1.42,3.1,1.8,5.4,74,138,5.6,9,1.4,0,No,0,No,,
PHC-0288, Buzuruga PHC ,29/09/2024,35,Female,Rural,Primary,Other,Divorced,Yes,164.3,82.6,999,Never,Moderate,Moderate,No,No,143,102,3.8,1.4,1.3,2.3,5.3,85,141,4.0,7,4.4,1,Yes,37,No,,
PHC-1189,Buzuruga PHC,2024-10-18,57,Female,Urban,Tertiary,Farmer,Married,No,151.9,40.7,17.6,Never,Heavy,High,No,No,92,82,6.1,1.06,3.7,0.7,6.6,97,139,4.4,,5.1,1,Yes,116,No,,
PHC-0985,Igoma HC,26/10/2024,40,Female, Urban ,Secondary,Trader,Married,Yes,157.6,86.2,34.7,Never,Heavy,High,N,No,144,84,4.7,1.45,1.5,1.6,6.0,60,138,4.3,9,1.5,1,1,59,No,,
PHC-0972,Nyamagana PHC,2024-01-29,86,Male,Urban, Primary , Trader ,Married,No,175.1,68.9,22.5,Never,None,Low,No,No,174,88,4.4,0.58,2.6,1.4,4.7,105,144,4.1,7,10.3,0,Yes,14,Y,Poor,No
PHC-0205,Nyamagana PHC,18-Mar-2024,49,Female,Urban,Primary, Farmer ,Divorced,No,166.5,81.1,29.3,Current,Moderate,Moderate,No,No,126,91,5.1,1.79,2.7,2.7,4.0,82,139,3.7,7,18.6,1,1,81,No,,
PHC-1188, Nyamagana PHC ,28/07/2024,58,Female,Rural,Primary,Unemployed,Widowed,1,154.5,74.7,31.3,Never,None,Moderate,No,No,156,80,6.5,1.52,3.8,1.6,4.5,69,138,4.0,11,15.4,2,Yes,34,No,,
PHC-1117,Bugando PHC,2024-04-04,60,Male,Urban, Primary ,Farmer,Married,No,144.9,58.3,27.8,Never,Heavy,Low,No,No,152,75,6.3,0.97,4.0,2.7,4.5,104,136,3.9,6,21.1,1,Yes,61,Yes,Poor,No
PHC-0507,Buzuruga PHC,13-Jan-2024,41,Male,Urban,Secondary,Trader,Married,No,170.9,97.3,33.3,Current,Moderate,Low,No,No,151,100,6.0,1.03,,1.8,5.8,94,136,4.7,5,4.7,1,Yes,24,No,,
PHC-1429,Nyamagana PHC,2024-08-02,71,Female,Rural,None,Unemployed,Married,Yes,163.6,94.8,35.4,Former,Moderate,Low,Yes,N,172,102,5.9,1.22,3.3,2.5,5.3,104,136,3.6,11,8.0,1,Yes,63,No,,
PHC-0014,Bugando PHC,14/05/2024,45,Female,Urban,Secondary,Farmer,Married,1,160.9,78.3,30.2,Former,Moderate,Moderate,0,No,171,82,5.5,1.55,2.9,1.2,4.7,49,140,4.1,15,1.7,2,1,7,Yes,Good,No
PHC-0109,Igoma HC,2024-08-10,88,Male,Urban,Primary,Farmer,Widowed,Yes,173.2,69.0,,Former,Moderate,High,No,No,90,84,,1.59,2.2,1.2,4.9,61,140,4.1,8,8.8,1,0,0,N,,
PHC-1332,Buzuruga PHC,2024-01-24,55,Male,Urban,Tertiary,Professional,Widowed,No,169.2,73.9,25.8,Never,Moderate,Moderate,1,0,172,98,,1.42,1.0,1.4,5.5,70,140,4.6,14,0.6,0,1,86,Yes,Poor,No
PHC-0349,Nyamagana PHC,25/10/2024,68,Male, Rural ,Primary,Trader,Married,No,161.4,68.5,26.3,Never,Moderate,Low,0,0,115,86,6.9,1.33,4.1,0.9,7.3,88,139,4.8,,8.2,1,No,0,N,,
PHC-0250,Bugando PHC,2024-02-07,52,f,Urban,Secondary,Unemployed,Married,0,158.4,54.5,21.7,Never,Moderate,Low,Yes,No,122,86,4.8,1.56,2.6,1.9,5.6,59,135,4.6,10,11.4,1,Yes,98,No,,
PHC-0375,Buzuruga PHC,2024-05-05,47,male,Rural, None ,Trader,Married,0,180.0,75.0,23.1,Current,None,Moderate,No,No,126,90,5.3,1.21,3.1,0.6,5.6,63,138,4.1,11,6.2,0,Yes,114,No,,
PHC-0035,Kisesa HC,2024-07-05,81,Female,Urban,Primary,Unemployed,Divorced,0,156.7,71.1,29.0,Never,Heavy,Low,No,Yes,174,85,5.7,1.2,3.9,1.8,7.1,85,137,3.8,9,12.7,1,Yes,48,Yes,Poor,No
PHC-0811,Nyamagana PHC,2024-09-18,48,f,Urban,Secondary,Trader,Married,No,168.6,70.1,24.7,Never,Heavy,Low,Yes,0,121,84,3.7,1.5,1.0,1.3,6.8,65,138,4.1,7,0.8,0,No,0,No,,
PHC-0099,Ilemela HC,2024-07-12,60,Male,Rural,Primary,Other,Married,No,177.5,95.2,30.2,Former,None,Low,No,No,126,109,3.8,1.24,1.5,1.7,6.0,68,144,3.8,15,6.3,1,Yes,63,No,,
PHC-0631,Bugando PHC,25/10/2024,52,Female,Urban,Secondary,Farmer,Single,No,158.0,63.6,25.5,Never,Heavy,Moderate,No,No,159,92,3.9,1.12,1.4,1.4,4.0,96,140,4.3,13,22.3,0,1,57,0,,
PHC-1334,Kisesa HC,2024-07-08,49,Female,Rural,Secondary,Farmer,Married,Yes,161.0,80.1,30.9,Former,Moderate,Moderate,1,0,133,69,6.4,1.47,3.5,2.3,4.7,87,146,4.4,6,24.9,2,0,0,No,,
PHC-0455,Ilemela HC,12/04/2024,67,Female,Urban,Secondary,Unemployed,Married,No,149.7,65.2,29.1,Never,None,Moderate,N,Yes,140,115,5.1,1.5,,1.8,8.8,91,144,4.2,8,18.8,1,Yes,112,No,,
PHC-1070,Igoma HC,2024-01-18,84,male,Urban,Secondary,Unemployed,Married,No,157.6,64.0,25.8,Current,None,Low,Yes,0,144,72,4.8,1.62,1.9,1.6,5.7,72,139,4.1,8,5.3,1,Yes,63,Yes,Poor,No
PHC-0417,Ilemela HC,2024-10-20,46,Male,Rural,Secondary,Farmer,Widowed,No,173.8,73.5,24.3,Current,Moderate,Moderate,Y,No,142,88,5.8,2.12,,2.7,8.2,58,145,4.2,15,6.1,0,Yes,57,Yes,Good,No
PHC-0186,Kisesa HC,22/11/2024,49,Female,Rural,None,Other,Married,No,165.3,81.1,29.7,Never,None,Low,No,No,146,84,NA,1.19,2.2,1.7,5.1,64,137,4.1,14,4.4,0,Yes,119,Y,Good,No
PHC-1216,Ilemela HC,2024-03-22,42,Male,Rural,Tertiary,Trader,Divorced,No,168.4,62.0,21.9,Never,Heavy,Moderate,Yes,N,109,81,4.2,1.57,1.2,2.2,6.9,89,140,4.4,15,12.2,0,0,0,No,,
PHC-0427,Igoma HC,21/03/2024,47,Female,Urban,Secondary,Farmer,Divorced,1,149.5,77.7,34.8,Never,None,Low,N,No,149,80,7.6,1.45,5.2,2.2,7.4,105,140,4.2,16,5.0,2,1,33,1,Poor,No
PHC-0736,Buzuruga PHC,2024-04-15,73,Female,Rural, None ,Farmer,Widowed,No,158.2,72.6,29.0,Former,Moderate,Moderate,0,No,136,95,3.1,1.39,1.0,1.7,7.1,76,142,3.5,10,,0,Yes,62,Yes,Good,No
PHC-0466,Ilemela HC,06/02/2024,42,Female,Rural,Secondary,Trader,Married,N,165.0,70.1,25.7,Current,Heavy,Moderate,No,No,133,84,3.9,0.88,2.1,2.7,5.5,97,141,4.5,9,6.2,0,No,0,No,,
PHC-0025,Ilemela HC,2024-08-21,40,Male, Urban ,Secondary,Unemployed,Widowed,No,176.5,79.9,25.6,Never,None,Moderate,No,No,112,93,NA,1.62,2.5,1.7,5.4,45,139,3.9,13,15.4,0,Yes,114,0,,
PHC-0111, Buzuruga PHC ,2024-02-26,32,Female,Urban,Secondary,Unemployed,Married,No,160.1,70.4,27.5,Never,Moderate,Low,Y,No,107,75,5.1,1.74,2.6,1.1,5.2,83,141,4.5,10,4.2,0,No,0,No,,
PHC-0016,Bugando PHC,2024-02-16,61,Female,Rural,Secondary, Other ,Married,No,162.4,67.6,25.6,Never,Moderate,High,No,No,160,65,5.7,1.15,3.0,0.4,6.3,88,143,3.9,16,5.6,0,Yes,111,Yes,Poor,No
PHC-0285,Kisesa HC,2024-11-08,38,Female, Urban ,Primary,Farmer,Single,0,169.7,,23.2,Current,Heavy,Low,No,0,121,74,5.9,2.0,3.0,2.4,6.3,61,141,4.0,6,0.7,1,No,0,No,,
PHC-0904,Buzuruga PHC,2024-05-22,34,male, Rural ,Primary,Farmer,Single,No,153.1,55.3,23.6,Never,None,Moderate,No,0,154,83,3.7,1.28,1.7,1.4,5.7,96,136,4.6,12,9.7,0,Yes,45,No,,
PHC-0415,Buzuruga PHC,2024-03-14,57,Female,Rural,Secondary,Trader,Widowed,Yes,152.4,40.5,17.4,Former,None,Low,Yes,0,124,88,5.9,2.0,3.1,2.3,5.4,86,142,4.9,,5.0,0,No,0,No,,
PHC-1049,Bugando PHC,2024-06-08,64,f,Urban, Primary ,Trader,Married,N,152.7,56.3,24.1,NA,None,High,No,0,122,102,5.2,1.05,3.0,1.6,6.4,85,137,4.1,12,4.4,0,Yes,109,Yes,Poor,No
PHC-0148,Ilemela HC,26/02/2024,45,f,Rural,Tertiary,Trader,Married,1,158.5,66.7,26.6,Never,Moderate,Low,No,0,181,80,3.6,0.66,NA,0.5,4.4,58,135,3.9,12,4.0,0,Y,100,No,,
PHC-1126,Ilemela HC,26/05/2024,47,Female,Rural,Tertiary,Farmer,Married,No,158.1,61.0,24.4,Never,Heavy,Moderate,1,0,136,76,5.1,0.98,3.2,0.9,6.4,71,137,4.0,14,7.9,0,No,0,No,,
PHC-0946,Kisesa HC,2024-06-13,38,Male,Urban,Primary, Trader ,Married,0,183.7,82.5,24.4,Never,None,Moderate,No,No,115,95,5.5,1.66,2.7,0.6,5.1,87,137,5.2,10,5.4,1,Yes,68,No,,
PHC-0508,Nyamagana PHC,2024-06-01,50,Female,Rural,Secondary,Unemployed,Married,Yes,162.5,65.6,24.8,Current,None,Moderate,No,0,133,85,5.9,2.19,2.4,1.2,4.3,68,138,4.2,14,7.7,1,No,0,No,,
PHC-0685,Bugando PHC,04-Jul-2024,53,female,Rural,Primary,Other,Divorced,N,165.5,61.1,22.3,Current,None,High,No,0,126,86,5.8,0.99,3.6,1.4,4.4,87,131,4.7,9,14.0,0,No,0,No,,
PHC-0922,Kisesa HC,21-Nov-2024,51,male,Urban,Primary,Unemployed,Divorced,Yes,167.9,NA,31.3,Never,None,High,No,No,146,102,5.7,1.85,3.3,3.2,6.0,87,139,3.5,7,2.1,1,Y,4,Yes,Poor,No
PHC-1048,Ilemela HC,04/04/2024,58,Male,Urban,Tertiary,Farmer,Married,Yes,171.1,79.0,27.0,Current,None,Moderate,No,No,177,74,4.8,1.61,1.7,1.4,5.1,125,139,3.6,8,1.0,0,Yes,76,0,,
PHC-0871,Buzuruga PHC,2024-06-26,67,Male,Urban,Tertiary,Trader,Married,No,159.5,59.7,23.5,Former,None,Moderate,N,No,159,106,5.4,0.97,3.6,1.4,6.7,64,139,4.2,7,1.4,0,Yes,89,No,,
PHC-0651,Ilemela HC,2024-02-28,60,Female,Rural,Primary,Professional,Married,No,159.5,55.2,21.7,Never,None,Low,No,No,164,88,4.9,1.12,2.9,1.5,4.1,75,135,4.3,15,10.9,0,Yes,105,Yes,Poor,No
PHC-0100, Nyamagana PHC ,2024-01-16,57,Female,Rural,Secondary,Unemployed,Married,Y,163.4,75.8,28.4,Never,Moderate,Low,0,N,130,76,7.4,1.64,4.6,1.4,3.4,58,134,3.8,NA,6.6,2,No,0,0,,
PHC-0005, Bugando PHC ,2024-01-24,54,Female,Urban,Secondary,Farmer,Married,Yes,165.3,87.4,32.0,Current,Moderate,Low,No,0,143,84,4.7,1.42,1.8,2.8,5.3,83,133,4.1,7,15.3,1,Yes,101,Yes,Good,No
PHC-0468,Buzuruga PHC,2024-11-27,68,Female,Rural,Primary,Farmer,Single,Y,161.2,72.8,28.0,Never,Moderate,High,Yes,No,173,97,4.2,1.37,1.6,1.6,,48,140,4.7,11,18.6,0,1,85,N,,
PHC-0047,Nyamagana PHC,2024-06-04,28,Male,Rural,Primary,Trader,Single,No,165.4,80.6,29.5,Current,None,Moderate,0,No,165,69,6.5,1.48,4.1,2.1,5.2,66,139,2.9,11,6.7,1,Yes,34,Yes,Good,No
PHC-0620,Ilemela HC,2024-11-15,48,Female,Urban,Secondary,Other,Married,Yes,152.0,66.7,28.9,Current,None,Low,No,No,125,82,4.4,1.13,2.7,2.0,5.8,74,135,4.0,5,13.4,0,N,0,No,,
PHC-0264,Bugando PHC,16/09/2024,25,M,Urban,Primary,Professional,Divorced,No,161.6,58.4,22.4,Current,None,Low,No,No,127,84,5.2,1.3,2.4,1.3,6.2,63,135,4.1,10,6.9,0,No,0,No,,
PHC-0703,Ilemela HC,2024-11-02,46,Female, Rural ,Secondary,Farmer,Divorced,No,156.5,71.0,29.0,Never,None,Moderate,Yes,0,165,80,4.8,1.3,2.3,2.0,5.1,84,143,4.9,8,17.9,0,1,61,No,,
PHC-0757,Kisesa HC,2024-01-17,39,Male,Rural,Primary,Farmer,Married,No,175.3,61.8,20.1,Never,None,Low,No,No,115,95,6.7,1.05,4.2,2.1,5.4,61,138,4.0,,4.6,2,1,22,No,,
PHC-0190,Kisesa HC,2024-02-18,69,m,Urban, Tertiary ,Trader,Married,No,165.8,91.9,33.4,Never,None,High,No,0,159,105,4.0,0.57,NA,3.4,7.5,118,142,4.1,8,5.8,1,Y,11,No,,
PHC-0641, Nyamagana PHC ,2024-05-12,63,Male,Urban, Primary ,Trader,Married,No,166.4,70.2,25.4,Former,Moderate,Moderate,No,No,149,64,3.9,1.05,1.6,3.6,5.9,43,137,5.0,18,4.0,0,Yes,50,Yes,Poor,No
PHC-0833,Nyamagana PHC,2024-05-05,78,F,Urban, Primary ,Farmer,Married,No,163.1,59.6,22.4,Former,Moderate,Low,No,No,171,83,5.5,1.45,2.8,0.9,5.1,84,143,4.4,13,20.6,0,Yes,109,Yes,Good,No
PHC-0998,Igoma HC,2024-08-27,52,f,Rural,Primary,Farmer,Divorced,0,164.7,72.9,26.9,Never,None,Moderate,Yes,No,140,83,4.6,1.57,1.9,1.5,5.6,65,140,4.5,9,14.9,0,Yes,75,No,,
PHC-0790,Ilemela HC,2024-01-31,65,Male,Urban,Secondary, Professional ,Single,Yes,162.5,79.0,29.9,Never,None,Moderate,Yes,No,153,110,5.8,1.81,2.8,2.5,6.9,74,142,3.7,6,4.9,0,Yes,58,No,,
PHC-0286,Bugando PHC,2024-08-26,66,Male,Urban,Tertiary, Trader ,Married,0,167.6,69.7,120,Never,Moderate,Moderate,No,No,144,115,5.5,1.24,3.5,1.9,5.2,98,143,4.3,10,0.4,0,Yes,81,No,,
PHC-1274,Buzuruga PHC,2024-01-13,63,Male,Rural,None,Farmer,Married,Yes,153.3,57.0,24.3,Never,Moderate,Low,Yes,No,132,92,4.8,1.38,2.5,1.1,5.6,80,137,4.6,8,9.3,0,Yes,46,No,,
PHC-1085,Bugando PHC,2024-02-07,77,Male,Urban,Secondary,Unemployed,Married,Yes,167.9,59.2,21.0,Current,Moderate,Moderate,No,No,140,95,4.9,1.36,3.1,1.3,5.7,98,139,4.5,13,4.2,0,Yes,23,1,Poor,No
PHC-0465,Ilemela HC,2024-02-07,46,F,Urban,Secondary,Farmer,Widowed,Y,162.8,59.7,22.5,Never,None,Moderate,No,No,103,96,3.0,1.82,NA,0.7,6.1,105,137,3.9,12,36.6,0,Yes,78,No,,
PHC-0748,Bugando PHC,2024-05-09,69,F,Rural,Secondary,Farmer,Single,Yes,151.3,50.7,22.1,Never,None,Low,No,No,105,91,5.0,1.28,2.8,1.1,5.8,95,135,3.4,10,NA,0,Yes,24,Y,Poor,No
PHC-0114,Ilemela HC,2024-08-21,35,Female,Rural, Primary ,Farmer,Divorced,No,153.6,45.9,19.5,Current,None,Low,0,No,130,87,5.4,1.5,2.9,1.5,7.0,79,137,4.4,8,5.5,0,0,0,No,,
PHC-1328,Buzuruga PHC,20-Aug-2024,36,F,Rural, Secondary ,Other,Married,N,168.4,53.6,18.9,Never,None,Moderate,No,No,105,85,6.2,1.21,4.1,1.4,4.1,43,136,4.7,8,15.8,0,Yes,16,No,,
PHC-0052,Kisesa HC,2024-03-31,64,Female, Urban ,Secondary,Trader,Widowed,No,162.3,67.5,25.6,Never,None,High,Yes,No,171,77,5.3,1.26,3.0,2.3,6.3,58,135,4.6,8,12.4,0,1,102,Yes,Good,No
PHC-0448, Buzuruga PHC ,2024-04-21,63,Female,Urban,Secondary, Unemployed ,Divorced,No,158.2,67.2,26.9,Never,None,Moderate,0,No,165,99,5.6,0.9,3.8,1.6,8.0,105,136,4.1,5,11.5,0,Yes,11,Yes,Good,No
PHC-0761,Nyamagana PHC,28/05/2024,56,Male,Urban,,Trader,Married,Yes,173.1,74.2,24.8,Former,Heavy,Moderate,No,No,121,97,4.8,1.55,2.7,0.6,6.8,100,140,3.6,15,16.8,0,Yes,116,Yes,Good,No
PHC-0542,Nyamagana PHC,2024-08-25,41,Male,Urban,Tertiary,Unemployed,Married,0,174.9,67.1,21.9,Never,Heavy,Low,No,N,145,73,6.4,1.42,3.8,1.2,6.2,65,135,4.8,12,11.3,1,Yes,65,N,,
PHC-0469,Nyamagana PHC,06/05/2024,49,Female, Urban ,Primary,Trader,Married,No,146.2,68.8,32.2,Current,None,Low,0,No,168,68,4.9,1.33,2.8,1.6,4.5,62,137,4.4,11,0.6,1,Yes,19,Yes,Good,No
PHC-0883,Igoma HC,2024-04-20,53,male, Urban ,Tertiary,Farmer,Married,N,168.3,76.7,27.1,Former,Moderate,High,No,No,130,103,5.8,1.62,2.6,3.5,4.3,75,141,4.5,18,0.2,0,Yes,5,Y,Good,No
PHC-0738, Ilemela HC ,2024-09-29,41,Male, Urban ,Secondary,Other,Married,N,176.1,80.9,26.1,Former,Moderate,Low,0,N,137,90,6.2,1.38,3.4,1.8,4.8,69,140,4.8,15,7.3,0,Yes,48,N,,
PHC-0611, Igoma HC ,03-Jul-2024,43,Male,Rural,Primary,Trader,Single,Yes,166.8,64.8,23.3,Never,None,High,No,No,127,79,5.3,1.64,2.5,0.4,5.1,85,136,4.9,10,12.4,1,No,0,No,,
PHC-1333,Nyamagana PHC,2024-05-11,58,Female,Urban,Secondary,Other,Married,1,156.2,90.1,36.9,Current,None,Low,0,No,158,73,5.3,1.03,3.5,1.6,5.2,97,133,5.1,,9.9,1,Yes,40,Yes,Good,No
PHC-0352,Bugando PHC,2024-01-25,28,Male,Urban,Secondary,Trader,Married,No,164.2,85.0,31.5,Never,None,Moderate,No,0,142,90,4.3,1.39,2.3,2.4,5.5,96,137,4.3,14,9.2,1,Yes,1,No,,
PHC-0957,Kisesa HC,2024-07-13,53,Female,Rural,Tertiary,Professional,Married,No,168.0,85.3,30.2,Never,Moderate,Low,Yes,No,188,102,5.5,1.43,3.0,3.1,5.5,99,138,4.7,14,16.0,1,Yes,73,Yes,Poor,No
PHC-0379,Kisesa HC,2024-07-13,72,Female,Rural,Primary, Other ,Married,Yes,168.0,61.8,21.9,Never,None,Low,Yes,0,135,77,5.9,0.97,4.0,1.2,4.6,67,138,3.8,11,14.8,0,N,0,No,,
PHC-1458,Ilemela HC,2024-02-19,48,Male,Urban,None,Trader,Married,No,159.9,78.0,30.5,Never,None,Moderate,1,0,136,86,4.0,1.41,1.2,0.9,4.3,52,139,4.3,12,27.4,1,No,0,No,,
PHC-0165,Nyamagana PHC,2024-06-06,51,Female,Urban,Secondary,Unemployed,Married,Yes,147.0,56.6,26.2,Never,Moderate,Moderate,Yes,0,137,72,7.1,1.75,4.5,1.6,3.6,56,137,4.2,15,7.4,1,No,0,No,,
PHC-0821,Ilemela HC,2024-06-18,40,Male,Urban,Secondary,Other,Married,N,176.3,79.0,25.4,Former,None,Low,No,No,123,91,7.0,1.85,4.0,2.2,5.1,91,142,4.1,10,10.4,1,Yes,105,No,,
PHC-1040,Bugando PHC,10/05/2024,69,Male,Urban,Secondary,Trader,Single,Yes,175.2,85.5,27.9,Never,Moderate,Moderate,No,Yes,175,90,3.5,1.73,1.0,1.0,6.3,101,139,4.1,11,8.8,1,1,40,1,Good,No
PHC-0208,Bugando PHC,2024-07-29,65,Male,Urban,Primary,Trader,Married,1,155.1,58.9,24.5,Never,None,Low,No,No,101,90,7.2,1.65,4.8,1.5,,92,140,4.1,13,4.8,1,Yes,3,Yes,Good,No
PHC-1460,Buzuruga PHC,2024-02-18,42,Male,Rural,Primary,Trader,Single,No,165.8,60.6,22.0,Never,None,Low,No,No,113,87,4.8,1.4,,0.5,,91,140,4.2,8,14.2,0,Yes,67,No,,
PHC-0351,Kisesa HC,2024-01-21,23,Female,Rural,Primary, Farmer ,Married,No,156.0,55.0,22.6,Never,None,Low,Yes,No,140,102,4.3,1.39,1.8,2.6,5.2,79,143,4.7,6,9.6,0,Yes,100,No,,
PHC-0678,Nyamagana PHC,2024-04-19,58,Female,Urban,None,Unemployed,Widowed,No,163.9,55.8,20.8,Former,None,Low,Yes,No,123,89,3.8,1.26,1.4,2.0,7.8,83,143,4.4,8,4.5,0,0,0,0,,
PHC-0807,Ilemela HC,2024-05-01,48,m,Rural,Secondary,Farmer,Married,1,176.2,93.2,30.0,Never,None,Low,No,No,138,83,4.9,1.42,NA,1.8,7.1,100,134,4.2,12,5.8,1,No,0,No,,
PHC-0921,Buzuruga PHC,2024-03-05,55,f,Rural,None,Trader,Married,0,160.9,82.2,31.8,Former,None,Moderate,No,No,143,81,4.0,1.25,1.6,2.3,6.0,95,138,3.9,15,4.9,2,Yes,88,No,,
PHC-0253,Bugando PHC,2024-01-16,38,female,Rural,Secondary,Unemployed,Single,Yes,149.9,41.8,18.6,Never,Moderate,High,Yes,N,123,79,5.8,1.03,3.7,0.4,5.7,67,135,3.8,11,8.3,0,No,0,No,,
PHC-0021,Bugando PHC,2024-06-19,74,Female,Urban,Tertiary,Trader,Married,No,156.5,58.8,24.0,Current,Heavy,Low,No,N,156,95,4.9,0.67,3.8,1.5,5.7,101,140,4.4,11,7.1,0,Yes,62,Yes,Poor,No
PHC-0309,Nyamagana PHC,2024-03-10,67,Male,Urban,Primary,Trader,Married,No,152.2,62.3,26.9,Never,Moderate,Low,No,No,148,98,3.8,1.12,1.7,1.6,4.6,104,140,3.4,5,6.4,0,Yes,118,0,,
PHC-0780,Nyamagana PHC,2024-07-12,54,Female,Urban,Primary,Trader,Single,No,157.7,52.3,21.0,Never,None,Low,Yes,No,145,90,6.8,0.55,5.3,2.8,5.1,103,135,4.1,17,15.3,1,Yes,86,No,,
PHC-0877,Ilemela HC,09-Sep-2024,66,Female,Rural,Primary,Professional,Married,No,172.1,77.8,26.3,Current,None,Moderate,Yes,No,133,99,5.7,1.26,3.2,1.8,6.5,73,139,4.5,14,19.6,0,Y,60,Yes,Good,No
PHC-0370,Bugando PHC,2024-09-03,48,Female,Rural,None,Trader,Single,Yes,167.8,74.3,26.4,Never,None,Moderate,No,0,134,81,5.5,1.13,2.9,2.4,5.5,98,134,3.8,13,14.2,0,No,0,No,,
PHC-0393,Igoma HC,2024-11-20,77,Female,Rural,Primary,Trader,Married,No,159.7,68.4,26.8,Never,Heavy,Low,No,No,137,94,5.0,1.56,1.8,2.1,999,101,137,5.1,13,4.7,0,Yes,47,No,,
PHC-0858,Ilemela HC,25/04/2024,44,Female,Urban,Tertiary,Farmer,Single,Yes,157.9,74.6,29.9,Current,Moderate,Low,0,No,160,88,,1.35,3.3,2.3,6.0,56,143,4.9,13,0.7,0,Yes,55,Yes,Poor,No
PHC-0872,Bugando PHC,05-Oct-2024,43,Female,Rural,Primary, Trader ,Widowed,Yes,159.2,72.7,28.7,Former,Moderate,Moderate,Yes,No,147,103,5.0,1.1,2.4,2.6,5.0,63,139,3.7,7,4.3,1,Yes,34,N,,
PHC-0263,Kisesa HC,2024-09-25,30,Female,Urban,Primary,Trader,Widowed,0,153.5,66.2,28.1,Former,None,Low,0,No,123,62,-99,1.52,1.1,2.4,4.6,88,143,4.0,8,0.3,0,N,0,No,,
PHC-0027,Kisesa HC,2024-10-03,39,Female,Urban,None,Unemployed,Married,Yes,150.8,57.5,25.3,Never,None,Low,No,No,162,77,5.8,1.33,3.2,1.5,,80,140,4.0,12,2.0,0,Yes,88,Yes,Good,No
PHC-0740,Bugando PHC,2024-02-02,64,Female,Urban,None,Trader,Married,Yes,159.1,66.4,26.2,Current,None,High,No,0,123,91,NA,1.34,2.6,2.0,4.4,83,137,4.3,5,9.2,0,Yes,86,No,,
PHC-1231,Bugando PHC,28/06/2024,85,Female,Urban,Tertiary,Trader,Married,No,164.3,76.7,28.4,Current,Moderate,Moderate,No,No,165,63,-99,1.13,1.0,2.6,6.0,78,139,4.0,9,5.1,0,Yes,29,1,Good,No
PHC-1422,Buzuruga PHC,04/11/2024,48,Female,Urban,None,Professional,Married,Yes,151.2,70.2,30.7,Never,Moderate,Low,No,No,103,86,5.3,1.41,2.8,1.9,5.0,90,132,4.4,6,6.3,1,Y,65,N,,
PHC-0903,Buzuruga PHC,2024-04-01,58,Male, Rural ,Primary,Other,Single,No,177.4,102.8,32.7,Never,None,Moderate,No,No,131,78,6.4,0.74,4.6,2.2,4.2,66,136,4.3,17,6.3,2,No,0,No,,
PHC-0700,Nyamagana PHC,2024-01-27,51,Female,Rural,Tertiary,Unemployed,Married,No,159.4,38.2,15.0,Current,Moderate,Low,No,No,120,95,4.8,1.21,2.8,2.4,7.0,75,139,4.7,10,10.3,0,Yes,110,No,,
PHC-0737,Kisesa HC,08/09/2024,80,Female,Rural,Primary,Farmer,Married,1,157.5,73.0,29.4,Never,None,Low,0,No,154,85,NA,0.72,3.3,2.3,6.8,122,146,4.7,7,12.3,0,Yes,84,Y,Good,No
PHC-1000,Nyamagana PHC,2024-09-04,51,Female,Rural,None,Trader,Married,No,167.6,66.0,23.5,Never,Heavy,Moderate,Yes,No,101,69,4.2,1.43,1.7,0.6,5.3,73,141,4.3,,4.8,0,N,0,0,,
PHC-1028,Ilemela HC,2024-06-28,67,female,Urban,Primary, Trader ,Divorced,No,149.8,70.5,31.4,Never,None,Low,Yes,No,159,96,5.7,0.88,4.0,1.7,5.4,68,139,3.5,9,1.1,1,1,34,Yes,Poor,No
PHC-1133,Buzuruga PHC,30/06/2024,70,female,Urban,Secondary,Trader,Divorced,No,162.1,73.5,28.0,Never,Moderate,Moderate,Yes,No,158,95,-99,1.49,3.0,2.9,5.6,81,139,4.0,14,3.8,0,Yes,41,Yes,Good,No
PHC-0511,Nyamagana PHC,15/04/2024,53,male,Rural,Tertiary,Trader,Widowed,No,180.6,87.4,26.8,Former,None,Moderate,No,N,117,87,4.0,1.59,1.0,0.6,6.1,122,132,4.2,17,12.2,0,0,0,N,,
PHC-0566,Igoma HC,2024-05-28,46,f,Urban,None,Farmer,Married,No,161.6,62.7,24.0,Never,None,Moderate,No,No,131,101,3.2,1.57,1.0,0.7,5.0,59,141,4.4,8,24.2,0,Yes,86,No,,
PHC-0129,Ilemela HC,2024-03-05,65,Male,Rural,Secondary,Unemployed,Married,No,176.9,91.5,29.2,Never,None,Low,No,N,136,92,4.2,1.8,1.1,1.5,5.8,84,140,3.9,7,7.0,1,1,56,No,,
PHC-0769,Bugando PHC,2024-07-10,72,Male,Rural,None,Unemployed,Single,No,173.4,75.0,24.9,Former,None,Low,No,No,167,92,,1.65,,2.5,4.8,105,143,4.3,14,7.5,2,Yes,58,Y,Poor,No
PHC-0846,Ilemela HC,24-Jul-2024,75,Female,Rural,Secondary,Unemployed,Married,N,141.3,60.2,30.2,Never,Heavy,High,Yes,No,149,95,5.0,1.31,2.9,2.8,4.8,72,142,5.4,13,8.2,1,Yes,83,Yes,Poor,No
PHC-0276,Nyamagana PHC,21/11/2024,30,Female,Rural,None,Trader,Married,No,155.4,76.4,31.6,Current,None,High,Yes,No,146,85,4.5,0.97,2.2,1.5,5.2,84,143,4.9,13,17.6,1,Yes,65,No,,
PHC-0569,Bugando PHC,2024-11-09,60,Female,Rural,Tertiary,Other,Married,No,158.1,54.8,21.9,Never,None,Low,No,No,114,81,4.0,1.89,1.0,1.5,4.8,48,140,4.2,7,12.9,0,No,0,0,,
PHC-0666,Bugando PHC,2024-07-26,41,Female,Rural,Secondary,Farmer,Divorced,No,170.1,70.1,24.2,Never,None,Moderate,No,No,142,92,5.1,0.97,3.2,2.2,999,40,140,4.4,16,5.8,1,Yes,78,Y,Poor,No
PHC-0359,Nyamagana PHC,2024-03-30,49,Male,Rural,Secondary,Trader,Single,Yes,182.5,88.0,26.4,Never,None,Low,1,No,109,74,2.8,0.67,NA,1.9,6.1,91,138,4.9,7,10.3,0,No,0,No,,
PHC-1319,Bugando PHC,2024-07-16,64,Female,Rural,None,Professional,Widowed,No,163.9,86.0,32.0,Never,None,Low,Yes,Yes,121,66,5.4,1.92,2.3,1.9,,93,134,5.0,7,6.1,2,N,0,No,,
PHC-0636,Nyamagana PHC,2024-09-27,29,Male,Urban,Primary,Trader,Married,0,166.3,70.2,25.4,Former,None,Moderate,No,N,166,97,4.3,1.2,1.7,2.9,5.4,99,134,4.7,9,7.3,1,Yes,75,N,,
PHC-0512,Kisesa HC,2024-09-17,75,Female,Urban,None,Unemployed,Widowed,Y,150.8,65.1,28.6,Former,None,High,Y,No,133,89,5.0,1.45,2.1,2.4,4.8,92,141,3.5,8,1.4,0,No,0,No,,
PHC-0839, Kisesa HC ,2024-10-08,64,Male,Rural,Secondary,Professional,Married,No,178.5,69.1,21.7,Never,None,Moderate,0,No,136,88,5.5,1.72,NA,1.3,6.0,77,139,4.7,15,10.8,0,No,0,No,,
PHC-0152,Nyamagana PHC,2024-10-06,18,Female,Urban,Primary,Farmer,Married,1,152.7,72.8,31.2,Never,Moderate,Moderate,Yes,No,138,88,4.4,1.2,2.3,2.1,6.0,70,142,3.4,6,0.7,1,No,0,0,,
PHC-1180,Bugando PHC,2024-02-25,70,Male, Rural ,Tertiary,Trader,Married,Yes,171.0,83.6,28.6,Never,None,Moderate,No,No,123,110,4.7,1.05,,2.0,4.9,97,144,3.8,6,9.4,0,Yes,108,No,,
PHC-1414,Nyamagana PHC,2024-10-18,25,Male,Urban,Primary,Farmer,Single,Y,167.5,58.4,20.8,Never,Heavy,Moderate,No,No,138,86,3.6,1.35,1.6,1.3,5.5,71,140,4.2,13,1.6,0,Yes,61,0,,
PHC-0514,Ilemela HC,21/03/2024,38,Male,Rural,None,Farmer,Married,No,167.6,67.6,24.1,Former,Heavy,Low,Yes,No,150,97,4.1,1.19,2.2,3.0,5.9,79,141,4.4,17,10.7,0,Yes,27,Yes,Poor,No
PHC-1298,Bugando PHC,2024-01-31,60,Male,Rural,Secondary,Other,Married,No,157.4,86.1,34.8,Never,None,Low,No,No,178,99,5.9,1.7,4.0,2.9,5.9,108,139,4.1,8,7.2,1,Yes,108,No,,
PHC-0913,Ilemela HC,2024-10-16,53,Male,Urban,Tertiary,Professional,Single,Yes,164.0,64.7,24.1,Never,Moderate,Moderate,Yes,0,124,78,4.9,1.16,2.7,2.0,5.3,83,139,4.8,16,6.4,1,No,0,No,,
PHC-0295,Igoma HC,07/07/2024,61,f,Urban,Primary, Trader ,Married,N,164.9,76.3,28.1,Never,None,Low,No,0,105,97,4.9,0.78,3.4,1.7,3.3,100,144,3.5,5,1.6,0,Yes,5,1,Poor,No
PHC-1456,Ilemela HC,02/04/2024,48,Female, Rural ,None,Trader,Divorced,Yes,163.8,48.6,18.1,Never,Heavy,Moderate,No,No,102,87,4.2,0.5,2.6,1.9,6.0,88,137,4.0,11,8.2,0,Yes,37,Yes,Poor,Yes
PHC-1337,Bugando PHC,2024-09-10,34,Male,Urban,None,Farmer,Married,No,179.6,78.7,24.4,Never,Moderate,Low,No,N,115,87,5.2,1.23,2.7,2.0,5.2,85,140,4.8,7,8.4,0,No,0,0,,
PHC-1024,Bugando PHC,2024-09-16,70,Female,Rural,Primary,Other,Widowed,No,156.7,41.7,17.0,Never,None,Moderate,Yes,0,106,106,5.4,1.47,3.2,1.3,7.3,83,139,4.4,NA,8.5,0,Y,101,No,,
PHC-1366, Ilemela HC ,2024-05-02,34,Female,Urban,Primary,Trader,Widowed,No,161.4,72.4,27.8,Never,None,Moderate,Yes,No,120,96,4.4,0.56,3.0,2.4,5.7,85,140,4.5,8,0.2,0,Yes,74,N,,
PHC-0800,Bugando PHC,2024-04-22,70,female,Rural,Secondary,Other,Married,No,162.2,60.1,22.8,Former,None,Moderate,No,No,142,94,5.3,1.59,2.4,0.8,6.2,68,141,4.6,13,10.7,0,Yes,117,No,,
PHC-0649,Nyamagana PHC,14/11/2024,49,Female,Urban,Primary,Other,Married,No,160.3,82.5,32.1,Current,Moderate,Low,Yes,No,148,71,4.2,0.86,2.6,1.4,6.0,72,135,3.6,9,,1,Yes,76,No,,
PHC-1480,Nyamagana PHC,2024-05-10,79,Female,Urban,Primary,Trader,Divorced,No,157.8,66.9,26.9,Current,Moderate,Low,No,0,152,87,6.4,1.27,3.5,1.9,5.6,68,145,4.4,6,10.5,2,Yes,65,No,,
PHC-0364,Igoma HC,2024-05-10,82,Female,Rural,Primary,Unemployed,Widowed,1,166.9,86.9,31.2,Never,Moderate,Low,Yes,No,174,85,3.9,1.69,1.0,2.6,4.7,63,138,4.5,11,11.0,2,Y,108,Yes,Good,No
PHC-0986,Nyamagana PHC,01/08/2024,55,Male, Rural ,Secondary,Unemployed,Married,N,177.9,77.7,24.6,Never,Heavy,Low,Yes,No,146,90,4.3,1.17,1.6,0.4,6.9,62,140,4.5,13,11.8,0,Yes,116,N,,
PHC-0314,Nyamagana PHC,2024-02-03,53,Male, Rural ,Primary,Unemployed,Married,No,168.0,84.4,29.9,Never,Heavy,Moderate,1,No,125,86,6.5,1.91,3.5,1.8,6.3,86,141,4.4,13,4.3,1,No,0,No,,
PHC-1300,Bugando PHC,2024-06-08,53,M, Urban ,None,Other,Divorced,No,165.5,57.0,20.8,Never,Moderate,Low,No,No,151,88,6.1,1.5,4.0,1.8,,77,140,4.3,NA,,0,Yes,67,N,,
PHC-1006,Igoma HC,2024-11-29,66,Male,Urban,Primary,Trader,Widowed,No,171.5,67.1,22.8,Former,Heavy,High,1,No,153,87,5.0,1.25,2.1,2.0,3.9,96,135,4.9,12,5.3,0,Y,9,Yes,Poor,No
PHC-0870,Igoma HC,2024-06-23,27,Female,Urban,Secondary,Other,Single,No,163.5,65.7,24.6,Current,Heavy,Low,No,No,149,64,7.0,1.62,3.9,2.2,5.4,81,136,3.5,10,0.6,2,Yes,2,0,,
PHC-0489,Bugando PHC,2024-05-31,68,Male, Urban ,Secondary, Farmer ,Married,No,177.7,84.2,26.7,Never,None,Low,No,No,143,73,-99,0.65,3.9,1.9,4.8,91,139,3.8,8,7.2,0,Y,115,Yes,Poor,No
PHC-0766,Igoma HC,01-May-2024,50,M,Urban,Secondary,Professional,Widowed,N,157.4,68.1,27.5,Never,Heavy,Low,N,0,173,88,5.7,1.2,3.3,2.3,5.3,89,140,4.8,11,4.9,1,Yes,11,Y,Poor,No
PHC-0565, Nyamagana PHC ,14/05/2024,61,Female,Rural,Secondary,Professional,Single,No,154.0,78.9,33.3,Former,Moderate,High,Yes,No,153,89,5.5,0.82,NA,2.9,5.8,98,139,4.5,16,5.8,1,Yes,65,Yes,Poor,No
PHC-0325,Nyamagana PHC,2024-04-10,50,Male,Rural,Tertiary,Farmer,Single,Yes,168.5,73.7,26.0,Never,Moderate,Low,Yes,No,127,90,4.0,1.35,1.0,0.4,,91,141,3.7,14,22.4,0,Yes,11,Yes,Good,No
PHC-0869,Bugando PHC,2024-02-15,60,Female,Urban,Primary,Professional,Married,Yes,159.6,71.8,28.2,Former,None,High,No,0,148,105,4.1,0.99,2.2,0.4,6.1,91,129,3.6,14,0.2,0,Yes,53,N,,
PHC-0171,Ilemela HC,2024-01-30,81,male,Rural,Tertiary,Trader,Married,No,168.2,73.8,26.1,Never,None,Low,Yes,No,121,84,6.7,1.72,3.6,1.5,5.0,70,141,4.0,12,21.1,1,Y,108,N,,
PHC-0573, Igoma HC ,2024-06-12,47,Female, Urban ,Secondary,Professional,Married,Yes,157.3,73.3,29.6,Never,None,Low,No,No,142,78,4.9,0.97,2.7,1.6,5.9,51,139,4.3,12,3.5,0,Y,16,Yes,Poor,No
PHC-0532,Buzuruga PHC,2024-07-14,22,Female,Urban,Primary,Trader,Married,N,166.6,92.4,33.3,Current,None,Low,Yes,No,146,86,4.9,1.34,2.8,0.8,6.0,80,138,5.0,15,15.2,1,Yes,19,No,,
PHC-1344,Buzuruga PHC,25/09/2024,35,F,Urban,None,Other,Widowed,N,154.1,83.5,35.2,Former,None,Low,Yes,No,121,72,5.3,1.61,2.5,1.2,6.2,84,141,4.6,12,7.9,1,N,0,N,,
PHC-0265,Nyamagana PHC,2024-11-09,64,Female,Rural,Secondary,Trader,Married,No,161.7,64.3,24.6,Never,None,Moderate,Y,No,132,113,5.0,1.81,2.0,2.2,5.4,81,137,4.6,12,14.7,0,Yes,60,No,,
PHC-0541,Ilemela HC,25/07/2024,42,m, Urban ,Tertiary,Trader,Married,No,173.0,47.7,15.9,Never,Moderate,Low,No,No,154,73,3.6,1.88,1.0,0.6,5.2,105,138,4.5,16,28.8,0,Yes,103,No,,
PHC-1432,Kisesa HC,2024-06-09,63,Female,Urban,Primary,Farmer,Married,Yes,154.7,57.3,23.9,Current,None,Moderate,Yes,No,136,70,NA,1.57,3.5,2.1,5.7,49,140,4.3,9,2.2,0,Yes,43,Yes,Good,Yes
PHC-1266,Buzuruga PHC,2024-08-20,65,Male,Rural,Secondary,Trader,Married,No,169.0,88.9,31.1,Never,None,Moderate,Yes,No,178,76,4.4,0.94,1.8,1.0,5.9,105,136,4.4,9,8.8,2,Yes,12,No,,
PHC-0729,Igoma HC,12-Mar-2024,60,Male,Rural,Primary,Other,Married,No,170.2,77.3,26.7,Never,Moderate,Moderate,No,N,160,82,4.3,1.46,1.7,1.7,4.8,99,140,3.3,12,7.4,0,Yes,119,No,,
PHC-0752,Igoma HC,2024-06-02,31,Male,Rural,Primary,Professional,Divorced,No,166.1,61.0,22.1,Current,Moderate,Moderate,1,Y,155,89,5.8,1.63,NA,2.1,7.1,76,137,5.3,9,4.2,1,1,9,No,,
PHC-0607,Kisesa HC,2024-02-26,55,Female,Rural,Primary,Trader,Married,0,157.6,68.1,27.4,Never,None,Moderate,0,No,134,86,5.7,1.36,3.4,2.2,6.2,66,140,3.4,14,8.2,0,N,0,No,,
PHC-1420,Igoma HC,2024-10-22,57,F,Urban,Secondary,Farmer,Divorced,Yes,160.4,76.0,29.5,Never,None,Moderate,No,0,144,72,5.5,1.48,2.5,2.4,5.6,98,140,4.0,6,6.0,0,Yes,106,Yes,Poor,No
PHC-0739,Nyamagana PHC,2024-11-22,52,Female,Rural,Secondary,Other,Married,Yes,169.5,69.2,24.1,Never,None,Moderate,1,No,120,81,4.7,1.04,2.6,1.8,6.3,73,138,4.2,13,9.9,0,No,0,No,,
PHC-1082,Nyamagana PHC,12/10/2024,65,male,Urban,Primary,Farmer,Divorced,No,177.2,61.5,19.6,Never,Moderate,Low,No,No,145,109,5.3,1.52,2.9,2.3,4.8,74,138,3.8,4,2.2,0,Yes,87,Yes,Good,No
PHC-0881,Kisesa HC,2024-02-25,45,Female,Rural,None,Unemployed,Married,Yes,154.9,61.3,25.5,Current,Heavy,Moderate,No,No,140,90,4.5,1.44,1.8,3.1,4.3,80,139,5.4,9,8.9,0,Yes,73,No,,
PHC-1439,Bugando PHC,2024-09-18,48,Male,Rural,Tertiary,Other,Widowed,0,172.9,77.7,26.0,Never,Heavy,Low,No,No,122,69,4.3,1.36,1.5,3.4,5.5,117,139,4.6,8,4.1,0,0,0,No,,
PHC-0214,Kisesa HC,2024-03-01,50,Female,Urban, Primary ,Professional,Married,N,165.7,71.0,25.9,Current,Moderate,Moderate,Y,No,105,97,5.0,2.18,1.7,0.8,4.8,82,141,4.4,14,1.9,1,Yes,114,No,,
PHC-1150,Kisesa HC,04/06/2024,87,Female,Urban,Secondary, Trader ,Married,No,158.6,60.1,23.9,Never,Moderate,Low,N,No,171,88,7.8,0.5,6.0,1.4,5.9,72,140,4.5,6,0.7,1,Yes,63,Y,Poor,No
PHC-0504,Ilemela HC,11/06/2024,70,Female,Urban,Primary,Farmer,Divorced,Yes,164.2,66.0,24.5,Never,None,Moderate,No,Yes,147,77,6.0,1.23,3.8,0.8,8.7,101,134,4.0,3,27.7,1,Yes,97,Yes,Poor,No
PHC-0368,Nyamagana PHC,09-Aug-2024,67,Male,Urban,Primary,Farmer,Married,No,167.1,75.6,27.1,Former,Heavy,Low,Yes,No,146,81,5.2,1.53,2.6,1.0,4.4,113,135,4.3,13,14.0,0,Yes,21,No,,
PHC-0572,Bugando PHC,2024-11-29,60,Female,Rural,Primary,Farmer,Married,No,158.3,59.1,23.6,Never,Heavy,Low,No,No,122,83,5.1,1.14,2.5,1.0,5.2,92,143,3.9,16,8.8,1,0,0,No,,
PHC-1074,Igoma HC,2024-03-22,68,female,Rural,Secondary,Unemployed,Widowed,Yes,164.9,68.7,25.3,Current,None,Low,No,No,119,65,6.8,1.79,3.6,2.1,4.1,101,137,4.6,15,4.6,1,No,0,No,,
PHC-0200,Nyamagana PHC,28/06/2024,53,Female,Rural,Primary,Professional,Widowed,Yes,159.1,76.3,30.1,Never,None,Moderate,0,No,125,89,3.8,1.34,1.6,3.0,5.9,80,139,4.8,5,13.0,1,Yes,36,No,,
PHC-0485,Bugando PHC,2024-11-02,40,Female,Rural,None,Farmer,Married,Yes,154.5,65.7,27.5,Current,None,High,Y,No,130,82,6.8,1.05,4.8,2.5,4.8,40,136,4.6,6,,1,Yes,48,No,,
PHC-1434,Bugando PHC,2024-06-12,54,Female,Rural, Primary ,Farmer,Single,Yes,155.1,45.0,18.7,Never,Moderate,Moderate,No,No,135,82,5.4,1.48,3.2,1.9,5.9,50,135,4.0,11,8.9,0,No,0,0,,
PHC-0411,Ilemela HC,2024-06-10,56,Male,Rural,Primary,Trader,Divorced,No,173.6,64.3,21.3,Never,None,Low,Y,0,166,83,4.8,1.33,2.2,0.7,6.3,108,143,5.1,14,7.4,0,Yes,32,0,,
PHC-0526,Ilemela HC,2024-11-30,68,Male,Rural,Primary,Professional,Married,Yes,165.8,57.6,21.0,Current,Heavy,Moderate,No,0,110,92,4.6,1.11,NA,0.4,5.9,80,138,4.1,9,8.2,0,1,48,0,,
PHC-0721,Igoma HC,13/08/2024,45,Male,Urban,Primary, Trader ,Single,No,170.8,NA,33.1,Never,Heavy,Low,No,No,152,81,4.6,1.36,2.3,1.8,5.7,72,140,4.8,9,0.6,1,Yes,16,No,,
PHC-0217,Buzuruga PHC,2024-07-18,51,Male,Urban,Secondary,Farmer,Single,Yes,175.9,83.4,27.0,Former,None,Low,No,No,167,88,5.9,1.21,4.2,2.3,6.4,79,135,5.2,10,0.6,0,Yes,115,N,,
PHC-1154,Bugando PHC,2024-07-24,64,Female,Rural,Primary,Farmer,Divorced,0,157.6,63.7,25.6,Current,Heavy,Low,Yes,No,126,82,5.6,0.99,3.5,2.4,3.4,65,134,4.4,14,4.3,0,N,0,No,,
PHC-0254,Bugando PHC,2024-06-04,32,Male,Urban,Primary,Farmer,Married,Yes,163.4,49.3,18.5,Never,None,Low,No,No,92,92,4.5,1.6,2.4,0.7,4.2,80,138,4.0,10,0.9,0,Yes,82,No,,
PHC-0153,Kisesa HC,08-Jan-2024,57,Female,Urban,Primary, Farmer ,Married,No,156.4,60.3,24.7,Never,None,Low,No,No,131,93,5.6,1.73,2.8,2.3,4.4,118,142,4.6,9,6.3,1,Yes,31,0,,
PHC-0195,Igoma HC,2024-05-12,57,Female,Urban,Primary, Unemployed ,Married,No,162.1,45.2,17.2,Never,Moderate,Moderate,Yes,No,169,86,6.2,1.53,3.7,1.1,5.0,50,142,3.6,7,1.0,1,Y,86,Yes,Poor,No
PHC-1160,Kisesa HC,2024-04-03,46,F,Urban,Primary,Farmer,Widowed,No,152.6,60.8,26.1,Former,None,Moderate,Yes,0,129,80,6.2,1.96,3.0,0.4,5.7,85,139,3.7,4,2.5,1,No,0,No,,
PHC-0864,Bugando PHC,11/05/2024,75,Female,Urban, Secondary ,Other,Divorced,1,164.5,111.5,41.2,Current,None,Low,0,0,196,68,4.6,1.75,2.5,1.8,4.9,80,137,3.9,5,7.8,1,Y,50,Yes,Poor,No
PHC-0069, Igoma HC ,25/01/2024,47,Female,Rural,Primary,Unemployed,Widowed,1,162.6,70.9,26.8,Former,None,Moderate,0,No,125,85,4.1,2.05,1.0,0.7,4.7,90,143,4.8,9,4.7,0,No,0,0,,
PHC-0131,Ilemela HC,2024-06-09,21,Male,Urban,Secondary,Unemployed,Widowed,No,175.6,78.2,25.4,Never,None,Low,Yes,No,139,79,4.2,1.21,1.8,2.3,6.5,50,132,4.2,9,8.6,0,No,0,No,,
PHC-0518,Kisesa HC,2024-05-19,69,Female,Rural,Secondary,Farmer,Married,1,159.7,57.1,22.4,Current,Heavy,Moderate,No,No,90,83,3.7,0.93,NA,1.6,4.1,99,140,4.5,11,7.1,0,Yes,10,No,,
PHC-1207,Igoma HC,2024-01-17,47,Female,Rural,Tertiary,Professional,Divorced,No,157.1,58.3,23.6,Former,Moderate,Low,No,N,136,88,3.6,1.86,1.0,1.2,5.3,56,139,4.1,6,5.1,0,No,0,No,,
PHC-0301, Nyamagana PHC ,2024-10-16,41,Male,Rural,Tertiary,Professional,Married,No,169.0,63.2,22.1,Never,Moderate,High,No,No,142,84,4.2,0.89,2.2,1.8,4.6,48,139,4.3,9,13.4,0,Yes,114,Yes,Poor,No
PHC-0390,Kisesa HC,09/05/2024,41,Female,Urban,Secondary,Unemployed,Single,Yes,161.2,65.2,25.1,Never,Moderate,Moderate,No,No,132,82,6.0,1.08,3.7,1.9,999,70,143,3.7,9,29.4,0,No,0,No,,
PHC-1250, Bugando PHC ,2024-02-28,40,F,Urban,Primary,Professional,Divorced,No,160.9,56.6,21.9,Never,None,High,Yes,0,135,109,4.2,0.8,2.5,1.5,4.0,46,138,4.0,9,5.4,0,Yes,89,Yes,Poor,No
PHC-0718,Ilemela HC,08/04/2024,58,Male,Urban,Secondary,Trader,Married,No,175.2,73.7,24.0,Former,Moderate,Low,No,No,143,80,5.5,1.77,2.5,1.5,4.5,95,143,4.1,14,0.4,1,Yes,43,Yes,Poor,No
PHC-0472,Nyamagana PHC,31-Mar-2024,37,Male,Rural,Primary,Farmer,Married,0,186.6,104.1,29.9,Current,Moderate,Moderate,No,No,135,104,-99,1.18,3.2,2.1,6.9,105,140,3.4,4,8.7,0,Yes,17,No,,
PHC-0241,Nyamagana PHC,2024-01-16,27,Male, Urban ,Secondary,Farmer,Widowed,No,181.9,103.1,31.2,Current,None,Moderate,No,No,144,89,5.9,0.72,4.2,1.1,,94,141,4.0,15,8.3,1,Y,99,Yes,Poor,No
PHC-0557, Nyamagana PHC ,2024-07-26,60,F,Urban,None,Trader,Married,0,156.7,50.7,20.6,Former,Heavy,Low,No,0,131,69,6.0,1.09,3.7,0.9,5.1,129,139,4.2,4,3.2,0,Y,40,No,,
PHC-0188, Igoma HC ,2024-01-25,60,Male,Urban,Primary,Farmer,Widowed,No,164.3,79.2,29.3,Never,None,Moderate,Yes,No,137,99,6.7,1.26,4.1,1.8,,105,132,4.8,15,3.9,1,Yes,28,No,,
PHC-0709,Bugando PHC,2024-01-30,48,Female,Rural,None,Professional,Single,No,154.5,48.8,20.4,Never,None,Low,No,No,117,89,3.8,1.18,1.8,0.6,999,83,134,4.3,11,10.2,1,No,0,No,,
PHC-0502,Igoma HC,12/10/2024,51,Female,Urban, Primary ,Other,Married,Yes,161.0,76.3,29.4,Current,Heavy,Moderate,1,No,151,92,6.0,1.54,3.3,2.4,4.4,50,140,5.0,10,0.4,0,Yes,25,Yes,Poor,No
PHC-1438,Nyamagana PHC,14/02/2024,74,Female,Urban,Secondary,Farmer,Married,No,160.9,78.6,30.4,Never,None,Moderate,Yes,Yes,153,98,3.2,1.03,1.1,0.9,8.7,70,138,3.9,12,4.1,2,Yes,34,Yes,Poor,No
PHC-0594,Bugando PHC,2024-10-07,38,Male,Urban,Primary,Trader,Married,No,160.1,97.5,38.0,Never,None,Low,Yes,No,147,75,5.8,1.37,3.2,2.2,6.1,94,140,4.2,6,2.2,1,Yes,15,No,,
PHC-0968, Kisesa HC ,14/11/2024,35,Female,Rural,Primary,Other,Married,Yes,161.6,68.7,26.3,NA,None,Low,Yes,No,155,79,4.6,1.31,2.3,0.8,5.0,61,136,3.8,4,5.3,0,Yes,65,Yes,Good,No
PHC-1320,Nyamagana PHC,2024-06-16,76,f,Urban,Secondary,Unemployed,Married,No,149.6,77.4,34.6,Never,None,Low,Yes,No,167,89,5.5,1.15,2.5,3.1,6.0,77,138,4.1,10,,1,Yes,55,Yes,Good,No
PHC-0284,Bugando PHC,2024-02-01,51,Female,Urban,,Farmer,Widowed,Yes,159.7,52.5,20.6,Never,Heavy,Low,0,No,128,90,4.7,1.05,2.6,0.7,6.0,97,139,4.5,18,16.5,0,Y,115,1,Good,No
PHC-1175,Igoma HC,2024-04-28,75,Male,Rural,Tertiary,Professional,Married,No,172.2,80.3,27.1,Never,None,Low,No,No,96,100,6.7,1.28,4.1,0.4,7.3,111,137,3.9,10,7.1,1,Yes,116,No,,
PHC-1230,Nyamagana PHC,2024-05-01,40,Female,Rural,Primary,Professional,Married,No,159.5,56.2,22.1,Current,Moderate,Low,Yes,No,120,85,4.9,1.1,2.9,2.3,5.3,40,135,4.3,6,,0,0,0,No,,
PHC-1127,Nyamagana PHC,2024-09-24,65,Male,Rural,Primary,Unemployed,Married,N,176.4,59.6,19.2,Never,None,High,No,No,110,101,5.7,1.56,3.1,0.8,4.8,90,136,4.2,12,14.9,0,Yes,81,Yes,Good,No
PHC-1071,Nyamagana PHC,2024-05-22,45,Female,Urban,None,Farmer,Single,Yes,162.0,65.3,24.9,Former,None,Moderate,1,No,134,80,5.0,1.11,2.8,0.8,6.1,78,137,4.2,6,26.3,1,No,0,0,,
PHC-0451,Bugando PHC,03/07/2024,64,Female,Rural,Tertiary,Farmer,Married,Yes,160.9,73.3,28.3,Former,Moderate,Low,No,No,161,77,3.9,1.65,1.0,3.1,4.9,90,142,4.9,8,4.7,1,Yes,40,Yes,Poor,No
PHC-0110,Nyamagana PHC,2024-08-05,74,Male,Urban,Primary,Trader,Married,Yes,165.9,NA,32.6,Never,None,High,Y,0,146,81,5.8,2.02,2.9,2.8,4.8,131,143,4.0,10,3.7,1,1,11,Yes,Poor,No
PHC-1305, Nyamagana PHC ,15/03/2024,71,Female,Rural,Primary,Professional,Married,Yes,155.4,80.2,33.2,Never,Moderate,Moderate,No,No,117,99,5.4,1.43,,2.8,4.6,48,138,4.1,11,6.1,1,Yes,30,1,Good,No
PHC-0123,Kisesa HC,2024-08-18,66,Female,Rural,Secondary,Professional,Married,No,165.9,66.1,24.0,Former,Moderate,Moderate,No,No,128,77,6.2,0.86,4.1,0.9,5.1,76,138,4.3,17,11.1,0,N,0,No,,
PHC-0784, Buzuruga PHC ,21/10/2024,49,Female,Rural, Primary ,Other,Married,1,168.5,82.6,29.1,Never,None,Moderate,0,N,170,88,4.2,1.76,,1.7,5.1,94,142,3.9,14,9.3,0,1,15,Yes,Poor,No
PHC-0281,Igoma HC,2024-03-31,51,F,Urban,Secondary, Unemployed ,Married,Yes,160.4,92.2,35.8,Current,None,Moderate,Yes,0,107,97,6.5,1.29,4.5,1.7,4.7,65,138,4.5,14,2.2,2,1,88,1,Poor,No
PHC-0548,Igoma HC,28/03/2024,24,Male,Urban, Secondary ,Unemployed,Married,0,163.7,85.1,,Never,None,Moderate,0,N,115,89,3.8,1.66,1.6,1.9,5.1,65,142,3.8,3,10.4,1,No,0,No,,
PHC-0659,Buzuruga PHC,2024-09-08,72,Female, Rural ,None,Trader,Married,0,154.7,38.0,15.9,Current,Moderate,Moderate,1,No,137,90,4.3,1.84,1.7,1.0,5.1,106,137,3.2,6,10.1,0,Yes,14,Yes,Poor,No
PHC-1234,Ilemela HC,2024-08-24,63,Male,Urban,None,Farmer,Widowed,1,173.7,121.2,40.2,Current,Moderate,Moderate,Yes,No,157,93,4.6,0.88,2.4,2.5,3.2,83,144,4.7,10,2.6,1,Yes,11,0,,
PHC-1270,Bugando PHC,2024-03-24,51,Male,Urban,Secondary,Farmer,Married,0,166.4,83.0,30.0,Never,None,Low,No,No,143,98,4.6,0.54,3.3,1.6,4.6,99,139,4.6,9,1.2,0,Yes,30,No,,
PHC-0355,Ilemela HC,07/04/2024,48,Male,Urban, Secondary ,Unemployed,Married,Yes,175.5,99.2,32.2,Never,None,Low,No,No,102,90,5.6,1.16,3.2,1.1,6.2,67,141,4.5,7,3.1,1,Yes,108,Yes,Good,No
PHC-0433,Bugando PHC,24/02/2024,54,Female,Rural,None,Farmer,Married,Yes,169.8,71.0,24.6,Never,None,Low,Yes,No,115,85,5.5,1.31,2.5,2.3,4.7,56,140,4.2,10,13.4,0,0,0,No,,
PHC-0587,Kisesa HC,30/01/2024,30,Male, Urban ,Secondary,Trader,Married,Yes,159.8,82.8,32.4,Never,Heavy,Moderate,N,No,121,73,4.2,1.73,1.3,1.3,999,79,137,4.2,6,9.2,1,0,0,No,,
PHC-1080,Nyamagana PHC,15/07/2024,56,Female,Rural,None,Professional,Married,No,155.0,86.3,35.9,Never,None,Moderate,Yes,No,128,75,5.6,1.45,3.2,2.5,6.1,124,144,4.6,11,6.8,1,Yes,69,No,,
PHC-0669,Ilemela HC,18/09/2024,52,male,Urban,None,Professional,Widowed,Yes,170.6,50.4,17.3,Current,None,Moderate,No,No,128,82,5.8,0.94,3.8,0.5,5.9,101,140,4.7,13,3.7,0,No,0,No,,
PHC-0373,Buzuruga PHC,2024-08-25,62,Female,Urban,Secondary,Farmer,Married,Yes,155.5,62.1,25.7,Never,Moderate,High,No,No,141,80,5.4,1.3,2.9,0.7,4.4,51,140,4.1,11,26.9,1,Yes,110,Yes,Good,No
PHC-1128,Bugando PHC,03/09/2024,33,Female, Urban ,Tertiary,Trader,Married,No,164.8,75.6,27.8,Former,None,Low,No,0,110,72,6.5,1.54,3.9,1.9,4.5,83,147,4.3,17,4.0,1,No,0,No,,
PHC-0068,Igoma HC,2024-02-06,43,Male, Urban ,,Farmer,Married,Yes,160.0,55.7,21.8,Former,Heavy,Low,1,No,143,82,5.3,1.2,2.6,1.8,4.8,80,137,5.1,12,7.6,0,Y,80,No,,
PHC-1134,Kisesa HC,2024-06-03,41,Male,Urban,Primary, Unemployed ,Married,Yes,179.5,NA,21.7,Current,Moderate,Low,Yes,No,115,96,4.9,1.01,,2.1,4.3,54,137,3.8,13,4.1,0,Yes,28,Yes,Poor,No
PHC-1467,Kisesa HC,2024-08-13,55,Male,Rural,Primary,Trader,Married,No,170.6,71.8,,Never,None,Moderate,N,No,166,82,6.6,1.42,4.4,1.8,5.3,102,140,4.7,8,5.5,1,Yes,49,No,,
PHC-0464,Bugando PHC,2024-11-24,47,f,Urban,,Trader,Widowed,No,159.8,44.7,17.5,Never,None,Moderate,Yes,No,90,72,5.6,1.11,3.8,0.4,,103,140,4.2,1,12.2,0,Yes,100,0,,
PHC-0452,Kisesa HC,2024-11-23,40,Male,Urban,Primary,Trader,Married,No,164.0,69.9,26.0,Never,Moderate,Low,No,0,102,87,7.6,1.77,4.7,2.1,5.4,50,141,3.9,10,1.2,1,Yes,102,No,,
PHC-0803,Kisesa HC,2024-11-12,47,female,Urban,Primary,Farmer,Married,0,155.7,45.1,18.6,Former,Moderate,Moderate,Yes,N,107,93,5.4,1.63,2.9,1.5,5.6,108,138,4.2,4,5.9,0,1,44,No,,
PHC-0582,Ilemela HC,2024-01-18,52,Male,Urban,Secondary,Professional,Single,Yes,180.5,83.9,25.8,Former,Moderate,Low,No,No,144,82,3.8,1.52,1.2,1.7,4.4,77,140,4.6,19,10.7,0,1,91,No,,
PHC-0799,Nyamagana PHC,2024-02-21,32,Male,Urban,None,Unemployed,Widowed,No,156.6,62.3,25.4,Former,Heavy,Low,No,0,111,70,3.9,1.79,1.0,1.9,6.5,65,136,4.7,11,2.2,1,No,0,No,,
PHC-0501,Igoma HC,2024-04-11,71,Male,Urban, Secondary ,Farmer,Married,Yes,175.5,84.9,27.6,Never,None,Low,No,No,121,84,5.5,0.56,NA,2.6,6.3,65,138,4.2,16,0.2,0,No,0,No,,
PHC-0408,Nyamagana PHC,2024-05-03,43,Female,Rural,Primary,Farmer,Married,No,167.0,70.0,25.1,NA,Moderate,Moderate,Yes,No,140,100,4.6,0.7,2.5,1.7,6.5,74,139,3.6,2,6.2,0,Yes,33,1,Poor,No
PHC-0319,Kisesa HC,26/07/2024,47,Male,Rural,None,Unemployed,Married,No,176.8,53.4,17.1,Current,Moderate,Moderate,No,No,159,77,6.7,1.35,4.1,0.9,3.0,127,142,4.2,14,7.4,1,1,102,No,,
PHC-1433,Bugando PHC,2024-04-30,83,female,Rural, Primary ,Unemployed,Married,No,156.8,52.0,21.2,Former,Heavy,Low,N,No,104,89,5.9,1.6,3.3,0.4,5.7,98,138,3.9,15,7.1,0,0,0,0,,
PHC-0610,Ilemela HC,2024-02-05,63,Female,Urban,Primary,Farmer,Married,No,164.9,71.4,26.3,Former,Moderate,High,Yes,No,135,88,5.3,1.2,3.2,1.4,6.6,94,140,4.1,4,1.7,0,Yes,62,No,,
PHC-1401,Bugando PHC,2024-09-19,70,Male,Rural,Tertiary,Other,Married,N,165.7,55.1,20.1,Never,None,High,Y,No,133,96,3.7,1.15,1.2,1.5,6.4,103,138,3.4,12,NA,0,Yes,81,Yes,Poor,No
PHC-0011,Ilemela HC,2024-12-01,51,Male,Urban,Secondary,Farmer,Single,No,161.7,73.3,28.0,Never,None,Low,No,0,128,81,5.6,1.08,3.5,1.5,4.2,71,139,5.0,13,2.8,1,No,0,No,,
PHC-0133,Nyamagana PHC,2024-02-04,64,Female,Rural,Primary,Farmer,Single,No,161.7,71.0,27.2,Never,Moderate,Low,Yes,No,173,77,5.9,1.63,3.7,0.7,6.6,69,144,4.5,14,11.0,0,Yes,71,Y,Good,No
PHC-1228,Nyamagana PHC,2024-03-10,51,Female,Urban,Primary,Trader,Married,No,164.2,66.8,24.8,Never,None,Low,Yes,No,144,65,6.1,0.74,,1.4,6.1,88,136,4.2,7,8.1,0,1,51,No,,
PHC-0699,Bugando PHC,2024-08-20,43,Male, Rural ,None,Farmer,Married,No,157.4,64.6,26.1,Current,Heavy,Low,No,No,145,92,5.2,1.25,3.1,2.7,6.7,91,136,4.6,10,29.1,0,Yes,27,No,,
PHC-0975,Buzuruga PHC,31-Jul-2024,64,Female,Rural,Secondary,Unemployed,Single,Yes,160.2,79.7,31.1,Never,Moderate,Moderate,Yes,No,135,69,5.2,0.54,,1.3,,65,141,3.6,5,14.7,1,No,0,No,,
PHC-0622,Igoma HC,2024-07-04,20,Female,Rural,Primary,Farmer,Married,N,150.2,NA,17.8,Former,Moderate,Low,0,No,144,83,4.1,1.04,2.1,0.4,4.5,42,139,3.4,7,6.1,0,Yes,67,Yes,Good,No
PHC-1284,Igoma HC,2024-01-09,24,F,Rural,None,Trader,Married,0,153.7,41.9,17.7,Never,Moderate,Moderate,Y,No,132,63,5.2,1.64,2.1,1.3,5.9,71,135,5.0,10,5.8,1,Yes,77,No,,
PHC-1283,Buzuruga PHC,20/09/2024,67,Male,Urban,Primary,Other,Divorced,No,166.4,44.7,16.1,Current,None,Low,No,N,150,108,4.4,1.29,1.9,1.4,4.1,74,137,4.0,14,9.7,1,Yes,11,1,Poor,No
PHC-1091,Bugando PHC,2024-07-02,66,Male,Rural,Secondary,Unemployed,Married,No,155.3,72.4,30.0,Never,Moderate,High,Yes,No,163,86,5.9,1.82,3.2,1.5,4.6,80,136,4.2,7,5.7,1,Yes,78,1,Good,No
PHC-0126,Ilemela HC,12/05/2024,63,f,Rural,Tertiary,Farmer,Widowed,No,152.7,54.1,23.2,Never,Moderate,Low,No,No,165,94,5.1,1.42,2.6,2.1,4.3,77,135,4.5,16,12.9,1,Yes,71,N,,
PHC-1359,Ilemela HC,2024-02-06,78,Female, Urban ,Primary, Other ,Married,No,154.3,81.1,34.1,Former,None,Moderate,Yes,N,152,86,4.9,1.48,2.0,2.7,5.0,115,144,4.0,8,5.7,1,Yes,111,Yes,Good,No
PHC-1354,Nyamagana PHC,2024-04-29,48,Female,Rural,None,Unemployed,Married,N,166.1,70.7,25.6,,Moderate,Low,No,No,126,105,5.4,0.9,3.3,0.9,6.1,62,139,4.3,8,4.4,0,1,56,No,,
PHC-0829,Nyamagana PHC,2024-05-05,62,F, Urban ,Secondary,Farmer,Married,Yes,160.3,45.0,17.5,Never,None,Moderate,0,No,152,84,4.4,1.64,2.1,1.8,5.3,77,137,2.8,6,1.1,0,Yes,54,1,Good,No
PHC-1302,Bugando PHC,2024-10-16,63,Male,Rural,Primary,Trader,Married,No,177.4,47.2,15.0,Never,None,Moderate,Yes,No,96,84,4.7,1.39,NA,1.3,5.6,116,141,4.4,6,6.6,0,Yes,95,No,,
PHC-1245,Igoma HC,2024-10-27,60,Female,Rural,Secondary,Farmer,Single,No,147.9,53.1,24.3,NA,Moderate,Moderate,0,No,148,72,5.2,1.3,2.8,1.1,4.0,67,141,4.9,7,8.8,1,Yes,63,No,,
PHC-0387,Bugando PHC,30/09/2024,68,Male,Urban,Secondary,Professional,Married,0,178.4,95.8,30.1,Never,None,Low,No,0,127,95,4.9,1.67,2.1,2.0,5.9,92,139,5.1,14,1.9,1,Yes,58,No,,
PHC-0290,Kisesa HC,2024-01-18,55,Male, Rural ,Primary,Farmer,Married,No,173.9,98.0,32.4,Former,None,Low,No,No,113,70,5.7,1.25,3.5,1.1,4.5,113,136,4.7,10,8.5,1,Yes,106,No,,
PHC-0879, Kisesa HC ,08/07/2024,39,Male, Urban ,Primary,Trader,Married,0,158.3,65.6,26.2,Never,None,Moderate,1,N,138,89,5.7,0.94,3.7,2.1,5.5,57,146,4.3,13,0.5,1,No,0,No,,
PHC-0849, Ilemela HC ,30/10/2024,43,female,Urban,Primary,Professional,Single,0,161.2,73.4,28.2,Never,None,Moderate,No,No,142,82,4.7,1.71,1.6,1.9,4.6,72,137,4.2,6,2.3,0,Yes,34,Yes,Poor,No
PHC-0838,Nyamagana PHC,12/05/2024,41,Male,Urban,None,Farmer,Married,No,167.8,NA,NA,Never,Heavy,Moderate,Y,1,145,90,5.1,1.39,2.7,2.0,7.4,83,145,4.5,6,20.0,2,Yes,107,0,,
PHC-0054,Kisesa HC,23/05/2024,69,Female,Urban,Primary,Unemployed,Married,1,157.6,83.0,33.4,Never,Heavy,Low,No,No,139,86,5.7,1.02,3.9,3.0,6.7,108,136,5.0,11,3.9,1,Y,102,N,,
PHC-0735,Nyamagana PHC,2024-11-01,37,Female,Urban,Primary,Professional,Married,No,157.9,76.0,30.5,Former,Moderate,Moderate,Y,0,134,74,6.0,1.22,3.3,2.3,6.0,78,139,4.3,11,12.0,1,No,0,No,,
PHC-0596,Bugando PHC,05-Oct-2024,44,Female,Rural, Primary , Trader ,Single,Yes,161.4,88.8,34.1,NA,Moderate,Moderate,No,No,155,102,5.8,2.04,2.4,2.7,4.8,91,137,3.9,9,NA,1,Yes,38,No,,
PHC-0801,Ilemela HC,2024-08-23,60,F,Rural,Primary,Other,Widowed,No,150.7,55.9,24.6,Never,None,Moderate,No,No,114,106,5.3,1.77,2.4,0.7,6.2,83,138,4.5,9,5.3,0,Yes,35,No,,
PHC-1450,Kisesa HC,2024-09-07,59,female,Urban, Primary ,Farmer,Married,Y,170.7,83.8,28.8,Never,Heavy,Moderate,No,N,185,75,4.0,1.42,1.2,1.4,5.3,88,150,3.1,7,0.9,0,Y,95,Yes,Good,No
PHC-0041,Buzuruga PHC,2024-11-21,59,female,Urban,Primary,Farmer,Single,Yes,163.8,73.5,27.4,Never,Moderate,Moderate,1,No,152,99,6.2,1.27,NA,1.8,5.2,62,140,4.5,15,3.2,0,Yes,56,1,Poor,No
PHC-0340,Kisesa HC,2024-05-25,54,Female,Rural,Primary,Farmer,Single,0,164.9,58.9,21.7,Never,Moderate,High,0,No,137,84,4.2,1.37,1.5,1.7,6.1,118,142,3.5,12,17.0,1,No,0,N,,
PHC-0705,Nyamagana PHC,19/06/2024,68,Female,Urban,Secondary,Trader,Divorced,No,160.0,75.0,29.3,Former,None,Moderate,Yes,No,157,90,5.8,1.38,3.5,2.1,5.9,78,138,3.5,12,5.7,0,Yes,38,Yes,Good,No
PHC-0875,Nyamagana PHC,21/09/2024,53,male,Rural,Secondary,Unemployed,Married,1,164.8,62.5,23.0,Never,None,Low,Yes,No,159,82,3.9,1.61,1.4,1.4,7.3,84,141,4.2,,9.6,0,Yes,75,Yes,Poor,No
PHC-1122,Nyamagana PHC,2024-11-16,57,Male,Rural,Tertiary,Professional,Married,Yes,169.9,88.5,30.7,Never,None,High,No,No,162,94,5.7,1.34,2.9,1.1,6.7,95,139,4.0,10,24.3,1,1,94,Yes,Poor,No
PHC-1147,Ilemela HC,2024-06-17,60,Male,Urban,Primary,Other,Married,0,168.7,58.5,20.6,Never,None,Low,No,No,155,95,3.3,1.33,1.1,0.9,,97,138,4.0,13,5.5,0,Yes,50,Yes,Poor,No
PHC-0084,Kisesa HC,2024-02-22,69,Female,Urban,Primary,Trader,Widowed,0,164.4,71.3,26.4,Former,None,Moderate,Yes,No,176,83,4.3,0.93,2.0,0.9,6.6,80,141,4.6,9,2.3,0,Yes,103,1,Poor,No
PHC-0116,Kisesa HC,2024-11-28,33,f,Rural,None,Trader,Married,No,154.0,69.7,29.4,Current,Moderate,Low,Yes,No,157,75,4.6,1.65,1.7,2.7,6.0,86,137,4.5,9,14.0,0,Yes,43,Yes,Poor,No
PHC-1159,Ilemela HC,2024-03-12,48,M,Rural,Secondary,Farmer,Married,Yes,165.3,77.9,28.5,NA,None,Low,No,No,139,113,5.3,1.63,2.8,2.6,6.1,70,140,4.4,8,8.8,1,Yes,90,No,,
PHC-1341,Ilemela HC,2024-01-11,30,F,Urban,Primary,Trader,Married,0,157.8,62.5,25.1,Never,Heavy,Moderate,Yes,No,144,101,4.4,1.1,2.2,2.1,5.5,60,141,4.1,11,5.9,0,Yes,108,Yes,Poor,No
PHC-1385,Ilemela HC,2024-07-05,80,Female,Rural,Secondary,Professional,Married,No,165.9,85.3,31.0,Never,Moderate,Moderate,No,No,150,79,5.9,1.94,3.4,1.8,4.5,98,136,3.2,18,7.4,1,Yes,80,Yes,Good,No
PHC-0770,Nyamagana PHC,06/11/2024,48,Female,Rural,Secondary,Professional,Married,No,163.6,58.9,999,Never,None,Moderate,Y,No,96,95,5.7,2.07,2.9,1.8,5.7,85,134,4.6,6,7.5,0,Yes,78,No,,
PHC-1477,Kisesa HC,2024-03-10,87,Female,Urban,Primary,Farmer,Married,No,161.4,62.0,23.8,Never,Moderate,Low,No,No,151,109,4.8,0.67,3.2,0.4,4.5,109,138,4.1,8,0.2,0,Yes,62,Y,Good,No
PHC-0271,Ilemela HC,27-Nov-2024,47,Female,Urban,Secondary,Professional,Married,Yes,161.6,75.4,,Never,Moderate,Moderate,No,No,132,76,6.1,1.01,3.6,1.9,5.8,98,141,3.9,7,1.1,0,No,0,No,,
PHC-0926,Buzuruga PHC,2024-06-08,40,Female,Urban, Primary ,Farmer,Divorced,No,156.2,72.1,29.6,Former,Moderate,Moderate,N,No,156,96,5.3,0.65,3.7,2.1,5.5,81,138,4.1,16,11.9,0,Yes,102,Yes,Poor,No
PHC-1253,Kisesa HC,22/07/2024,36,M,Urban,Primary,Unemployed,Married,1,166.9,84.5,30.3,Never,None,Moderate,Yes,No,147,95,-99,0.84,1.9,1.8,5.7,74,140,4.6,6,1.5,1,Yes,75,Yes,Poor,No
PHC-1418,Ilemela HC,2024-06-01,60,F,Urban,Primary,Trader,Married,No,165.5,57.1,20.8,Former,None,Low,No,No,155,91,4.9,1.52,2.1,1.3,5.8,108,142,3.8,0,3.6,1,Yes,111,Yes,Poor,No
PHC-1264,Buzuruga PHC,2024-05-19,57,Female,Rural,Primary,Farmer,Single,No,159.6,73.3,28.8,Never,Moderate,Moderate,Yes,No,128,95,6.0,1.26,NA,2.4,4.8,61,141,3.8,10,6.2,0,Yes,66,No,,
PHC-0378,Nyamagana PHC,2024-08-28,56,Male,Urban,Primary,Other,Single,Yes,178.2,85.8,27.0,Current,Heavy,High,N,N,127,87,5.5,1.34,2.7,2.0,5.5,71,137,5.0,14,5.4,0,Yes,115,Y,Poor,Yes
PHC-1318,Kisesa HC,2024-10-17,44,Female, Urban ,None,Farmer,Divorced,No,158.7,66.1,26.2,Former,None,Low,No,No,111,78,5.4,1.78,2.6,0.9,5.6,94,142,4.7,11,0.6,0,No,0,No,,
PHC-0097,Buzuruga PHC,2024-02-23,22,Female,Rural,Secondary, Professional ,Married,0,159.6,78.0,30.6,Never,None,Moderate,No,No,155,82,5.5,0.5,3.9,0.9,7.0,72,138,4.4,7,7.5,1,Yes,48,No,,
PHC-0698,Igoma HC,2024-06-30,44,Male,Urban,Secondary,Other,Married,Yes,163.0,62.3,23.4,Former,None,Moderate,Yes,N,150,72,5.3,1.58,2.7,3.3,4.9,87,136,4.3,14,2.0,0,Yes,81,1,Good,No
PHC-0701,Nyamagana PHC,2024-05-16,62,Female, Rural ,Primary,Trader,Married,Yes,161.8,81.1,31.0,Never,None,High,No,No,163,110,6.5,1.6,4.0,3.2,5.7,69,137,3.7,13,5.1,2,1,32,No,,
PHC-1369,Buzuruga PHC,2024-01-26,66,Female,Rural,Secondary,Farmer,Widowed,N,152.9,65.7,28.1,Never,None,High,Yes,No,164,95,-99,1.36,4.2,2.1,5.2,89,143,4.4,11,5.2,1,1,70,Yes,Poor,No
PHC-0559,Igoma HC,28/03/2024,57,Male, Rural ,Secondary,Farmer,Widowed,No,165.2,47.8,17.5,Never,Moderate,Low,No,No,137,77,4.8,0.75,3.0,1.5,6.6,94,141,4.8,13,14.0,0,No,0,No,,
PHC-0049,Kisesa HC,14-May-2024,71,Male,Rural,Tertiary,Other,Married,No,164.2,55.8,20.7,Never,Moderate,Low,No,No,145,109,5.1,1.28,2.7,2.0,5.6,91,139,4.0,,6.1,0,Yes,42,Yes,Poor,No
PHC-1361,Nyamagana PHC,2024-05-30,37,male,Urban,Secondary,Trader,Married,0,172.0,83.6,28.3,Former,Moderate,Low,No,0,132,87,7.0,1.25,4.8,1.6,5.6,84,142,4.0,11,1.9,1,No,0,0,,
PHC-1118,Buzuruga PHC,2024-09-10,63,Female,Rural,Primary,Farmer,Married,No,163.9,60.9,22.7,Never,Moderate,Moderate,Yes,No,121,75,-99,0.75,2.9,2.1,5.4,87,135,3.5,9,7.2,0,No,0,No,,
PHC-1135,Buzuruga PHC,23/04/2024,53,Male,Urban,Primary,Trader,Married,Yes,157.5,58.8,NA,Never,None,Moderate,No,No,130,88,4.9,0.86,3.0,0.4,5.5,115,143,4.0,4,6.1,1,Yes,95,Yes,Good,Yes
PHC-0154,Igoma HC,18-Sep-2024,60,Male,Urban,Secondary, Trader ,Married,Y,170.1,86.5,29.9,Former,None,Moderate,Yes,No,168,93,4.2,1.18,2.5,2.0,5.8,79,139,4.1,6,3.0,0,Yes,87,No,,
PHC-0238,Ilemela HC,2024-06-21,38,f,Urban,Primary, Unemployed ,Married,N,161.3,60.7,23.3,Never,None,Low,Yes,Yes,128,93,5.4,1.5,2.9,1.3,8.5,86,140,3.5,7,6.4,1,Yes,11,Yes,Good,No
PHC-0055,Nyamagana PHC,2024-09-14,18,Female,Rural,Primary,Trader,Married,No,158.8,63.4,25.1,Never,Moderate,Low,0,0,115,83,7.7,1.02,5.5,1.2,6.9,99,142,4.3,11,43.6,2,No,0,No,,
PHC-0395,Igoma HC,2024-02-13,53,Female,Rural,Primary,Other,Divorced,Y,154.5,46.0,19.3,Never,Heavy,High,Yes,No,112,84,4.5,1.92,NA,0.5,6.2,95,133,4.4,12,4.3,1,No,0,No,,
PHC-0124,Kisesa HC,2024-01-20,43,Female,Rural,Secondary,Farmer,Widowed,No,162.4,53.7,20.4,Former,Moderate,Low,Yes,0,128,87,6.7,1.54,4.3,1.0,4.9,89,141,4.8,8,7.3,1,No,0,N,,
PHC-0356,Bugando PHC,2024-06-19,60,Female,Urban,Secondary, Farmer ,Married,No,158.7,61.8,24.5,Never,None,Moderate,No,No,133,74,6.2,1.13,3.9,0.5,5.2,84,139,4.8,13,0.7,0,Yes,84,Yes,Poor,Yes
PHC-0432, Ilemela HC ,2024-07-08,43,Male,Rural,Primary,Professional,Married,No,161.8,99.0,37.8,Never,None,Low,No,No,145,100,5.8,1.39,3.5,2.1,5.5,91,136,4.4,16,16.6,1,Yes,70,No,,
PHC-0135, Bugando PHC ,17-Mar-2024,53,female,Urban,Primary,Farmer,Married,No,158.5,70.5,28.1,Never,Moderate,Moderate,Yes,No,148,84,2.9,1.69,1.0,2.3,3.9,78,137,3.9,10,1.1,0,Yes,112,No,,
PHC-0269,Ilemela HC,2024-11-26,43,Male,Urban,Secondary,Professional,Married,Yes,168.8,66.7,23.4,Never,Heavy,Moderate,Yes,No,150,91,5.9,2.08,2.6,1.8,5.7,103,135,3.6,10,0.6,0,Yes,20,Yes,Poor,No
PHC-0386,Ilemela HC,11-May-2024,40,Female,Rural,Secondary,Trader,Married,Yes,158.5,54.0,21.5,Never,None,Low,0,0,101,77,4.4,1.04,2.2,2.3,7.3,67,138,4.2,9,30.1,0,No,0,No,,
PHC-0098,Bugando PHC,18/09/2024,48,Female,Rural,Primary,Other,Widowed,No,161.8,73.2,28.0,Former,Heavy,Low,0,N,135,90,8.1,1.1,6.1,2.4,999,54,139,3.7,,12.7,1,Yes,56,No,,
PHC-0221,Bugando PHC,2024-07-23,35,F,Rural,Tertiary,Professional,Married,No,159.1,69.3,27.4,Current,None,Low,N,No,165,61,4.8,0.73,3.1,2.4,4.2,81,140,3.9,15,6.8,0,1,106,No,,
PHC-0042,Nyamagana PHC,2024-03-17,63,Female,Urban,Secondary,Trader,Married,No,155.5,49.7,20.6,Never,Moderate,Low,No,No,126,78,6.8,1.92,3.4,1.6,6.8,108,139,3.7,10,6.4,1,N,0,N,,
PHC-1011,Ilemela HC,17/05/2024,79,Female,Rural,Primary, Trader ,Married,0,161.9,94.6,36.1,Never,None,Moderate,Yes,Y,167,92,5.1,1.2,3.0,2.8,8.0,97,141,4.5,NA,8.2,2,Yes,113,Yes,Good,No
PHC-0657,Igoma HC,2024-05-06,44,Female,Urban,Tertiary,Professional,Married,No,154.5,57.5,24.1,Never,None,Low,Yes,No,141,91,5.8,1.37,3.2,1.2,6.0,76,138,4.0,15,3.1,0,Yes,87,No,,
PHC-1062,Bugando PHC,2024-02-03,92,Female, Rural ,None,Trader,Married,No,162.7,85.8,32.4,Current,Heavy,Moderate,N,0,151,79,6.7,1.08,4.0,3.1,6.2,120,139,4.0,8,4.1,2,Yes,3,Yes,Poor,No
PHC-0505,Ilemela HC,16-Feb-2024,53,Female,Urban,Tertiary,Farmer,Single,N,155.3,57.4,23.8,NA,None,Low,No,No,122,85,7.6,0.88,5.9,0.4,4.9,95,140,4.9,11,2.8,1,0,0,No,,
PHC-0830,Bugando PHC,13/02/2024,53,Male,Urban,None,Farmer,Divorced,No,173.0,,28.1,Never,None,Low,0,No,162,92,4.0,1.56,1.2,1.4,6.6,117,142,4.3,13,9.5,0,Yes,1,No,,
PHC-1464,Bugando PHC,24/01/2024,64,Male,Urban,Primary,Farmer,Single,0,171.1,80.8,27.6,Never,None,Low,No,0,145,83,4.3,1.19,2.3,2.4,5.3,111,139,4.6,3,0.2,0,Yes,6,No,,
PHC-0789,Igoma HC,17/03/2024,52,Female,Rural,Secondary,Farmer,Single,No,161.1,68.0,26.2,Never,None,Moderate,No,No,129,89,3.7,2.04,1.0,1.0,5.3,89,138,4.7,9,11.4,0,N,0,0,,
PHC-0013,Igoma HC,08-Feb-2024,35,Female,Rural,Primary,Farmer,Married,No,149.4,84.9,38.0,Current,None,Moderate,No,N,131,90,5.7,1.28,3.5,3.3,5.8,101,143,4.2,10,6.1,1,Yes,14,No,,
PHC-0519,Ilemela HC,2024-03-05,51,Female,Rural,Primary,Other,Divorced,No,153.2,59.1,25.2,Never,None,Low,No,No,142,67,5.9,1.41,3.5,1.2,4.4,98,137,4.7,12,9.4,0,Yes,84,N,,
PHC-1441, Bugando PHC ,2024-06-27,38,Female,Urban,Primary,Farmer,Married,No,155.7,52.7,21.7,Current,None,High,No,No,138,90,4.4,1.32,2.6,0.8,5.2,77,140,4.6,6,NA,0,1,56,No,,
PHC-0604,Igoma HC,2024-09-22,38,Male,Urban,Primary,Farmer,Single,N,166.9,71.7,NA,Never,None,Moderate,Yes,No,118,90,4.3,1.32,2.1,1.1,6.8,103,136,3.8,15,3.2,0,Yes,30,0,,
PHC-0453,Nyamagana PHC,2024-05-30,41,Female,Urban,Primary,Farmer,Married,1,153.4,77.9,33.1,Never,None,Low,Yes,N,131,87,5.9,1.38,3.9,1.0,6.2,42,138,3.6,17,16.3,1,No,0,No,,
PHC-0586,Igoma HC,2024-08-29,59,Male,Urban,Primary,Farmer,Married,Yes,171.4,NA,18.5,Never,None,Moderate,N,No,134,95,5.4,0.85,3.2,1.5,5.2,61,136,4.7,9,0.4,0,Yes,3,Yes,Poor,No
PHC-0782,Bugando PHC,2024-11-12,54,female, Urban ,Primary,Other,Married,No,153.2,68.1,29.0,Current,None,Low,Yes,No,118,92,5.9,1.36,3.4,2.1,4.6,99,137,3.8,8,6.3,0,Yes,73,Yes,Poor,No
PHC-0684,Kisesa HC,2024-10-12,54,Male,Rural,Primary,Farmer,Married,No,165.3,52.1,19.1,Never,None,Low,N,No,160,83,5.1,2.11,1.7,1.4,5.2,90,140,4.1,6,18.7,1,Yes,66,No,,
PHC-0919,Bugando PHC,2024-01-17,82,Female, Urban ,Primary, Unemployed ,Married,Yes,160.1,69.3,27.0,Never,Moderate,Low,No,No,120,99,6.1,1.11,3.2,2.0,4.2,85,141,4.2,15,16.5,0,Yes,90,Yes,Good,No
PHC-1326,Kisesa HC,2024-07-24,59,Male,Rural,Primary,Professional,Married,No,166.0,62.0,22.5,Former,None,Moderate,0,No,167,89,4.3,2.04,1.0,2.0,6.6,81,137,4.1,11,10.8,0,Yes,64,No,,
PHC-0667,Nyamagana PHC,2024-10-12,78,Male,Rural,Primary,Professional,Divorced,No,159.1,65.3,25.8,Never,None,Moderate,0,No,147,69,4.8,1.52,2.8,1.3,5.6,68,134,3.7,10,8.8,0,Y,34,Yes,Good,No
PHC-0947,Nyamagana PHC,2024-03-27,38,Male,Urban,Tertiary,Trader,Married,No,161.3,74.3,28.6,Current,Moderate,Moderate,N,0,159,91,5.0,1.33,2.7,0.8,5.4,53,141,3.9,8,3.5,0,Yes,81,N,,
PHC-1443,Kisesa HC,2024-08-04,57,Female,Rural,,Other,Single,0,172.4,58.7,19.7,Never,Moderate,Low,No,No,125,92,-99,0.5,3.6,1.3,4.7,61,135,4.2,12,11.5,1,Yes,20,1,Good,No
PHC-1330,Kisesa HC,2024-03-12,58,Male,Rural,Primary,Trader,Divorced,No,177.9,80.8,25.5,Never,None,Low,0,No,166,107,6.0,0.79,4.2,2.4,5.4,101,147,3.7,14,4.0,0,Y,1,N,,
PHC-1144,Bugando PHC,2024-10-25,43,Male,Urban,None,Professional,Married,0,170.6,86.4,29.7,Former,Moderate,Low,No,0,144,76,6.9,1.63,4.8,1.5,4.5,73,137,3.6,18,3.6,1,Y,58,N,,
PHC-1347,Ilemela HC,11/01/2024,41,Male,Urban,Primary,Unemployed,Married,No,175.1,102.4,33.4,Never,None,Low,0,No,154,92,5.9,1.78,3.0,1.3,3.8,121,141,4.3,19,6.4,1,Yes,89,No,,
PHC-0896,Kisesa HC,2024-02-28,60,f,Urban,Primary,Unemployed,Widowed,No,161.0,39.0,15.0,Never,None,Moderate,No,No,90,89,3.5,1.24,1.2,1.3,4.9,80,142,3.3,11,8.5,1,Y,41,No,,
PHC-0225,Igoma HC,09/07/2024,70,male,Rural,Primary,Professional,Widowed,No,192.6,132.8,35.8,Never,Moderate,Low,0,Yes,152,85,6.2,0.96,4.0,0.7,8.6,89,146,4.0,14,12.7,3,Yes,15,Yes,Poor,No
PHC-0337,Buzuruga PHC,19/08/2024,67,female,Urban,None,Other,Married,No,161.9,54.3,20.7,Former,None,High,No,No,127,119,5.3,0.78,3.7,1.8,999,88,142,4.8,8,1.7,0,1,92,No,,
PHC-0233,Kisesa HC,06/07/2024,57,Male,Urban,Secondary,Farmer,Married,Yes,165.4,79.4,29.0,Former,None,Moderate,No,0,153,82,8.3,1.37,5.5,1.5,6.1,69,137,4.3,12,5.4,1,Yes,69,Yes,Poor,No
PHC-0818,Nyamagana PHC,2024-02-29,35,Male,Rural,Primary,Other,Married,No,172.7,77.1,25.9,Never,Moderate,High,No,No,119,65,5.1,1.64,2.6,2.5,4.8,81,142,4.1,13,13.9,0,N,0,No,,
PHC-0983,Ilemela HC,2024-05-18,27,Male,Urban,None, Professional ,Married,No,161.2,74.8,28.8,Never,Moderate,Low,Yes,No,129,81,5.0,1.55,2.5,1.5,5.8,41,141,4.0,11,,0,No,0,N,,
PHC-0688,Buzuruga PHC,27/01/2024,63,Female,Urban,Secondary,Trader,Married,No,164.8,69.6,25.6,NA,Heavy,Moderate,1,No,140,96,6.1,0.5,4.0,1.6,6.9,102,143,4.8,16,1.7,1,Y,67,Yes,Good,No
PHC-0741,Nyamagana PHC,2024-07-25,63,Female,Urban,Tertiary,Unemployed,Married,No,150.8,66.5,29.2,Never,Moderate,Low,Yes,No,171,116,6.3,1.02,4.4,2.1,3.8,69,139,4.3,10,2.5,1,Yes,44,No,,
PHC-0954,Ilemela HC,25-May-2024,46,Female,Urban, Secondary , Farmer ,Married,1,153.1,54.8,23.4,Never,Heavy,Low,No,No,116,86,5.1,1.1,2.9,1.6,5.2,81,141,4.2,11,0.9,0,0,0,N,,
PHC-0298,Buzuruga PHC,05/08/2024,70,Male,Urban,None, Farmer ,Married,0,170.5,55.8,19.2,Current,None,High,Yes,No,151,81,4.0,0.78,1.9,1.3,4.8,100,140,4.2,11,27.5,0,Y,68,No,,
PHC-0861, Ilemela HC ,13/08/2024,50,Male,Rural,Secondary,Unemployed,Married,No,169.1,75.3,26.3,Former,None,High,Y,No,149,76,5.4,0.9,3.5,2.3,6.6,84,146,4.1,11,11.7,0,Yes,70,No,,
PHC-1301,Nyamagana PHC,2024-03-17,33,Male,Urban,Primary,Trader,Married,No,165.6,55.7,20.3,Former,None,Low,1,No,106,104,4.3,1.47,1.5,1.1,4.1,80,137,5.3,10,2.9,0,Yes,114,1,Good,No
PHC-0863,Ilemela HC,15/09/2024,37,Male,Rural,Primary,Trader,Married,No,183.7,108.3,32.1,Never,None,High,Yes,No,132,80,4.1,1.81,1.0,2.2,999,74,133,3.7,7,8.1,1,No,0,No,,
PHC-0206,Igoma HC,2024-10-05,35,Male,Urban,Primary,Farmer,Married,N,163.9,64.1,23.9,Current,Moderate,High,0,No,146,105,5.3,0.94,3.8,1.5,5.1,56,138,5.1,7,2.1,0,Yes,8,N,,
PHC-0004,Igoma HC,2024-07-03,65,Male,Rural,Secondary,Other,Widowed,No,178.1,96.1,30.3,Former,Moderate,Moderate,No,0,135,86,6.0,1.27,3.9,3.3,4.9,79,134,3.7,7,19.3,2,No,0,No,,
PHC-0719,Kisesa HC,04/10/2024,42,Female,Urban,Secondary,Other,Divorced,0,168.7,79.7,28.0,Never,None,Low,No,No,122,93,5.1,1.39,2.8,0.8,5.1,94,142,4.7,6,4.9,0,Yes,71,0,,
PHC-0706, Kisesa HC ,24-Jan-2024,57,Male,Rural,Tertiary,Trader,Widowed,No,164.0,72.2,26.8,Never,None,Low,No,No,169,62,3.7,1.4,1.0,1.8,6.0,60,143,4.4,13,21.8,0,Y,77,Yes,Poor,No
PHC-1496,Kisesa HC,2024-07-06,59,Male,Rural,Secondary,Farmer,Widowed,No,175.7,87.1,28.2,Current,None,Low,No,No,149,88,4.5,1.41,2.0,2.4,5.8,75,137,4.7,7,7.0,0,Yes,36,No,,
PHC-1190, Bugando PHC ,2024-02-10,52,Male,Urban,Tertiary,Professional,Married,N,160.7,48.0,18.6,Never,Moderate,Low,No,No,133,89,3.2,1.81,1.0,2.8,5.4,76,141,3.8,11,19.9,0,No,0,No,,
PHC-0900,Nyamagana PHC,2024-06-25,67,Female,Rural,Primary,Unemployed,Married,No,159.9,75.7,29.6,Never,Moderate,Low,No,0,142,96,5.6,1.22,3.5,1.4,6.1,127,144,4.3,7,16.2,0,Yes,71,No,,
PHC-1377,Buzuruga PHC,28-Jun-2024,33,Female,Urban,Primary,Trader,Married,No,162.7,52.9,20.0,Never,None,Low,1,No,94,100,7.1,1.33,4.9,0.9,4.4,68,139,4.1,8,4.2,2,Yes,69,No,,
PHC-0749,Kisesa HC,12/03/2024,62,M, Urban ,Primary,Farmer,Single,No,171.3,98.1,33.4,,None,Moderate,Yes,No,127,111,6.1,1.24,3.5,2.6,6.0,80,140,4.4,14,0.5,2,Yes,81,Yes,Good,No
PHC-1371,Kisesa HC,2024-09-10,34,Male,Urban,None,Unemployed,Widowed,Yes,171.3,72.5,24.7,Current,None,High,Yes,No,118,90,6.2,0.94,4.0,0.9,4.4,80,136,4.4,14,NA,0,1,52,No,,
PHC-0743,Bugando PHC,2024-07-15,49,m,Urban,Primary,Professional,Married,1,172.2,102.9,34.7,Former,Moderate,High,No,No,157,68,6.0,1.23,3.7,3.1,5.5,81,141,4.5,0,1.0,1,1,31,No,,
PHC-0893,Igoma HC,2024-09-15,68,M,Rural,Secondary,Farmer,Single,No,170.5,71.3,24.5,Former,None,Low,No,No,183,79,6.5,1.54,4.2,1.6,4.3,117,137,4.4,14,9.7,1,Yes,17,Yes,Good,No
PHC-0713,Bugando PHC,14/11/2024,68,f,Urban,Secondary,Trader,Married,No,164.2,56.5,21.0,Never,None,Low,No,No,129,107,3.2,1.37,1.1,2.1,5.1,69,138,3.6,13,8.1,0,Yes,63,Yes,Poor,No
PHC-1493, Kisesa HC ,02-Jun-2024,60,Female,Rural,Tertiary,Other,Married,No,153.7,35.4,15.0,Never,Moderate,Low,Yes,N,116,86,3.8,1.23,1.4,2.0,4.6,82,144,4.3,15,4.3,0,0,0,No,,
PHC-1226,Ilemela HC,2024-03-26,45,Female,Rural,Secondary,Other,Single,Yes,153.9,43.4,18.3,Never,None,Low,No,No,110,92,4.8,0.67,3.3,1.8,5.9,67,145,4.1,11,7.7,0,Yes,80,No,,
PHC-1014,Nyamagana PHC,2024-06-22,59,m,Rural,Secondary,Other,Widowed,N,169.9,64.3,,Never,None,Moderate,No,No,149,119,6.5,1.52,3.5,1.7,4.2,76,141,4.3,9,5.8,1,Yes,109,Yes,Good,No
PHC-1065,Nyamagana PHC,17-Feb-2024,46,Female,Rural,Secondary,Farmer,Married,0,155.0,,23.0,Never,Moderate,Low,Yes,No,142,98,5.4,1.51,2.8,1.1,6.4,66,136,4.2,9,10.7,1,Yes,69,0,,
PHC-1178,Kisesa HC,2024-06-27,53,Male,Rural,None,Farmer,Married,No,177.6,84.9,26.9,Never,Moderate,Moderate,Yes,No,140,90,5.8,1.01,3.4,1.5,5.3,88,139,4.4,10,20.2,0,Yes,76,0,,
PHC-1181,Kisesa HC,2024-01-14,54,F,Urban,None,Farmer,Single,Yes,157.8,61.9,24.9,Current,None,Low,No,No,144,103,4.7,1.6,1.9,2.5,6.7,82,138,4.3,13,0.2,0,Yes,95,Yes,Poor,No
PHC-0902,Ilemela HC,2024-09-30,56,Male,Rural,Primary,Farmer,Married,Yes,175.3,76.1,24.8,Never,None,Moderate,Yes,No,134,76,5.1,1.28,2.3,2.4,4.8,55,136,4.7,8,5.1,1,No,0,No,,
PHC-0158,Buzuruga PHC,2024-07-27,75,Female,Urban,Tertiary,Professional,Married,0,167.3,78.7,28.1,Never,None,Low,Yes,No,132,84,5.0,1.57,2.6,2.5,999,114,141,4.9,9,2.3,0,No,0,No,,
PHC-1187,Nyamagana PHC,2024-10-04,80,Male,Rural,Primary,Professional,Single,No,182.0,99.6,30.1,Current,Moderate,Low,No,0,163,98,5.1,1.62,2.5,2.7,4.9,110,143,4.3,8,9.1,1,Yes,47,Yes,Good,No
PHC-1293,Buzuruga PHC,2024-04-20,34,F,Urban,Primary,Unemployed,Married,No,161.7,NA,19.3,Never,None,Moderate,0,N,142,91,5.8,1.63,3.3,1.1,4.8,77,138,4.8,7,2.0,0,Yes,93,No,,
PHC-0463,Igoma HC,2024-08-08,41,Female,Urban,Secondary,Unemployed,Married,Yes,163.9,85.0,31.6,Never,Moderate,Moderate,Yes,No,139,69,6.0,0.64,4.5,2.2,7.4,75,148,4.0,11,3.6,1,0,0,No,,
PHC-0141,Kisesa HC,2024-09-26,57,Male,Rural, None ,Unemployed,Married,No,174.5,80.8,26.5,Former,None,Moderate,Yes,No,141,106,5.6,1.38,3.1,1.8,6.2,75,140,4.1,10,5.8,1,Yes,73,No,,
PHC-0161,Kisesa HC,29/03/2024,49,Female,Rural,None,Other,Married,No,159.9,56.5,22.1,Never,None,Low,Yes,No,131,79,5.1,0.5,3.2,1.4,6.3,44,138,4.9,11,7.7,0,No,0,0,,
PHC-0306,Ilemela HC,2024-10-16,65,female, Urban ,Primary,Unemployed,Married,N,158.1,52.9,21.2,Never,None,Low,No,No,122,74,6.1,1.36,4.0,1.3,6.6,67,140,4.0,9,4.9,0,0,0,No,,
PHC-1106,Nyamagana PHC,2024-08-05,53,f,Urban,Tertiary,Professional,Married,No,164.8,,21.6,Former,Moderate,Moderate,No,No,159,109,4.8,1.32,2.4,1.8,5.0,82,141,4.2,NA,0.3,0,1,72,Yes,Good,No
PHC-1161,Igoma HC,2024-11-16,41,female,Rural,None,Unemployed,Married,No,157.3,62.6,25.3,Never,None,Low,No,No,190,81,4.1,0.69,2.5,0.6,4.1,91,139,3.6,13,21.9,0,Yes,112,Yes,Good,No
PHC-1468,Bugando PHC,2024-06-30,65,Female,Urban,Secondary,Trader,Married,No,165.4,68.5,25.0,Never,None,Moderate,No,N,163,88,4.7,1.32,2.3,3.1,5.0,100,137,4.6,16,2.7,0,Yes,16,No,,
PHC-0396,Nyamagana PHC,2024-07-07,50,Female,Rural,Secondary,Other,Divorced,Yes,150.5,61.1,999,Former,Moderate,High,Yes,No,120,95,5.1,1.39,,1.5,5.9,69,137,4.6,10,4.7,0,Yes,17,Y,Good,No
PHC-0810,Nyamagana PHC,2024-04-13,65,Male,Rural,None,Trader,Married,N,168.7,74.8,26.3,Former,None,Moderate,Yes,1,183,102,6.2,1.41,3.7,1.4,8.9,101,138,3.9,5,5.2,1,1,80,Yes,Poor,No
PHC-0400,Bugando PHC,22/01/2024,30,Female,Urban,Secondary,Farmer,Married,0,157.0,72.0,29.2,Current,None,Moderate,No,N,116,95,4.9,1.97,1.4,1.8,5.8,95,139,3.9,14,28.6,0,Yes,73,No,,
PHC-1009, Ilemela HC ,15/04/2024,68,Male,Rural,None,Trader,Married,No,168.9,49.8,17.5,Former,None,High,1,0,133,78,3.9,1.03,1.4,2.5,6.6,86,138,3.2,6,10.1,0,N,0,No,,
PHC-1217,Nyamagana PHC,2024-05-19,61,F,Urban,Secondary,Farmer,Married,Y,145.3,58.1,27.5,Never,Moderate,High,No,No,137,85,7.8,1.12,5.4,0.6,4.2,75,140,4.3,7,2.8,1,1,78,Yes,Good,Yes
PHC-0654,Bugando PHC,2024-08-02,69,Female,Urban,Primary,Farmer,Single,No,164.2,91.3,33.9,Never,None,Low,Y,N,164,85,5.1,1.09,3.1,1.4,5.7,59,141,4.2,9,2.5,1,Yes,87,No,,
PHC-1151,Kisesa HC,29/11/2024,84,Male,Urban,Primary,Other,Married,0,163.2,62.9,23.6,Never,Moderate,Low,No,No,138,88,4.1,1.45,1.0,2.2,5.2,98,140,4.2,7,6.5,0,No,0,No,,
PHC-1379,Nyamagana PHC,2024-04-04,64,Male,Rural,None,Trader,Single,0,169.9,100.1,34.7,Never,None,Low,Yes,No,200,77,5.9,1.45,3.5,0.4,4.8,93,138,4.6,7,8.0,1,Yes,6,No,,
PHC-1029,Ilemela HC,2024-09-28,57,Female,Urban,Primary,Unemployed,Single,No,166.5,62.3,22.5,Current,None,Moderate,No,No,133,76,4.1,1.4,1.1,1.3,6.1,82,138,3.5,14,6.0,0,No,0,No,,
PHC-1254,Kisesa HC,2024-08-01,73,male,Urban,Primary,Trader,Widowed,No,176.3,60.3,19.4,NA,None,Moderate,Yes,No,149,92,,0.96,2.7,0.9,5.9,122,138,4.4,12,7.3,0,Yes,60,Yes,Poor,No
PHC-1407,Ilemela HC,2024-08-19,53,female,Urban,Secondary,Professional,Married,Yes,166.3,92.4,33.4,Never,None,High,0,0,137,79,3.9,0.99,1.7,2.9,5.3,92,139,3.5,17,10.3,1,Yes,96,No,,
PHC-0948, Kisesa HC ,2024-01-31,62,Female,Rural,Secondary,Farmer,Widowed,N,174.2,53.9,17.8,Current,Moderate,Moderate,0,No,141,84,5.2,1.4,3.0,0.9,5.2,109,133,4.7,NA,7.9,0,Yes,90,Yes,Good,No
PHC-0978,Ilemela HC,2024-08-11,73,Female,Rural,Secondary,Other,Married,No,162.7,77.7,29.4,Current,Moderate,High,No,0,157,80,5.8,1.42,3.3,2.1,3.2,97,142,3.9,16,,0,Yes,47,1,Poor,No
PHC-1050,Igoma HC,2024-05-30,47,female,Urban,Secondary,Unemployed,Married,No,164.1,78.2,29.0,Former,None,Low,No,No,129,92,3.9,1.69,1.0,0.5,6.4,80,139,4.0,5,0.2,0,Yes,68,No,,
PHC-0458,Ilemela HC,2024-11-24,64,F, Rural ,Secondary,Unemployed,Married,No,157.8,NA,31.2,Current,None,Moderate,No,No,118,96,5.4,1.19,3.6,0.8,5.3,100,142,4.2,11,6.8,1,Yes,109,0,,
PHC-0531,Bugando PHC,2024-06-01,76,Male,Urban, Secondary ,Farmer,Married,Yes,163.9,69.5,25.9,Never,None,Low,No,No,133,83,3.1,1.32,1.0,1.6,5.0,98,141,5.0,8,1.7,1,No,0,0,,
PHC-0479,Buzuruga PHC,2024-04-19,59,Female,Rural,Secondary,Farmer,Married,Yes,159.0,59.6,23.6,Never,None,Moderate,No,No,145,93,4.6,0.96,2.8,1.3,5.3,95,135,4.6,7,8.7,0,Yes,112,No,,
PHC-1158,Igoma HC,14/07/2024,53,Female,Urban,Primary,Unemployed,Married,No,158.7,65.0,25.8,Current,None,Low,No,N,118,59,6.0,1.49,3.6,1.1,6.3,79,139,4.2,15,12.2,0,No,0,No,,
PHC-1387,Kisesa HC,2024-11-01,31,Male,Rural,Primary,Farmer,Married,Yes,169.3,73.2,25.5,Never,Moderate,Low,Yes,No,128,60,2.8,1.31,1.0,0.7,5.3,88,136,4.7,10,14.9,0,No,0,No,,
PHC-0612,Bugando PHC,2024-02-26,42,Female,Urban,Primary,Farmer,Married,Yes,163.6,78.2,29.2,Never,None,High,No,No,122,84,4.2,1.64,1.1,2.1,,71,139,4.3,4,3.9,0,No,0,No,,
PHC-1218,Bugando PHC,02/07/2024,60,F,Urban,None,Trader,Single,Yes,167.0,95.4,34.2,Never,None,Moderate,0,Yes,133,99,6.1,1.07,3.4,1.9,8.4,97,138,3.9,8,2.9,2,Yes,72,No,,
PHC-0348,Nyamagana PHC,2024-02-23,39,Male,Rural,Secondary,Trader,Widowed,No,171.0,87.7,30.0,Never,None,Moderate,Y,No,121,85,5.7,1.79,2.7,2.3,5.3,109,144,4.2,7,4.4,0,No,0,0,,
PHC-0447, Bugando PHC ,2024-09-08,46,Male,Urban,Secondary,Farmer,Married,Yes,164.3,60.5,22.4,Never,None,Low,N,No,132,88,3.6,1.33,1.1,1.0,5.5,58,132,4.5,16,0.4,0,Yes,19,N,,
PHC-1349,Nyamagana PHC,2024-06-09,43,f, Urban ,Primary,Farmer,Married,No,151.0,71.3,31.3,Never,None,Low,Yes,No,125,87,6.3,1.51,3.9,1.9,,83,142,4.1,7,1.8,2,No,0,No,,
PHC-0380,Bugando PHC,2024-09-17,61,F,Rural,Primary,Trader,Married,No,164.5,95.8,35.4,Never,None,High,No,No,168,85,6.1,1.72,3.2,1.4,6.0,84,140,4.2,9,,1,1,112,0,,
PHC-1297,Nyamagana PHC,22-Jan-2024,43,M,Rural,None,Professional,Married,Y,176.4,61.6,19.8,Former,None,Low,No,No,141,81,4.5,0.93,1.9,1.7,4.4,104,142,4.1,13,4.4,0,1,71,Yes,Good,No
PHC-0888,Buzuruga PHC,2024-01-21,52,Male,Urban,Primary,Farmer,Widowed,Yes,166.0,70.2,25.5,Former,None,High,No,0,111,83,6.2,0.75,4.1,2.2,5.5,81,140,4.7,9,7.2,1,0,0,No,,
PHC-1086,Kisesa HC,2024-09-07,54,Female,Rural,Primary,Professional,Married,No,155.4,74.6,30.9,Never,Moderate,Low,Yes,No,118,87,4.7,1.13,2.0,1.6,5.2,65,135,3.4,9,,1,No,0,No,,
PHC-0232,Bugando PHC,2024-04-06,45,Male,Urban,Tertiary,Farmer,Married,No,178.5,92.1,28.9,Current,Moderate,Low,No,No,172,81,4.6,1.16,2.1,0.4,4.9,87,142,3.6,10,5.3,0,Y,98,No,,
PHC-0383,Ilemela HC,2024-03-10,36,Female,Urban,Primary,Trader,Married,No,156.2,66.6,27.3,Never,None,Low,1,No,131,93,-99,1.14,1.5,2.3,4.8,99,138,3.9,6,21.5,0,Yes,98,0,,
PHC-0673,Bugando PHC,2024-10-14,67,Male,Urban,None,Farmer,Divorced,No,166.4,84.4,30.5,Former,None,Low,Yes,No,145,83,4.0,1.52,1.3,1.1,6.5,117,136,3.4,12,6.6,1,Yes,106,Yes,Poor,No
PHC-0073,Ilemela HC,30-Oct-2024,44,f,Rural,Primary,Farmer,Married,Yes,158.0,66.2,26.5,Never,None,Moderate,No,0,135,102,3.4,1.22,1.0,1.5,5.3,119,137,4.4,9,11.9,0,Yes,2,Yes,Poor,No
PHC-0071,Nyamagana PHC,2024-01-16,68,Male, Rural ,Primary,Trader,Married,Yes,167.1,65.8,23.6,Current,Moderate,Moderate,0,No,129,96,4.5,0.88,2.9,1.5,6.0,58,134,4.3,6,15.6,0,Yes,92,Y,Good,No
PHC-0675, Nyamagana PHC ,2024-04-29,48,Female,Urban,Primary,Farmer,Widowed,No,159.8,69.3,27.1,Never,None,High,No,N,144,94,5.3,1.3,3.1,1.8,4.7,101,136,3.7,8,1.3,0,Yes,110,Yes,Good,No
PHC-0172,Ilemela HC,2024-07-10,67,Female, Urban ,Secondary,Farmer,Divorced,No,156.5,59.2,24.2,Never,None,Moderate,Y,No,130,78,7.4,1.48,5.1,2.0,5.2,76,144,5.0,8,0.2,1,No,0,No,,
PHC-0169,Ilemela HC,2024-02-07,41,M,Urban,,Trader,Widowed,No,174.9,90.6,29.6,Never,None,Moderate,No,N,188,89,5.6,1.15,3.0,1.6,5.6,90,137,4.4,5,2.5,0,Yes,91,No,,
PHC-0494,Kisesa HC,2024-11-14,62,Female,Rural,None,Unemployed,Married,1,155.9,50.6,20.8,Never,Moderate,Low,Yes,No,128,91,4.2,1.64,1.5,1.2,6.1,75,134,4.5,7,NA,0,Y,82,No,,
PHC-1079,Bugando PHC,2024-05-16,65,male,Rural,Secondary,Unemployed,Married,No,158.8,54.8,21.7,Never,Moderate,Moderate,No,0,163,85,5.2,1.1,3.2,0.4,999,134,140,3.8,13,4.3,0,Yes,42,Yes,Good,No
PHC-0563,Nyamagana PHC,2024-09-28,52,m,Rural,None,Professional,Married,Yes,172.2,50.0,16.9,Former,Moderate,High,Yes,N,107,87,3.9,1.44,1.4,1.3,5.2,72,141,4.7,5,5.0,0,Yes,63,Y,Poor,Yes
PHC-0273,Bugando PHC,2024-11-02,87,Male,Rural,Tertiary,Farmer,Widowed,1,170.7,93.7,32.2,Never,None,Moderate,No,No,123,98,3.9,1.48,1.5,2.2,5.6,121,140,3.5,13,20.4,2,Yes,106,Yes,Good,No
PHC-1238,Ilemela HC,06/04/2024,90,Female,Urban,Primary,Professional,Single,No,168.4,83.2,29.3,Never,Moderate,Moderate,No,Yes,143,95,5.9,1.83,2.9,2.1,7.5,86,142,3.9,13,18.3,1,Yes,104,Yes,Poor,No
PHC-0421,Ilemela HC,2024-10-08,65,Female,Rural,Tertiary,Trader,Married,Yes,161.6,82.3,31.5,Current,None,Low,No,No,164,75,6.5,1.01,4.0,2.3,4.3,81,142,4.0,12,14.5,2,1,110,No,,
PHC-0095, Ilemela HC ,2024-01-19,79,f,Rural,Secondary,Other,Married,Yes,162.0,81.2,30.9,,Moderate,Moderate,No,No,180,87,4.1,1.22,1.8,2.8,6.1,70,138,4.4,12,7.5,1,Yes,97,1,Poor,No
PHC-1023,Kisesa HC,2024-11-20,46,Female,Rural,None,Farmer,Married,0,158.0,68.5,27.4,Never,Heavy,Moderate,No,N,142,69,5.7,1.58,3.0,1.0,4.5,89,142,4.8,5,6.3,0,1,52,Yes,Poor,No
PHC-1193,Bugando PHC,13/02/2024,32,Male, Urban ,Primary,Farmer,Married,No,176.4,60.0,19.3,Never,Moderate,High,Yes,0,162,80,5.9,0.89,3.9,2.2,4.7,58,137,4.5,5,8.2,1,1,71,Yes,Poor,No
PHC-0043,Bugando PHC,2024-07-27,45,Female,Rural,None,Other,Married,Yes,154.2,64.6,27.2,Never,None,Low,Yes,0,156,91,5.9,1.09,4.1,1.1,5.4,102,140,3.3,8,13.2,0,Yes,9,Yes,Good,No
PHC-0057,Kisesa HC,18/11/2024,50,Female,Urban,Secondary,Farmer,Married,No,159.0,69.3,27.4,Current,None,Low,No,N,116,102,7.2,1.51,4.9,0.8,4.7,107,131,4.3,14,24.5,1,Yes,66,No,,
PHC-1197,Bugando PHC,2024-11-04,90,Male, Urban , Secondary ,Trader,Divorced,0,170.6,80.6,27.7,Former,Moderate,Low,N,No,172,90,6.8,1.37,NA,1.5,5.4,77,146,5.0,9,0.4,1,Yes,42,Yes,Poor,No
PHC-0681,Kisesa HC,2024-05-12,52,male,Urban,Secondary,Professional,Divorced,No,163.4,85.0,31.8,Former,Moderate,Moderate,Yes,No,180,75,5.8,1.57,2.9,2.0,6.7,89,139,4.7,15,4.7,1,Yes,36,Yes,Poor,No
PHC-0039,Bugando PHC,06/06/2024,57,f,Rural,Primary,Trader,Single,N,153.9,53.4,22.5,Never,None,Moderate,No,No,143,96,4.6,1.74,1.6,2.1,6.2,88,134,4.6,8,4.3,0,Yes,79,No,,
PHC-0307,Ilemela HC,2024-11-18,29,Female,Urban,Secondary,Farmer,Married,Yes,161.4,62.7,24.1,Former,None,Moderate,No,No,110,93,6.4,1.26,3.9,0.4,6.5,80,143,4.0,10,3.2,1,Yes,111,No,,
PHC-0661,Nyamagana PHC,2024-09-05,69,female,Rural,Tertiary,Trader,Married,No,160.2,80.3,31.3,Never,None,Low,No,Yes,127,82,5.4,0.86,3.4,1.7,8.3,98,140,4.7,10,6.4,3,No,0,No,,
PHC-0618,Bugando PHC,12-Jul-2024,56,M,Rural,Primary,Unemployed,Married,No,161.3,72.1,27.7,Never,Moderate,Low,No,N,134,78,5.5,1.33,3.2,2.5,6.0,84,140,4.2,,26.6,1,No,0,No,,
PHC-0409,Bugando PHC,2024-05-14,50,Female,Urban,Primary,Farmer,Single,No,158.7,42.9,17.0,Never,None,Low,No,No,118,95,4.7,0.92,2.7,1.0,4.4,70,143,4.4,5,1.7,0,Yes,48,No,,
PHC-0167,Nyamagana PHC,2024-03-08,63,Female,Rural,Secondary,Professional,Single,No,155.6,61.5,25.4,Current,Moderate,Low,Yes,No,130,83,7.6,1.01,5.5,2.3,6.2,71,139,4.2,7,5.8,1,No,0,0,,
PHC-0535,Nyamagana PHC,19/02/2024,51,Female,Urban,None,Unemployed,Married,No,157.2,52.0,21.0,Current,None,Low,Yes,No,131,81,4.8,0.68,2.7,1.4,5.9,97,142,4.5,8,0.5,0,No,0,No,,
PHC-0867,Kisesa HC,2024-09-14,58,f,Urban,Primary,Unemployed,Married,0,169.0,50.6,17.7,Never,None,Moderate,No,0,118,74,4.1,1.34,1.9,2.1,6.3,89,139,3.4,8,5.2,0,No,0,0,,
PHC-1425, Bugando PHC ,2024-10-07,48,m,Urban,Secondary,Professional,Single,No,166.1,75.2,27.3,Never,Moderate,Low,No,No,121,86,3.6,2.06,1.0,0.9,4.8,77,140,4.2,10,0.3,0,Yes,28,Y,Poor,Yes
PHC-1068,Igoma HC,2024-11-22,46,Male,Rural,Secondary, Trader ,Married,0,164.6,70.1,25.9,Former,Heavy,Low,No,0,160,94,5.4,1.47,2.6,2.7,5.8,66,129,4.8,13,4.7,0,Yes,22,No,,
PHC-1415,Bugando PHC,2024-09-03,34,Female,Rural,Primary,Farmer,Widowed,0,158.8,64.4,25.5,Never,Moderate,High,N,0,124,91,4.0,1.73,1.0,2.8,6.9,72,140,4.0,8,11.6,0,Yes,3,No,,
PHC-0694,Ilemela HC,22-Jun-2024,19,m,Urban,Primary,Professional,Divorced,No,171.2,78.9,26.9,Current,None,Low,N,No,136,94,4.4,0.94,2.4,2.2,5.2,61,137,4.4,6,0.8,0,Yes,44,No,,
PHC-0836,Igoma HC,2024-09-07,47,Male,Urban,Primary,Trader,Married,No,167.0,100.8,36.1,Never,Moderate,Low,Yes,N,162,83,5.8,1.27,3.3,1.6,5.0,50,140,4.3,8,4.7,1,Yes,29,Yes,Good,No
PHC-0317,Igoma HC,2024-02-04,51,Female,Rural,Primary,Farmer,Married,Yes,154.6,70.6,29.5,Never,None,High,No,No,137,70,6.1,0.77,4.0,1.2,4.3,108,145,4.1,8,14.6,0,No,0,No,,
PHC-0914,Nyamagana PHC,2024-06-10,45,Male,Urban,Tertiary,Trader,Married,Yes,160.8,85.9,NA,Never,Moderate,Low,1,No,161,88,6.5,1.66,3.8,2.3,5.3,122,140,3.8,5,3.2,2,1,26,Yes,Poor,No
PHC-1288,Ilemela HC,2024-04-14,28,Male,Urban,,Unemployed,Single,Yes,168.7,56.8,20.0,Current,Moderate,Low,Yes,0,117,88,NA,1.29,1.8,0.4,7.4,112,137,4.6,13,9.5,0,No,0,0,,
PHC-0517,Ilemela HC,2024-11-17,61,Female,Urban,None,Other,Married,No,152.9,38.5,16.5,Current,None,High,0,0,109,77,,1.34,2.1,3.1,4.8,89,137,4.5,13,8.9,0,No,0,No,,
PHC-1449,Bugando PHC,2024-08-03,47,F,Rural,None,Other,Single,0,163.1,73.0,27.4,Never,Moderate,Moderate,No,N,107,87,6.0,1.1,4.5,1.5,4.6,83,140,4.2,10,8.8,0,No,0,No,,
PHC-0534,Ilemela HC,2024-06-22,61,Female,Rural,None,Professional,Married,Y,149.4,49.8,22.3,Current,None,Moderate,Yes,0,105,88,NA,1.03,2.5,2.7,3.3,89,132,3.4,8,9.2,0,N,0,No,,
PHC-0653,Kisesa HC,17/03/2024,56,Male,Urban,Secondary,Trader,Married,No,172.1,108.6,36.7,Former,None,High,No,Y,122,96,5.3,1.53,3.2,0.9,8.9,65,139,4.6,7,13.0,2,Yes,108,No,,
PHC-0876,Kisesa HC,2024-10-21,31,m,Urban,Secondary,Unemployed,Divorced,Yes,169.6,112.6,39.1,Never,Moderate,Low,No,0,178,96,4.6,0.96,2.4,2.4,4.8,66,141,3.3,12,9.9,1,1,62,Yes,Good,No
PHC-1390,Buzuruga PHC,01/12/2024,39,Male,Rural, Primary ,Professional,Single,Yes,165.2,96.5,35.4,Former,Moderate,High,No,No,138,73,7.4,1.27,4.6,3.0,,73,139,4.3,12,5.0,2,No,0,0,,
PHC-0549,Igoma HC,2024-09-19,36,Male,Rural,Primary,Farmer,Widowed,0,166.6,58.3,21.0,Current,None,Low,No,No,142,74,,0.95,2.0,0.4,999,83,135,4.6,6,7.7,1,Yes,32,No,,
PHC-0454,Igoma HC,08/05/2024,35,Male,Rural,Secondary,Professional,Single,No,161.6,76.0,29.1,,None,Moderate,No,No,129,82,6.1,1.53,3.1,3.3,,46,138,4.2,7,6.3,0,No,0,No,,
PHC-1223,Nyamagana PHC,20/04/2024,47,Male,Urban,Primary,Trader,Divorced,0,173.0,102.4,34.2,Never,None,Low,N,No,153,74,NA,1.23,3.0,2.3,4.9,95,145,3.1,12,3.4,1,Yes,106,Yes,Poor,No
PHC-0650,Igoma HC,2024-05-29,69,F,Rural,None,Farmer,Married,0,162.8,64.7,24.4,Former,Moderate,Moderate,No,No,144,81,6.3,0.95,4.3,1.6,5.0,67,140,3.8,12,7.2,1,1,70,No,,
PHC-0571,Buzuruga PHC,2024-08-10,53,M,Rural,None,Farmer,Single,No,168.2,95.7,999,Former,Moderate,Low,Yes,No,184,91,6.3,1.95,3.2,2.4,4.5,75,139,3.0,12,4.9,2,1,1,No,,
PHC-0643,Ilemela HC,2024-08-19,74,Female,Rural,Secondary,Trader,Married,Yes,162.1,65.6,25.0,Never,None,Low,No,No,143,100,6.2,1.42,3.8,2.6,4.1,115,135,4.7,16,7.9,0,Yes,98,N,,
PHC-0062,Bugando PHC,2024-02-27,50,Female,Rural,Primary,Farmer,Single,Yes,148.1,56.3,25.7,Current,None,High,No,No,148,83,4.8,1.23,2.6,2.7,5.4,79,141,4.0,2,9.1,0,Y,97,Yes,Poor,No
PHC-1035,Nyamagana PHC,06/07/2024,68,Female,Rural,Primary,Trader,Married,Yes,154.0,70.2,29.6,Current,None,Moderate,0,No,139,91,5.8,1.54,3.0,2.5,5.8,60,137,4.6,11,5.9,0,Yes,104,No,,
PHC-0537,Nyamagana PHC,2024-03-03,41,Male,Rural, Primary ,Trader,Divorced,0,169.5,98.4,34.2,Current,None,Low,No,0,151,77,4.6,1.07,1.8,2.9,5.5,96,142,4.9,5,4.4,1,Yes,105,No,,
PHC-1485,Buzuruga PHC,22/09/2024,46,Female,Urban,Secondary,Trader,Divorced,No,159.1,63.7,25.2,Never,Moderate,Low,1,No,159,106,2.8,1.81,1.0,1.6,5.7,62,141,4.4,13,1.9,0,Yes,55,1,Good,No
PHC-1022,Kisesa HC,2024-05-19,18,Male,Rural,Primary,Other,Single,N,167.4,81.0,28.9,Never,Heavy,Moderate,No,No,164,65,5.1,0.94,3.1,1.7,5.3,55,145,3.7,9,5.4,0,Yes,40,0,,
PHC-0245,Buzuruga PHC,2024-11-28,36,Female,Urban,None,Trader,Single,No,162.7,67.9,25.7,Never,Moderate,Moderate,No,No,90,79,5.9,0.7,3.7,0.7,7.3,49,142,4.2,11,3.6,0,Yes,55,No,,
PHC-0026,Bugando PHC,2024-10-01,49,Female,Urban,Primary,Professional,Married,0,162.2,63.6,24.2,Never,None,Low,Y,No,130,81,6.6,1.14,4.3,1.7,5.1,65,140,4.0,11,6.8,2,No,0,No,,
PHC-0223,Bugando PHC,03/07/2024,68,Female,Urban, None ,Trader,Married,0,162.8,72.4,27.3,Never,Moderate,Low,Yes,No,124,89,5.3,0.95,3.0,2.7,999,115,145,4.4,5,3.2,0,No,0,No,,
PHC-1498,Buzuruga PHC,2024-08-16,38,Male,Rural,Primary,Other,Married,No,171.5,66.5,22.6,Never,Moderate,Low,Yes,No,122,66,4.7,0.93,2.8,1.6,6.0,70,137,4.3,7,4.9,0,N,0,No,,
PHC-0106,Ilemela HC,2024-02-24,74,Male,Urban,Primary,Trader,Married,No,176.6,95.5,30.6,Never,Moderate,Moderate,0,No,135,88,6.1,0.92,3.7,2.5,3.4,106,141,3.3,8,14.8,2,No,0,No,,
PHC-0747,Bugando PHC,09-Aug-2024,42,Female,Urban,Tertiary,Professional,Married,0,166.1,82.9,30.0,Former,None,High,Yes,N,155,81,3.8,0.75,2.2,2.4,4.5,77,145,4.1,10,8.6,1,1,13,Yes,Poor,No
PHC-0510,Bugando PHC,2024-04-04,63,M,Urban,Primary,Professional,Single,No,162.2,68.1,25.9,Never,None,Low,No,N,127,78,5.5,1.62,3.0,1.5,5.4,106,140,3.9,8,4.8,0,No,0,N,,
PHC-0132,Buzuruga PHC,03-Mar-2024,47,Male,Urban,Primary,Unemployed,Married,N,179.3,74.3,23.1,Never,None,Low,No,0,148,81,4.9,1.16,2.5,2.0,5.9,102,134,4.5,12,2.9,0,Yes,34,0,,
PHC-0445,Bugando PHC,2024-08-17,35,Male,Rural, Secondary ,Trader,Married,1,172.0,76.4,25.8,Never,None,Low,No,No,132,74,5.4,1.56,3.3,3.0,6.5,66,133,4.5,13,7.7,0,Yes,3,Yes,Poor,Yes
PHC-1232,Buzuruga PHC,2024-09-03,39,Female,Rural,Tertiary,Trader,Married,No,156.9,64.0,26.0,Never,None,Moderate,N,No,143,96,5.0,1.24,2.6,0.9,5.4,50,140,5.4,14,12.5,0,Yes,50,No,,
PHC-0509,Igoma HC,2024-02-25,52,m,Urban,Primary,Farmer,Married,No,155.3,78.2,32.4,Current,None,Moderate,No,0,124,96,4.3,0.97,2.0,2.2,6.0,98,141,4.1,11,4.6,1,Yes,108,No,,
PHC-1499,Buzuruga PHC,2024-02-22,67,f,Urban,Primary,Farmer,Married,No,160.1,46.7,18.2,Never,Moderate,Low,No,0,136,95,4.5,1.77,1.4,1.0,5.8,65,144,4.3,8,4.7,1,Y,83,Yes,Poor,No
PHC-0076,Igoma HC,2024-01-29,29,Male,Urban,Tertiary,Unemployed,Single,No,156.5,60.4,24.7,Former,Heavy,Low,No,No,152,84,6.0,1.72,3.7,0.7,6.2,100,142,3.8,7,8.6,0,Yes,24,No,,
PHC-0037,Ilemela HC,2024-03-15,49,female,Rural,Secondary,Unemployed,Widowed,No,158.0,67.3,27.0,Never,None,Moderate,No,No,133,81,5.0,0.78,NA,3.2,5.5,85,136,4.7,8,9.3,0,No,0,0,,
PHC-1322,Nyamagana PHC,2024-05-31,53,Female,Rural,None,Unemployed,Married,Yes,164.2,57.3,21.3,Former,None,Moderate,Yes,0,127,90,4.5,1.5,,1.5,5.6,71,137,4.6,6,8.5,0,Yes,76,Yes,Good,No
PHC-0058,Ilemela HC,01/05/2024,44,Male,Rural,Tertiary,Trader,Married,No,175.6,66.9,21.7,Current,Moderate,Low,N,0,138,91,5.0,0.54,3.5,0.4,5.1,59,139,3.8,15,12.9,0,Yes,24,Y,Poor,No
PHC-0197,Igoma HC,18/09/2024,41,Male,Rural,Primary,Unemployed,Married,No,169.5,95.2,33.1,NA,None,Low,No,No,154,100,-99,1.62,1.7,2.3,4.1,80,142,4.7,10,12.2,1,Yes,40,0,,
PHC-1241,Kisesa HC,2024-04-10,18,Female,Rural,Secondary, Professional ,Divorced,Yes,150.8,61.6,27.1,Former,Moderate,Moderate,No,No,139,88,5.3,0.76,3.9,1.8,6.4,79,135,3.7,11,6.6,0,0,0,No,,
PHC-1398,Kisesa HC,2024-07-22,43,Female,Rural,None,Trader,Widowed,Yes,154.5,61.3,25.7,Former,Moderate,Low,No,N,143,83,5.4,2.04,2.3,2.3,4.9,72,138,4.6,4,24.2,1,Y,62,No,,
PHC-0841,Igoma HC,07/06/2024,47,Female, Rural ,Primary,Unemployed,Married,No,153.5,88.8,37.7,Current,Heavy,Moderate,No,No,139,80,,1.97,2.6,2.6,4.7,65,138,4.5,14,5.0,1,No,0,No,,
PHC-0665,Ilemela HC,22/03/2024,34,Female,Urban,Secondary,Farmer,Married,No,170.3,81.8,28.2,Current,None,Moderate,No,No,120,61,4.7,1.3,NA,1.2,6.4,52,137,3.6,12,14.8,0,No,0,No,,
PHC-0478,Ilemela HC,2024-05-10,62,Female,Rural,Primary,Unemployed,Married,Yes,161.2,51.8,19.9,Never,Moderate,Low,Yes,No,126,75,5.8,1.24,3.5,1.3,5.8,87,137,3.8,NA,NA,0,0,0,No,,
PHC-0087,Kisesa HC,14/09/2024,50,Male, Rural ,Secondary,Trader,Widowed,No,170.7,108.3,37.2,Never,None,Low,No,0,140,85,6.6,0.7,,3.0,5.4,98,141,3.6,6,6.1,3,Y,87,No,,
PHC-0562,Nyamagana PHC,19-Jun-2024,73,Male,Rural,Primary,Farmer,Married,No,178.2,86.7,27.3,Never,None,Low,Yes,No,157,87,6.6,1.75,3.2,2.0,4.7,103,139,4.5,19,12.0,1,Yes,104,Yes,Good,No
PHC-0335,Bugando PHC,2024-10-16,61,female,Rural,Primary,Trader,Widowed,No,164.4,47.7,17.6,Former,Moderate,Low,Y,No,143,96,6.4,1.68,2.9,1.0,5.4,93,138,4.0,12,15.0,1,Yes,67,Yes,Poor,No
PHC-1034,Ilemela HC,2024-04-05,25,Female,Rural, Primary ,Farmer,Divorced,Yes,161.0,82.7,31.9,Never,None,Low,No,No,128,71,6.5,2.08,3.3,1.7,6.7,57,147,3.6,10,21.6,3,Yes,17,No,,
PHC-1043,Bugando PHC,01/08/2024,62,Female,Urban,None,Trader,Married,No,160.5,49.4,19.2,Former,None,Moderate,No,No,125,93,4.3,1.05,2.7,0.4,5.0,76,150,4.5,14,7.9,0,Y,32,N,,
PHC-0906,Kisesa HC,02-Mar-2024,29,Male,Urban,None,Unemployed,Widowed,No,168.3,74.5,26.3,Never,Heavy,Low,No,0,121,70,5.0,0.96,3.5,1.9,7.4,91,137,4.6,12,0.6,1,No,0,No,,
PHC-1163,Bugando PHC,2024-09-06,18,f,Urban,Primary,Unemployed,Married,No,163.1,69.8,26.2,Current,None,Moderate,Yes,0,150,74,6.4,1.06,4.8,2.0,4.9,61,139,4.1,14,7.0,1,Yes,98,0,,
PHC-1168,Igoma HC,2024-09-20,58,Female,Rural, Tertiary ,Farmer,Married,Yes,160.1,41.7,16.3,Never,None,Moderate,No,N,126,94,5.8,1.94,3.1,1.9,5.3,111,144,3.3,11,4.4,0,Yes,99,Yes,Poor,No
PHC-0539,Kisesa HC,2024-01-23,40,Male,Urban,Primary,Unemployed,Married,No,170.6,88.2,30.3,Never,Moderate,Moderate,0,0,133,84,4.8,1.81,2.0,2.1,5.6,54,142,3.8,7,1.5,1,N,0,No,,
PHC-1269,Nyamagana PHC,2024-11-23,61,Male,Rural,Primary,Farmer,Widowed,No,174.6,114.5,37.6,Former,None,Moderate,No,No,131,64,3.5,1.5,1.0,1.7,7.0,107,141,3.6,11,12.0,1,No,0,0,,
PHC-0419,Buzuruga PHC,2024-03-03,46,Male,Urban,Primary,Other,Widowed,Yes,163.9,68.6,25.5,Never,Moderate,Low,0,No,164,66,5.3,1.35,2.4,0.9,5.9,59,136,4.3,11,2.0,0,Yes,21,No,,
PHC-0952,Buzuruga PHC,2024-04-16,40,Female,Urban,Secondary,Unemployed,Married,N,165.4,67.0,24.5,Former,Moderate,Moderate,No,0,137,77,5.7,1.74,2.8,2.0,6.6,65,139,3.6,12,0.6,0,No,0,0,,
PHC-1403,Ilemela HC,2024-04-28,46,female, Rural ,None,Other,Single,No,152.2,46.3,20.0,Never,Moderate,High,No,No,137,101,4.2,1.36,1.7,1.8,6.4,64,139,3.6,13,4.2,1,Yes,98,No,,
PHC-0993,Bugando PHC,2024-11-25,36,female,Urban,Primary,Farmer,Married,Yes,160.3,68.2,26.5,Current,None,Moderate,0,0,115,74,4.3,0.85,,1.2,6.3,91,137,4.6,6,2.8,1,No,0,No,,
PHC-0574,Kisesa HC,2024-04-30,55,Female,Rural,Primary,Farmer,Married,1,162.3,68.4,26.0,Never,None,Moderate,No,0,151,83,5.1,0.84,2.6,1.8,4.8,66,139,4.3,9,6.2,0,Yes,113,No,,
PHC-0638,Bugando PHC,2024-07-30,52,female,Rural,Primary,Trader,Married,No,157.0,86.4,35.1,Never,Moderate,High,Yes,No,153,89,4.2,1.05,2.5,3.2,7.2,109,144,4.3,19,10.5,1,1,13,Yes,Poor,No
PHC-1271,Nyamagana PHC,14/10/2024,49,Female, Rural ,None,Trader,Single,Yes,162.6,88.0,33.3,Never,None,Moderate,1,0,166,85,,1.2,3.0,1.4,4.3,69,142,3.9,11,NA,1,Yes,36,Yes,Good,No
PHC-0333,Nyamagana PHC,07-Apr-2024,64,Male,Urban,Tertiary,Farmer,Married,No,173.0,82.7,27.6,Never,None,High,Yes,No,148,87,4.1,1.11,1.5,2.1,4.1,99,141,3.8,10,1.0,0,Y,91,1,Good,No
PHC-1213,Kisesa HC,21/07/2024,53,Female,Rural,Primary,Trader,Widowed,Y,158.6,37.7,15.0,Never,None,Moderate,No,No,127,75,5.1,1.14,2.6,2.4,4.6,95,136,3.9,11,13.2,0,No,0,0,,
PHC-0575,Bugando PHC,2024-11-14,70,female,Rural,Primary,Trader,Married,0,154.1,52.1,21.9,Never,None,Moderate,N,No,153,87,6.6,1.04,4.4,2.1,4.8,98,141,3.9,11,7.3,1,Yes,71,0,,
PHC-1286,Buzuruga PHC,2024-01-12,43,Male,Urban,None,Professional,Married,No,178.9,66.9,20.9,Former,Moderate,Low,N,No,125,77,4.4,1.43,1.9,0.7,4.7,71,139,3.7,19,0.6,0,No,0,No,,
PHC-1098,Buzuruga PHC,2024-10-19,37,Male,Urban,Primary, Trader ,Married,No,174.2,76.8,25.3,Current,None,Low,Yes,N,121,91,5.1,1.3,3.1,1.9,999,91,140,4.7,7,15.1,0,Yes,15,Yes,Poor,No
PHC-1243,Nyamagana PHC,2024-01-18,57,Female,Rural,Primary,Trader,Married,Yes,160.8,86.6,33.5,Never,None,Low,No,No,147,102,3.6,1.37,1.6,3.5,4.6,70,139,3.7,8,5.5,1,Yes,84,No,,
PHC-1367,Bugando PHC,06-Sep-2024,65,Female,Urban,None,Trader,Married,Y,160.8,68.5,26.5,Never,None,Low,No,No,152,94,6.6,0.89,4.7,2.8,4.8,81,144,4.3,10,11.1,1,Yes,117,Yes,Poor,No
PHC-1212,Bugando PHC,2024-08-24,47,Female,Urban,Primary,Unemployed,Married,No,156.7,71.3,29.0,Former,None,Moderate,No,No,167,77,4.5,0.95,NA,2.1,4.7,71,136,3.4,7,1.1,0,Yes,110,Yes,Poor,No
PHC-1172,Bugando PHC,30-Jan-2024,49,Male,Rural, Primary ,Farmer,Married,N,165.5,82.9,30.3,Never,Moderate,Low,Yes,No,141,97,7.0,1.26,4.2,1.4,4.9,57,138,4.3,11,4.9,2,Yes,22,No,,
PHC-1448,Nyamagana PHC,2024-11-25,56,male, Rural ,Secondary,Trader,Single,Yes,164.8,81.0,29.8,Never,Heavy,High,Yes,N,126,71,6.3,1.21,3.8,2.4,7.0,65,138,3.9,4,8.3,1,No,0,N,,
PHC-0009,Nyamagana PHC,2024-01-21,69,Female,Rural,Primary,Farmer,Married,No,151.3,69.8,30.5,Current,None,Moderate,No,No,155,96,4.3,0.82,2.2,1.7,6.5,91,143,4.0,9,5.3,1,Y,80,Yes,Good,No
PHC-0928,Ilemela HC,22/05/2024,42,Male,Rural,Primary,Unemployed,Married,Y,167.7,84.9,30.2,Never,None,Moderate,No,0,160,69,5.8,0.99,3.4,2.2,4.5,55,140,4.5,7,21.5,1,Yes,16,Yes,Poor,No
PHC-1289,Bugando PHC,2024-02-19,32,f,Urban,Secondary,Trader,Widowed,No,161.2,56.9,21.9,Never,Heavy,Low,No,0,131,98,4.5,1.32,2.4,0.6,6.1,91,141,3.3,9,2.3,0,Yes,65,No,,
PHC-1099,Ilemela HC,2024-05-27,44,female,Rural,Secondary,Professional,Married,No,158.9,NA,22.9,Never,Moderate,High,No,No,161,90,5.8,1.02,4.1,2.7,4.3,77,134,4.0,11,7.7,0,Yes,107,Y,Poor,No
PHC-1017,Bugando PHC,2024-10-10,52,Male, Rural ,,Unemployed,Widowed,Yes,175.8,77.4,25.0,Never,Moderate,Low,Yes,N,141,73,3.3,0.92,1.3,2.0,6.9,106,140,3.7,11,16.0,0,Yes,82,No,,
PHC-1132,Nyamagana PHC,2024-03-09,70,F, Urban ,Secondary,Trader,Single,No,170.1,71.0,24.5,NA,None,Moderate,No,N,136,81,,1.2,2.4,1.8,6.3,79,138,4.3,12,3.7,0,No,0,No,,
PHC-0756, Ilemela HC ,03/11/2024,57,Male,Rural,Tertiary,Farmer,Single,1,178.9,78.8,24.6,Never,None,Low,No,No,152,80,4.3,1.35,1.9,2.0,4.3,95,141,4.8,11,22.9,0,Yes,74,Yes,Poor,No
PHC-0075,Nyamagana PHC,26/05/2024,49,Male, Urban ,Secondary,Trader,Married,Y,162.2,69.3,26.3,Former,None,Moderate,Yes,0,146,94,6.3,1.78,3.1,1.1,999,70,134,5.4,13,,1,Yes,69,Yes,Good,No
PHC-1331,Kisesa HC,05/09/2024,58,Female,Urban,Secondary,Trader,Single,No,160.3,62.7,24.4,Never,None,Moderate,Yes,0,125,81,3.8,1.45,1.3,2.5,5.6,92,137,4.1,7,2.6,1,N,0,No,,
PHC-0523,Ilemela HC,28/01/2024,67,Female,Urban,Secondary,Farmer,Married,Yes,155.6,73.1,30.2,Never,None,Low,Yes,No,136,90,6.2,0.91,4.0,1.3,6.1,73,134,4.8,11,0.5,1,Yes,117,1,Good,No
PHC-0336,Ilemela HC,2024-01-29,44,Male,Urban,Tertiary,Farmer,Married,Y,176.4,86.9,27.9,NA,None,Low,No,No,166,97,2.8,1.32,1.0,2.9,4.9,63,140,4.7,13,NA,0,Yes,8,Yes,Good,No
PHC-0570,Buzuruga PHC,07/10/2024,41,Female,Urban,Primary,Unemployed,Married,No,150.0,72.7,32.3,Never,Moderate,Low,No,0,144,94,6.2,0.61,4.1,1.4,6.7,62,137,4.1,8,4.3,1,Yes,34,No,,
PHC-0591,Nyamagana PHC,2024-02-13,74,Female,Rural,Tertiary,Unemployed,Married,Yes,166.0,72.8,26.4,Never,None,Low,N,No,135,84,6.3,1.18,,1.9,3.2,99,137,4.1,12,,1,0,0,0,,
PHC-0089,Kisesa HC,2024-08-26,44,male, Rural ,Primary,Unemployed,Married,No,170.1,84.5,29.2,Never,None,Moderate,N,No,169,92,5.4,0.5,3.7,1.9,4.9,84,139,4.4,6,11.5,0,Yes,95,No,,
PHC-0732,Buzuruga PHC,03/10/2024,47,Female,Urban,Secondary,Unemployed,Married,0,164.3,93.8,999,Never,Moderate,Moderate,No,Yes,171,77,5.0,1.51,1.9,4.0,8.1,73,139,3.5,12,0.2,2,Y,81,Yes,Poor,No
PHC-0218,Ilemela HC,09/07/2024,69,m,Rural,Primary, Professional ,Married,No,176.5,74.3,23.9,Current,Moderate,Moderate,No,No,113,90,6.3,1.15,4.4,1.3,4.1,65,141,4.4,20,6.5,1,Yes,34,N,,
PHC-1027, Bugando PHC ,2024-02-13,63,f,Urban,Secondary,Farmer,Married,Yes,157.7,NA,20.3,Current,Heavy,Moderate,0,No,132,89,4.3,1.13,NA,0.4,4.6,88,140,4.6,7,0.9,0,0,0,0,,
PHC-0174,Nyamagana PHC,15/06/2024,200,Female,Rural,Tertiary,Trader,Widowed,Y,154.4,77.9,32.7,Never,Moderate,Moderate,No,No,130,83,5.7,1.22,3.2,1.4,4.6,57,136,4.3,15,4.3,1,No,0,No,,
PHC-1381, Nyamagana PHC ,2024-04-19,46,Female,Urban,Primary,Trader,Single,No,154.9,46.4,19.3,Never,Heavy,Moderate,Yes,No,129,86,4.5,1.67,1.7,1.5,5.3,82,135,3.6,10,10.8,0,No,0,No,,
PHC-0222,Ilemela HC,2024-02-25,25,F,Rural,Primary,Farmer,Widowed,No,162.7,78.1,29.5,Current,None,Moderate,N,No,116,80,4.8,1.72,1.6,2.1,6.8,97,138,3.9,11,5.7,0,No,0,No,,
PHC-0320,Bugando PHC,2024-01-31,51,f,Urban,Tertiary,Trader,Married,N,160.7,84.2,32.6,Never,Moderate,Moderate,Yes,0,147,83,5.3,1.22,2.8,1.2,5.4,92,138,4.9,NA,5.6,1,Yes,100,Yes,Good,No
PHC-1307,Kisesa HC,2024-03-08,61,Male,Urban,Primary,Trader,Single,No,167.7,88.2,31.4,Never,None,High,Yes,No,148,96,NA,1.2,,1.1,4.9,108,138,3.9,14,5.0,1,Y,88,0,,
PHC-1343,Kisesa HC,2024-04-01,43,f, Rural ,Primary,Farmer,Divorced,No,160.1,60.1,23.4,Never,None,Low,0,No,117,81,5.5,0.57,3.9,2.2,5.4,109,144,4.9,10,27.6,0,No,0,No,,
PHC-0798,Buzuruga PHC,17/09/2024,41,Female, Rural ,None,Trader,Married,No,157.3,75.5,30.5,Former,Moderate,High,No,No,141,92,5.7,1.27,3.6,2.4,6.8,74,140,4.2,11,24.0,1,1,19,No,,
PHC-0267,Buzuruga PHC,2024-02-25,48,Female, Urban ,None,Trader,Single,No,172.6,87.7,29.4,Former,None,High,Y,Y,179,101,6.0,1.02,4.1,0.8,8.6,54,146,4.3,12,1.6,2,Yes,1,1,Good,No
PHC-0007,Igoma HC,2024-05-05,37,f,Urban,None,Other,Married,No,165.6,78.2,28.5,Never,Heavy,Low,No,0,123,57,5.5,1.2,3.2,1.4,4.9,80,139,4.8,13,5.0,0,No,0,No,,
PHC-0783,Nyamagana PHC,2024-02-23,52,Female,Urban,None,Unemployed,Married,No,164.2,97.0,36.0,Former,None,High,N,N,153,84,5.2,1.72,1.8,1.3,7.0,86,142,4.9,14,0.9,1,1,9,Yes,Good,No
PHC-0139,Buzuruga PHC,2024-09-22,55,female,Urban,Secondary,Farmer,Single,No,156.5,70.8,28.9,Current,Heavy,Moderate,No,No,149,95,6.3,1.88,2.3,2.8,3.9,81,138,3.8,9,2.1,1,Y,52,Yes,Poor,No
PHC-0164,Nyamagana PHC,2024-01-31,55,Male,Urban,Primary,Professional,Married,Y,166.3,69.9,25.3,Never,None,Moderate,Yes,No,133,80,3.5,1.36,1.3,2.3,5.2,109,137,4.3,6,0.2,0,No,0,0,,
PHC-1304,Bugando PHC,2024-02-17,49,Male,Rural,Primary,Trader,Single,1,159.9,70.9,27.7,Never,None,Moderate,N,No,152,71,6.3,1.54,3.8,1.4,3.0,78,147,4.6,10,7.0,2,Yes,93,No,,
PHC-0595,Ilemela HC,02/02/2024,62,Female,Rural,Primary,Farmer,Married,N,162.9,75.9,28.6,Never,Moderate,Moderate,Yes,0,132,86,5.0,1.09,3.2,1.8,999,88,141,3.0,7,17.6,1,0,0,No,,
PHC-1417,Nyamagana PHC,19-Oct-2024,71,Female,Rural,Primary,Trader,Married,No,156.3,57.7,23.6,Former,Moderate,Low,No,0,149,104,4.4,1.61,1.5,1.4,5.5,88,141,4.6,7,13.4,0,1,117,0,,
PHC-1325,Ilemela HC,2024-04-08,54,F,Urban, None ,Unemployed,Single,Yes,154.4,54.9,23.0,Never,None,Moderate,No,No,127,80,6.2,1.32,4.3,2.0,5.1,92,136,4.8,10,2.2,0,0,0,No,,
PHC-1089,Bugando PHC,2024-04-30,53,Female,Urban,None,Trader,Widowed,N,173.5,85.9,28.5,Never,None,Low,Yes,No,104,93,4.4,1.58,1.7,1.2,3.1,82,142,3.6,15,7.0,0,Yes,59,0,,
PHC-1427,Kisesa HC,2024-02-26,63,Male,Rural,Primary,Professional,Single,0,174.9,80.0,26.2,Former,None,High,Yes,N,159,93,5.5,1.36,3.3,3.0,4.7,83,145,4.1,10,NA,0,Yes,28,No,,
PHC-0524,Bugando PHC,2024-11-30,21,Female,Urban,Secondary,Farmer,Married,No,158.9,90.3,35.8,,None,Low,Y,No,168,90,4.3,1.3,2.1,2.6,6.1,67,133,4.2,12,6.0,1,Yes,30,Yes,Good,No
PHC-1348,Nyamagana PHC,2024-07-24,44,Male,Urban,Primary,Farmer,Married,Yes,170.8,67.8,,Current,Heavy,Low,No,No,171,94,4.0,1.82,NA,1.3,4.5,61,138,3.1,2,13.8,0,Yes,62,No,,
PHC-1303,Nyamagana PHC,2024-08-13,67,Female,Urban,Primary,Trader,Single,No,158.3,68.5,27.3,Former,Moderate,High,No,No,136,93,5.2,1.41,,1.4,5.0,99,139,4.2,11,1.6,0,Yes,57,No,,
PHC-0579,Bugando PHC,24/11/2024,66,Female,Urban,None,Trader,Divorced,No,165.8,82.8,30.1,Former,None,Low,No,No,133,99,4.5,1.58,1.5,1.9,3.4,85,136,3.4,8,6.4,1,Yes,12,No,,
PHC-0763,Igoma HC,19-Sep-2024,60,Female,Rural,None,Unemployed,Single,Yes,157.0,37.0,15.0,Former,Moderate,Low,No,No,104,80,6.5,1.28,4.0,1.2,4.2,91,144,4.7,11,6.8,1,No,0,No,,
PHC-0020,Ilemela HC,2024-09-29,70,f,Urban,None,Trader,Married,Yes,152.1,64.5,27.9,Current,None,High,N,No,158,94,5.3,1.69,2.6,2.1,5.7,81,139,3.6,7,7.1,0,Yes,113,Yes,Good,No
PHC-0692,Bugando PHC,2024-02-06,52,Male,Rural,None,Trader,Single,No,166.4,74.7,27.0,Never,None,Low,Y,No,135,91,5.2,1.57,2.6,2.2,5.2,97,145,3.9,12,19.2,1,1,114,No,,
PHC-0634,Ilemela HC,2024-02-27,57,Female,Urban, Primary ,Unemployed,Married,No,161.7,83.1,31.8,Never,Moderate,Moderate,Yes,No,192,95,6.2,1.12,,1.8,4.7,73,140,4.5,13,1.5,1,Yes,96,No,,
PHC-0758,Buzuruga PHC,2024-11-15,45,Male,Rural,Primary, Other ,Married,No,163.8,55.6,20.7,Former,Moderate,Moderate,Yes,No,152,84,4.7,1.35,NA,0.7,5.9,93,140,4.2,5,5.9,0,Y,88,No,,
PHC-0619,Igoma HC,2024-10-26,51,F,Rural, Primary ,Unemployed,Widowed,Yes,164.2,69.9,25.9,Former,Moderate,Low,No,0,111,99,6.3,1.04,4.0,1.9,5.9,59,135,4.2,3,9.9,1,Yes,95,No,,
PHC-0772, Kisesa HC ,2024-09-09,30,female,Urban,Primary,Unemployed,Single,No,159.7,87.4,34.3,Current,Moderate,Low,Yes,No,138,77,3.7,1.36,1.6,0.8,6.8,89,141,4.3,9,10.8,1,N,0,N,,
PHC-0656,Ilemela HC,26/01/2024,43,M,Rural,Primary,Farmer,Married,No,152.8,48.2,20.6,Never,None,Low,Yes,No,154,78,3.8,1.2,2.0,1.1,,65,140,3.7,8,21.4,0,Yes,69,N,,
PHC-0814,Ilemela HC,2024-06-29,47,Male,Rural,Primary, Professional ,Married,Yes,167.9,83.0,29.4,Never,None,Moderate,No,No,159,99,5.1,1.43,2.3,1.3,6.0,66,136,3.9,8,9.4,1,Y,26,No,,
PHC-0745, Bugando PHC ,2024-06-19,37,Female,Rural,Primary,Professional,Married,Yes,170.3,84.5,29.1,Current,Moderate,Low,Yes,0,150,111,4.9,1.42,2.8,1.6,5.4,108,137,3.5,9,4.0,0,1,111,Yes,Poor,No
PHC-0138,Buzuruga PHC,2024-08-17,48,Female,Rural,Tertiary,Other,Married,No,149.6,46.9,21.0,Former,Moderate,Low,0,0,154,81,3.3,1.6,1.0,1.2,5.6,64,140,4.1,6,4.7,0,Yes,27,No,,
PHC-0558,Bugando PHC,2024-06-02,78,Female,Rural,Primary,Unemployed,Married,0,165.7,56.0,20.4,Never,None,Moderate,No,No,132,99,2.8,1.17,1.0,1.4,6.9,109,139,4.2,7,11.3,0,Yes,107,No,,
PHC-1229,Bugando PHC,30/07/2024,64,Male, Urban , Primary ,Professional,Married,No,171.8,67.5,22.9,Never,None,Moderate,Yes,No,126,84,4.6,1.23,2.8,2.0,6.3,91,141,4.5,7,13.3,0,N,0,No,,
PHC-0916,Nyamagana PHC,2024-08-01,46,Female,Rural,Tertiary,Other,Married,No,156.3,54.4,22.3,Current,None,Low,No,No,162,72,5.3,1.63,2.3,1.9,4.3,91,138,4.4,14,7.2,0,1,28,Yes,Good,No
PHC-0859, Nyamagana PHC ,21/07/2024,78,F,Rural,Primary, Farmer ,Married,Yes,158.1,59.3,23.7,Former,Heavy,Low,1,No,165,92,3.7,1.81,1.0,1.8,4.8,59,143,3.2,4,9.9,0,Yes,27,Yes,Poor,No
PHC-0907,Igoma HC,28/08/2024,50,Female,Urban,Primary,Professional,Widowed,No,157.2,80.1,,Never,None,Moderate,Yes,No,143,79,5.6,1.5,3.1,1.7,4.6,99,141,4.0,6,13.2,1,Yes,23,No,,
PHC-0369,Ilemela HC,09/06/2024,58,Male,Rural,None,Trader,Divorced,0,172.7,90.6,30.4,Never,Moderate,High,No,0,159,92,5.7,1.76,2.6,1.7,6.2,84,143,4.6,11,4.9,1,Yes,89,No,,
PHC-1412,Igoma HC,22/10/2024,41,Female,Urban,Tertiary,Unemployed,Married,No,159.0,68.5,27.1,Former,Moderate,High,No,No,108,90,4.4,1.59,1.8,2.4,6.0,80,141,4.2,17,1.4,1,Yes,94,N,,
PHC-1183,Buzuruga PHC,2024-11-30,57,Male,Urban,Primary, Farmer ,Married,Yes,173.3,77.8,25.9,Current,None,Low,No,N,105,70,4.6,1.74,2.0,1.6,4.3,51,134,4.7,7,0.8,0,0,0,No,,
PHC-0328,Kisesa HC,14/03/2024,52,Male,Urban,Primary,Farmer,Married,No,159.2,60.4,23.8,Former,None,Low,No,No,126,103,4.7,1.19,2.2,2.1,6.4,95,138,3.5,5,27.0,0,Yes,115,No,,
PHC-0318,Bugando PHC,2024-06-06,52,Female,Rural,Primary,Farmer,Married,0,158.1,68.5,27.4,Former,None,Low,No,No,144,83,,0.77,4.2,0.4,5.8,122,136,4.8,10,19.2,1,Yes,31,Yes,Good,No
PHC-1142,Bugando PHC,12/08/2024,47,Female,Urban,None,Unemployed,Married,No,159.3,68.8,27.1,Never,Moderate,Moderate,No,No,144,83,6.0,0.97,4.2,1.4,4.8,113,136,4.4,11,1.3,0,Yes,2,Y,Good,No
PHC-1107, Bugando PHC ,2024-03-05,37,Female,Rural,Primary,Other,Married,No,166.5,85.8,30.9,Former,None,Low,Y,0,141,87,5.0,1.13,2.8,1.7,6.0,66,139,4.2,12,9.7,1,Yes,37,0,,
PHC-0529,Igoma HC,2024-11-03,42,Female,Rural, Secondary ,Farmer,Divorced,No,156.9,60.4,24.5,Never,None,Low,0,0,134,78,4.9,1.25,2.7,1.2,6.6,77,138,4.5,15,5.4,0,Yes,24,Y,Poor,Yes
PHC-0527,Kisesa HC,2024-08-08,44,Female,Rural,Primary,Unemployed,Married,Yes,159.4,86.8,34.2,Former,None,Moderate,No,0,171,91,4.8,1.18,2.1,2.8,4.1,110,140,4.4,11,4.7,1,Yes,96,Yes,Good,No
PHC-0088,Bugando PHC,15/10/2024,43,f,Urban,Secondary,Trader,Married,N,161.1,77.9,30.0,Never,Moderate,Moderate,No,No,153,73,4.2,1.42,1.6,2.5,5.1,87,136,4.0,13,3.8,2,Y,89,1,Poor,No
PHC-0480,Bugando PHC,2024-02-17,61,Female,Urban,Secondary,Farmer,Married,No,155.9,67.8,27.9,Never,Moderate,Low,No,No,131,85,4.7,1.53,2.4,1.2,5.1,80,138,4.3,11,9.2,0,1,47,1,Poor,Yes
PHC-0339,Kisesa HC,2024-01-14,78,F,Rural,Tertiary,Professional,Married,No,157.4,68.4,27.6,Never,None,Low,No,No,133,84,NA,1.69,2.0,2.2,5.8,93,143,4.1,15,5.7,0,Yes,69,Yes,Poor,Yes
PHC-1115,Ilemela HC,2024-03-05,47,Female,Rural,None,Unemployed,Married,0,159.4,63.8,25.1,,Heavy,Low,No,No,167,89,4.5,1.24,2.3,0.4,5.2,79,142,4.9,11,5.8,1,1,59,No,,
PHC-0658,Ilemela HC,2024-06-06,74,F,Urban,Tertiary,Other,Married,0,167.3,89.9,32.1,Current,Moderate,Moderate,No,No,171,86,4.9,1.19,2.5,2.1,5.1,74,145,3.8,15,24.3,2,Yes,8,Yes,Poor,No
PHC-0149,Ilemela HC,17/09/2024,35,female,Rural,Secondary,Unemployed,Single,0,167.8,59.3,21.1,Current,None,Low,No,No,123,94,4.3,1.77,1.5,1.2,3.9,79,137,3.5,8,10.1,0,Yes,66,No,,
PHC-1225,Nyamagana PHC,08/06/2024,49,Female,Urban,Secondary,Professional,Single,No,154.7,44.1,18.4,Never,None,Moderate,No,No,108,87,6.5,1.99,3.4,1.6,4.7,82,137,4.2,8,7.1,1,No,0,N,,
PHC-1386,Kisesa HC,2024-06-03,45,Male,Rural,None,Farmer,Widowed,0,169.4,84.9,29.6,Never,Moderate,Moderate,Yes,0,163,96,6.8,1.42,4.6,2.8,5.7,100,142,4.5,6,4.5,1,Yes,13,Yes,Good,No
PHC-0029,Igoma HC,2024-02-11,47,Male,Urban,Secondary,Trader,Single,No,176.7,91.1,29.2,Current,Moderate,Moderate,No,No,141,82,5.6,1.54,2.8,1.3,5.0,83,139,4.4,13,6.0,0,Yes,40,Yes,Good,No
PHC-0247,Nyamagana PHC,2024-09-16,65,Female, Rural ,Primary,Trader,Married,N,154.3,66.9,28.1,Current,Moderate,Low,Yes,No,141,77,3.3,2.07,1.0,2.2,6.1,110,138,4.0,,NA,1,Yes,65,No,,
PHC-0366,Bugando PHC,2024-08-16,65,Female,Urban,Tertiary,Other,Married,Yes,158.0,75.7,30.3,Never,None,Low,0,0,133,64,NA,1.27,2.9,1.3,5.9,65,142,3.9,11,6.0,2,No,0,No,,
PHC-0755,Ilemela HC,2024-01-31,65,Female,Rural,Secondary,Trader,Widowed,N,161.5,46.4,17.8,Current,Moderate,Low,Yes,No,134,85,5.3,1.55,2.5,3.2,5.2,56,135,4.5,9,13.0,0,1,102,No,,
PHC-1222,Kisesa HC,25-Aug-2024,50,Male, Urban , Secondary ,Trader,Married,Yes,168.4,65.7,23.2,Never,Moderate,High,No,0,142,101,5.5,1.24,3.1,2.6,5.6,75,140,4.1,8,15.0,0,Yes,98,Y,Good,No
PHC-1129,Bugando PHC,27/01/2024,60,Male,Rural,Primary,Professional,Single,No,165.6,69.4,25.3,Never,Heavy,Moderate,No,No,143,92,6.0,1.44,3.1,1.9,5.2,58,139,4.6,9,11.5,0,1,20,No,,
PHC-0199,Ilemela HC,2024-05-20,54,Male,Rural,Primary,Farmer,Divorced,0,178.2,71.4,22.5,Never,Moderate,Moderate,No,No,139,85,4.8,1.41,2.7,1.7,999,77,133,4.1,9,4.8,0,0,0,No,,
PHC-1084,Nyamagana PHC,2024-04-08,39,male,Urban,Primary, Trader ,Widowed,Yes,170.5,92.6,31.9,Never,Moderate,Moderate,Yes,No,146,77,4.0,1.09,1.7,2.3,999,58,143,4.5,10,3.4,1,Yes,92,Yes,Poor,No
PHC-0923, Buzuruga PHC ,24/07/2024,62,Male,Urban,Primary,Trader,Married,Yes,169.4,58.0,,Never,None,Low,1,No,136,101,6.8,1.9,3.4,2.4,6.6,74,139,4.3,12,7.8,1,1,59,Yes,Good,No
PHC-0405,Bugando PHC,2024-10-25,53,Female,Urban,Secondary,Trader,Married,No,155.2,78.9,32.8,NA,None,High,No,0,144,96,5.6,1.1,3.4,1.7,5.5,71,141,4.3,11,10.0,1,1,98,No,,
PHC-1063,Bugando PHC,2024-09-23,44,Male,Urban,Secondary,Trader,Married,No,178.1,100.7,31.7,Never,None,Moderate,No,N,145,85,5.7,1.13,3.4,2.5,3.7,99,138,4.4,17,,1,1,37,No,,
PHC-0484,Bugando PHC,08/04/2024,72,male,Urban,Primary,Farmer,Single,No,177.6,86.5,27.4,NA,None,Low,Yes,0,164,80,NA,1.57,2.5,0.9,5.9,79,140,4.6,4,10.9,0,Yes,89,Yes,Poor,No
PHC-0159, Ilemela HC ,02/12/2024,37,m,Rural,None,Trader,Widowed,Yes,171.2,91.8,31.3,Never,Moderate,High,Yes,No,150,73,4.4,1.43,1.9,1.5,4.9,49,138,3.4,10,4.5,1,Yes,35,No,,
PHC-0316,Bugando PHC,08-Jan-2024,54,female, Rural , Secondary ,Farmer,Married,No,169.2,70.3,24.6,Current,Moderate,Low,No,No,148,88,2.8,1.32,1.0,0.8,5.7,101,139,4.5,NA,7.3,0,Yes,40,No,,
PHC-0257,Buzuruga PHC,2024-05-31,54,Male,Rural,Primary,Unemployed,Divorced,No,151.4,60.2,26.3,Current,None,Low,No,No,138,99,4.6,1.51,2.1,1.7,6.3,108,141,4.3,10,11.7,0,Yes,92,No,,
PHC-0008, Igoma HC ,2024-09-28,47,Female,Rural,Secondary,Other,Widowed,No,169.2,76.6,26.8,Former,None,Low,No,No,148,88,3.9,1.42,1.1,2.2,5.2,60,140,3.9,14,5.2,0,Yes,51,Yes,Poor,No
PHC-1191,Kisesa HC,2024-07-28,37,Female,Rural,Secondary,Professional,Widowed,Yes,162.8,93.2,35.2,Never,Moderate,Moderate,Yes,No,140,97,5.9,1.41,3.2,2.4,5.9,66,143,3.7,10,6.3,1,Yes,64,No,,
PHC-0385,Nyamagana PHC,2024-06-09,49,F,Urban,Secondary,Professional,Widowed,No,158.0,53.6,NA,Never,None,Moderate,0,N,121,67,5.6,0.91,3.3,1.9,3.8,58,135,4.8,9,22.7,0,No,0,0,,
PHC-0178,Igoma HC,17/10/2024,50,Female,Rural,Primary,Trader,Married,No,161.5,69.0,26.5,Never,None,Low,No,No,151,78,3.9,1.49,1.1,2.3,5.0,51,143,3.9,16,5.4,0,Yes,48,No,,
PHC-1446,Nyamagana PHC,2024-11-08,64,Female,Urban,None,Unemployed,Widowed,No,154.2,61.3,25.8,Never,Heavy,Low,No,No,129,82,4.8,1.08,2.9,0.9,5.3,94,139,4.1,6,3.6,0,No,0,0,,
PHC-0315,Buzuruga PHC,2024-10-13,62,Male,Urban,Primary,Other,Married,No,176.2,90.7,29.2,Never,None,Low,No,No,141,78,6.8,1.3,4.3,2.0,5.2,53,136,3.8,15,,1,1,110,Yes,Poor,No
PHC-0358,Buzuruga PHC,2024-09-05,48,Male,Urban,Tertiary, Farmer ,Single,No,181.5,86.0,26.1,Never,None,Low,No,No,173,79,4.3,0.96,2.6,2.2,4.4,83,141,3.7,16,9.1,0,Y,110,1,Good,No
PHC-0299,Bugando PHC,2024-03-02,50,m,Rural,Secondary,Farmer,Widowed,1,170.4,84.5,29.1,Never,Moderate,Low,No,No,140,76,6.0,1.03,3.9,1.7,4.9,90,140,3.9,13,16.3,0,Yes,9,Yes,Poor,No
PHC-0456,Nyamagana PHC,24/02/2024,64,Female,Rural,Tertiary,Trader,Married,Yes,156.5,72.7,29.7,Never,Moderate,Low,Yes,N,135,97,5.4,1.39,3.1,1.4,5.2,66,139,4.0,16,11.1,0,Yes,50,1,Poor,No
PHC-0544,Kisesa HC,2024-02-17,52,Male,Rural, Tertiary ,Unemployed,Married,Yes,176.5,86.0,27.6,Never,None,Moderate,No,No,167,108,5.5,1.62,2.4,0.6,7.1,85,144,4.1,16,4.2,1,Yes,82,Yes,Good,No
PHC-0663,Igoma HC,2024-09-22,51,Female,Rural,Primary,Professional,Single,No,170.8,73.9,25.3,Never,None,High,No,No,164,88,4.2,0.94,NA,0.7,3.8,80,136,3.8,8,6.9,0,Yes,40,No,,
PHC-0597,Buzuruga PHC,21/03/2024,33,Male,Urban,Secondary,Unemployed,Married,No,165.3,45.0,16.5,Never,Heavy,Moderate,No,No,136,70,4.9,1.64,1.9,0.4,5.7,59,138,4.2,14,3.4,0,N,0,No,,
PHC-0899,Kisesa HC,2024-02-12,46,Male,Urban,Primary,Unemployed,Married,No,173.7,61.0,20.2,Former,Moderate,Low,No,No,114,86,3.8,1.3,1.2,1.7,6.5,72,136,3.7,11,3.7,0,0,0,No,,
PHC-0965, Bugando PHC ,2024-05-30,18,Male,Rural,Primary,Professional,Married,Yes,163.0,76.5,28.8,Never,Heavy,Low,No,No,158,79,5.0,1.26,2.5,2.4,5.8,60,136,3.8,6,5.6,0,Y,82,No,,
PHC-0528,Buzuruga PHC,2024-07-13,59,Male,Rural,None,Other,Single,Yes,165.4,96.3,35.2,Never,Heavy,High,Yes,Yes,133,72,5.2,0.56,3.3,2.3,9.4,104,139,4.5,9,5.7,3,No,0,No,,
PHC-1351,Buzuruga PHC,2024-02-05,18,Male,Urban,Secondary,Trader,Single,Yes,168.2,67.2,23.8,Current,None,Low,N,No,98,86,4.2,1.17,1.5,1.2,5.3,93,135,4.2,,1.3,0,No,0,0,,
PHC-0160,Igoma HC,14/04/2024,42,Female,Rural,Primary,Farmer,Married,Yes,158.2,67.6,27.0,Never,None,Low,No,No,178,91,5.5,0.77,2.9,2.6,6.1,78,136,4.5,13,NA,0,Yes,97,Yes,Poor,No
PHC-0931,Nyamagana PHC,17-Jan-2024,44,Female,Rural,None,Unemployed,Married,No,164.0,97.6,36.3,Never,None,Low,No,No,147,77,6.1,1.52,3.5,2.3,6.2,74,135,4.5,9,8.8,1,Yes,111,Yes,Poor,No
PHC-0361,Igoma HC,2024-09-23,44,Female,Urban,Primary,Trader,Widowed,Yes,160.6,51.9,20.1,Never,None,High,1,No,122,79,6.1,1.24,3.4,1.5,5.9,65,139,4.2,12,14.1,0,0,0,No,,
PHC-1321,Buzuruga PHC,2024-01-24,43,M,Urban,Tertiary,Trader,Married,No,167.6,NA,26.1,Former,Heavy,Moderate,1,No,158,79,4.4,1.17,1.6,1.7,3.5,75,139,3.2,12,7.6,0,Yes,111,No,,
PHC-0203,Kisesa HC,2024-11-07,53,Female,Rural,Primary, Professional ,Single,No,159.9,90.2,35.3,Never,Moderate,Low,Yes,0,172,80,4.8,1.8,2.1,2.4,6.7,88,141,4.5,11,4.6,1,1,23,Yes,Good,No
PHC-1323,Ilemela HC,19/01/2024,59,Female,Urban,Primary,Unemployed,Married,No,156.8,63.9,26.0,Never,None,Low,No,0,137,108,4.3,1.67,1.4,2.1,6.0,82,141,4.4,8,1.8,0,Y,69,No,,
PHC-1466,Kisesa HC,2024-01-22,64,Female,Urban,Primary,Farmer,Divorced,0,154.2,57.1,24.0,Never,Moderate,Low,No,0,113,95,5.5,1.37,3.3,2.1,5.1,87,139,3.5,11,5.8,0,1,47,No,,
PHC-0113,Kisesa HC,02/09/2024,57,Female,Rural,Secondary,Professional,Married,No,167.9,103.5,36.7,Never,None,Moderate,0,No,156,80,5.0,1.69,2.2,1.7,5.1,68,141,4.4,9,5.0,1,Yes,115,No,,
PHC-0889,Nyamagana PHC,03-Jul-2024,39,Female,Rural,None,Professional,Married,Yes,165.5,76.2,27.8,Current,Heavy,Low,Yes,0,138,99,6.7,1.13,4.4,1.4,6.1,51,142,4.5,7,4.3,2,Yes,54,No,,
PHC-0308,Nyamagana PHC,2024-09-02,47,Male,Rural, None ,Trader,Single,N,166.4,64.3,23.2,Current,None,Low,Yes,No,150,68,5.3,1.28,3.2,2.1,4.5,96,137,4.1,,6.9,1,Yes,21,No,,
PHC-0894,Igoma HC,2024-07-16,60,Female, Urban ,Primary, Farmer ,Widowed,Yes,161.4,66.4,25.5,Never,Heavy,Low,No,No,116,78,5.2,1.89,2.2,2.2,3.0,73,137,3.7,10,5.9,0,No,0,No,,
PHC-0423,Kisesa HC,2024-11-15,58,Male,Rural,Secondary,Farmer,Married,No,173.3,74.1,24.7,Current,Heavy,High,No,No,114,81,4.3,1.31,1.6,0.4,3.7,75,137,5.1,7,9.3,0,No,0,No,,
PHC-1436,Ilemela HC,20-Feb-2024,56,Female,Rural,Primary,Other,Divorced,Yes,161.7,61.5,23.5,Former,None,Low,Yes,N,148,88,4.6,1.3,2.4,1.6,4.1,92,142,4.6,6,5.6,0,Yes,3,Yes,Poor,No
PHC-1110,Kisesa HC,24/06/2024,46,M,Urban,Secondary,Trader,Married,Yes,166.2,69.7,25.2,Never,Moderate,Low,No,No,139,56,4.4,1.43,2.4,2.2,4.9,64,139,4.2,9,26.5,0,No,0,No,,
PHC-0944,Ilemela HC,2024-04-10,36,Female,Urban,Primary,Professional,Married,No,158.7,73.1,,Never,None,Low,No,No,162,97,3.9,1.26,1.4,1.9,3.9,65,136,3.7,6,6.4,0,Yes,118,N,,
PHC-0460, Nyamagana PHC ,2024-06-29,68,Female,Rural,Secondary, Unemployed ,Married,Yes,157.5,50.8,20.5,Never,Moderate,High,Yes,No,143,85,-99,1.61,1.7,0.8,5.5,85,137,3.4,10,8.5,0,Yes,97,Yes,Poor,No
PHC-0979, Buzuruga PHC ,2024-11-26,64,Male,Urban,Primary,Unemployed,Married,N,172.9,82.4,NA,Never,None,Moderate,Yes,0,117,97,6.6,1.36,4.8,1.6,4.8,107,135,4.8,10,0.7,1,Yes,84,Yes,Good,No
PHC-1296,Igoma HC,2024-10-17,42,M,Rural,Secondary,Unemployed,Married,0,170.9,57.1,19.6,Never,None,Low,Yes,No,133,60,4.9,1.63,2.0,1.8,999,73,145,4.1,17,14.5,1,N,0,No,,
PHC-0817,Ilemela HC,2024-06-20,63,Male,Rural,None,Unemployed,Single,Yes,165.6,77.3,28.2,Never,None,Low,N,No,157,76,6.3,0.61,4.2,1.3,4.9,89,138,4.6,8,5.9,1,Y,73,No,,
PHC-1094,Ilemela HC,19/08/2024,50,female,Urban,None,Other,Married,Y,161.0,48.5,18.7,Never,None,Low,No,No,153,97,5.8,1.27,3.7,1.6,5.6,72,135,4.3,10,7.4,0,Yes,18,No,,
PHC-0450,Nyamagana PHC,24-Feb-2024,62,f,Rural,None,Trader,Married,Yes,158.5,45.3,18.0,,Moderate,Moderate,Yes,0,155,108,4.7,1.47,2.6,1.4,5.9,112,134,4.8,9,7.6,1,Yes,66,Yes,Good,No
PHC-1174,Buzuruga PHC,2024-02-15,49,Female,Rural,,Trader,Married,No,156.6,58.8,24.0,Never,Heavy,Moderate,Yes,No,120,98,5.4,1.22,2.9,1.1,5.0,105,133,3.7,17,4.3,0,Yes,109,Yes,Poor,No
PHC-0680, Bugando PHC ,11/09/2024,41,Female,Urban,Primary,Trader,Married,Yes,163.9,78.2,29.1,Never,None,Moderate,Yes,No,144,75,3.0,1.75,1.0,2.7,4.4,84,136,4.8,17,3.5,1,Yes,53,Yes,Good,No
PHC-0693,Ilemela HC,2024-01-13,57,f,Urban,Primary,Unemployed,Widowed,Y,155.8,NA,23.0,Never,Moderate,Low,No,0,121,91,5.4,2.04,2.1,1.9,6.2,100,140,4.2,9,3.6,0,Y,75,Y,Good,No
PHC-0976,Ilemela HC,2024-10-04,41,Male,Urban,None, Unemployed ,Single,Yes,172.2,117.1,39.5,Never,None,Moderate,No,No,163,86,6.6,1.73,3.8,2.8,5.2,121,140,4.4,9,1.6,2,Yes,56,No,,
PHC-0081,Nyamagana PHC,2024-02-06,54,Female,Urban, Tertiary ,Farmer,Married,No,162.3,82.1,31.2,Never,None,Low,No,No,145,91,6.0,1.14,4.3,2.2,4.8,40,144,4.0,14,5.7,1,Yes,54,Yes,Poor,No
PHC-1310,Ilemela HC,2024-06-19,53,Female,Rural,Primary,Trader,Divorced,No,163.3,61.7,23.1,Former,None,Low,Yes,0,107,80,6.3,1.96,,1.1,6.7,78,138,4.1,2,14.8,1,No,0,No,,
PHC-0987,Bugando PHC,05/08/2024,59,f,Rural,None,Farmer,Married,Yes,161.8,61.5,23.5,Never,None,Moderate,No,No,111,88,5.5,1.49,3.1,2.4,4.9,98,139,3.8,7,6.0,0,No,0,No,,
PHC-0778,Bugando PHC,2024-10-17,41,Male,Rural,Primary,Professional,Married,Yes,169.6,90.3,31.4,Never,None,Low,No,N,153,78,4.5,1.62,1.4,1.8,5.2,96,140,4.3,12,15.4,1,Yes,47,No,,
PHC-0216,Kisesa HC,2024-04-05,48,Male,Urban,Secondary,Unemployed,Single,No,171.7,74.7,25.3,NA,None,Moderate,No,No,155,94,3.3,1.84,1.0,2.5,4.6,54,137,4.0,NA,7.4,0,Yes,38,Yes,Poor,No
PHC-0955,Nyamagana PHC,2024-05-12,62,Male,Rural,Secondary,Other,Married,Y,163.2,84.8,31.8,Never,Moderate,Moderate,Yes,0,119,86,6.3,1.3,3.5,1.2,5.1,92,138,3.9,14,,2,No,0,0,,
PHC-0031,Bugando PHC,02/10/2024,36,Male,Rural,Primary,Trader,Married,No,165.6,79.1,28.8,Never,None,Moderate,No,No,130,85,6.0,1.84,3.3,1.4,4.7,68,142,4.1,13,10.2,0,No,0,N,,
PHC-0243,Kisesa HC,11/01/2024,45,female,Urban,None,Other,Married,1,163.9,76.4,28.4,Current,None,Low,No,No,124,112,4.7,1.3,2.3,2.0,5.8,110,137,4.5,6,0.9,0,Yes,53,No,,
PHC-0984,Nyamagana PHC,2024-11-30,44,F,Rural,Secondary,Unemployed,Divorced,Yes,165.1,55.5,20.4,Never,Moderate,High,No,No,116,81,3.9,1.8,1.2,1.7,,102,136,4.5,10,14.1,0,No,0,No,,
PHC-0642,Bugando PHC,2024-05-14,78,male,Rural,Tertiary, Professional ,Single,N,162.5,74.7,28.3,Never,None,Moderate,No,No,147,92,8.3,0.98,,2.2,7.3,79,142,4.2,5,7.3,1,1,35,N,,
PHC-0697,Bugando PHC,2024-08-11,65,Male,Rural,Secondary,Professional,Married,No,175.8,81.8,26.5,Current,None,Low,0,No,185,89,5.0,1.1,3.0,1.6,5.8,77,140,4.3,14,10.3,0,Yes,6,Yes,Poor,No
PHC-0210,Igoma HC,2024-10-21,61,Male,Rural,None,Farmer,Widowed,No,180.9,101.9,31.1,Never,None,Low,No,No,151,67,5.0,1.47,3.0,3.0,5.6,55,140,3.4,11,5.3,1,Yes,67,Yes,Good,No
PHC-0831, Buzuruga PHC ,2024-05-29,61,Male,Rural,None,Other,Married,No,165.0,72.0,26.4,Never,Moderate,Low,Yes,No,156,77,4.4,1.46,1.4,1.7,,119,136,3.5,11,5.3,0,Yes,94,0,,
PHC-0771,Bugando PHC,2024-11-10,58,Male,Rural,None,Farmer,Divorced,No,168.7,98.6,34.6,Current,None,Moderate,No,No,155,85,6.6,1.28,4.6,2.4,5.1,100,139,4.6,7,10.1,2,Yes,25,1,Good,No
PHC-0753,Ilemela HC,2024-09-23,36,female,Urban,None,Trader,Single,Yes,164.5,73.5,27.2,NA,None,Low,No,No,133,85,5.8,1.31,3.6,2.4,5.4,108,137,4.6,11,0.3,0,No,0,No,,
PHC-1306,Kisesa HC,2024-06-11,49,Female,Rural,Primary,Unemployed,Married,No,159.2,63.0,24.9,Never,Moderate,Moderate,0,N,174,63,4.1,1.39,1.4,1.4,6.5,57,139,4.8,10,5.5,0,Yes,48,No,,
PHC-0436,Nyamagana PHC,2024-07-13,39,Female,Rural,Secondary,Trader,Divorced,No,147.3,73.1,33.7,Former,Moderate,Moderate,Yes,No,161,70,5.9,1.14,3.0,1.8,6.2,62,135,4.3,13,25.8,2,Yes,79,No,,
PHC-1313,Ilemela HC,2024-08-18,77,Male, Rural ,Secondary,Farmer,Married,No,164.6,70.4,26.0,Former,None,Moderate,Yes,No,169,96,5.6,1.09,3.2,2.8,5.6,75,137,4.0,13,4.1,0,1,51,1,Poor,No
PHC-1405,Igoma HC,2024-09-01,92,m,Urban,Primary,Farmer,Widowed,No,169.6,45.6,15.9,Never,Moderate,Low,Yes,0,111,91,4.1,1.75,1.2,0.4,6.0,60,141,4.3,5,0.4,0,Yes,93,Yes,Poor,No
PHC-1095,Ilemela HC,2024-10-22,50,Female,Rural,Secondary,Professional,Married,N,156.9,51.6,21.0,Current,None,Low,No,No,121,80,7.1,0.93,4.9,1.1,5.8,79,141,4.7,10,6.7,1,N,0,0,,
PHC-1368,Ilemela HC,2024-06-26,18,Male,Rural,Primary,Farmer,Married,Yes,176.3,76.9,24.7,Current,None,Moderate,Yes,No,132,83,4.1,1.51,1.1,1.5,4.7,99,140,4.4,17,13.2,0,1,96,Yes,Good,Yes
PHC-0689,Nyamagana PHC,2024-03-18,34,Female,Rural,Primary,Other,Married,No,170.7,7,33.6,Never,Moderate,Moderate,0,0,130,87,4.5,0.82,2.1,2.3,4.0,69,136,3.7,8,18.7,1,No,0,No,,
PHC-0552,Bugando PHC,25/04/2024,69,F,Urban,Primary,Trader,Single,No,160.5,73.7,28.6,Never,Moderate,Low,No,No,182,82,4.2,1.29,1.2,2.1,6.1,109,136,4.4,14,3.3,1,Yes,80,1,Poor,No
PHC-0545,Ilemela HC,2024-02-05,79,Female,Rural,Primary,Trader,Married,No,165.7,42.0,15.3,Current,None,Low,Yes,No,164,83,NA,0.95,,1.3,4.6,100,139,4.4,11,4.2,1,Y,82,No,,
PHC-1045,Igoma HC,2024-07-21,61,female,Rural,Primary,Professional,Single,Yes,165.1,82.2,30.2,Never,Heavy,Low,1,No,132,103,-99,1.36,3.5,1.6,5.6,116,138,3.6,,4.7,1,Yes,114,No,,
PHC-1052,Bugando PHC,19-Jun-2024,37,Female,Rural,Primary,Unemployed,Widowed,Yes,159.4,57.3,22.6,Never,Moderate,Low,Yes,No,101,92,3.6,1.0,1.6,1.4,5.9,75,141,3.9,7,7.4,0,Yes,32,No,,
PHC-0862,Kisesa HC,2024-07-05,25,Male,Urban,Primary,Other,Married,Yes,170.0,97.5,33.7,Never,None,Moderate,No,No,148,80,5.3,1.21,2.6,1.0,4.5,102,137,4.3,9,2.2,1,1,112,No,,
PHC-0994,Kisesa HC,2024-01-11,33,Male,Urban,Primary, Trader ,Married,No,180.4,93.7,28.8,Current,Moderate,Low,N,No,120,80,4.1,1.16,1.6,1.7,7.2,48,137,4.8,5,1.8,0,0,0,No,,
PHC-0404,Buzuruga PHC,2024-09-08,54,M,Urban,Secondary,Unemployed,Single,No,167.3,89.5,32.0,Current,None,Moderate,No,No,172,65,5.2,1.0,3.2,2.0,6.1,103,140,3.8,14,5.0,1,Yes,59,No,,
PHC-1481,Ilemela HC,2024-10-18,61,Male,Urban,Primary,Farmer,Single,Yes,161.6,61.0,23.4,Never,Moderate,Moderate,No,No,160,94,3.8,1.3,1.1,2.4,5.8,74,145,4.3,8,22.7,0,1,79,No,,
PHC-0363,Ilemela HC,2024-05-23,43,Female,Urban,Secondary,Trader,Widowed,Yes,165.1,66.9,24.5,Never,None,Low,No,No,152,93,6.3,1.39,4.0,1.1,4.1,71,138,4.3,7,8.1,1,Y,15,Yes,Poor,No
PHC-0272,Kisesa HC,2024-01-24,55,female,Urban,Primary,Trader,Married,N,156.6,62.8,25.6,NA,Moderate,Low,Yes,No,152,85,3.5,1.05,1.9,2.3,5.8,80,136,4.1,9,0.8,0,Yes,84,Yes,Good,No
PHC-0467,Ilemela HC,2024-05-17,34,Male,Rural,Primary,Trader,Married,No,184.5,82.0,24.1,Never,Heavy,Low,Yes,No,137,73,6.4,2.1,3.9,2.0,4.9,40,135,4.3,6,,1,No,0,No,,
PHC-1338,Ilemela HC,25/06/2024,23,Male,Rural,Primary,Other,Single,No,166.3,60.6,21.9,Never,None,Low,Yes,No,110,76,4.8,0.72,3.0,1.6,8.0,69,139,4.8,12,13.0,1,No,0,0,,
PHC-1276,Buzuruga PHC,2024-03-13,71,Female, Urban ,None,Farmer,Married,No,153.9,61.3,25.9,Current,Moderate,Low,No,No,127,75,5.1,1.53,2.9,1.7,5.1,97,136,5.0,11,2.5,0,No,0,N,,
PHC-0937,Igoma HC,2024-09-30,52,M,Rural,Primary,Professional,Divorced,Yes,178.0,97.1,30.6,Never,Moderate,Moderate,Y,No,109,110,4.0,1.34,NA,1.7,8.3,85,138,3.5,10,5.9,1,Yes,22,No,,
PHC-0278,Bugando PHC,2024-05-28,56,Female,Rural,Tertiary,Trader,Married,No,158.0,NA,23.6,Current,None,High,Yes,No,163,85,4.9,1.83,2.1,1.7,5.7,88,133,4.2,13,7.6,0,Yes,26,Yes,Poor,No
PHC-1336,Bugando PHC,17/04/2024,47,m,Urban,,Unemployed,Married,Yes,164.2,78.4,29.1,Never,None,Moderate,No,N,117,91,4.7,1.17,2.6,1.8,4.9,93,140,3.7,10,11.8,0,Yes,71,Yes,Poor,No
PHC-1495,Bugando PHC,2024-10-04,56,Male,Rural,Primary,Farmer,Married,Y,171.3,67.5,23.0,Never,None,High,No,No,132,93,-99,0.77,2.6,0.5,999,111,142,4.1,8,33.0,0,Yes,25,No,,
PHC-0961,Igoma HC,18/08/2024,68,Male,Rural,Tertiary,Unemployed,Married,No,164.8,85.9,31.6,Current,None,High,No,No,139,88,3.4,0.97,1.6,1.5,4.7,81,137,3.1,9,6.5,1,No,0,No,,
PHC-0442,Ilemela HC,23/04/2024,51,Male,Urban,Secondary,Unemployed,Widowed,N,166.3,86.1,31.1,Never,None,Moderate,No,No,139,95,6.6,1.2,4.5,1.7,7.1,74,137,4.9,7,3.8,2,Yes,68,0,,
PHC-1199,Igoma HC,2024-04-08,62,Female,Rural,Secondary,Other,Married,1,159.5,49.0,19.3,Never,None,Moderate,Yes,No,133,87,5.6,1.72,2.8,1.3,3.6,60,137,4.4,14,,0,No,0,No,,
PHC-0787,Kisesa HC,2024-10-26,38,Female,Rural,Secondary,Farmer,Married,No,166.7,53.6,19.3,Current,Moderate,Moderate,No,No,90,64,4.0,1.98,1.0,3.1,6.2,79,138,4.4,15,4.4,0,No,0,No,,
PHC-1153,Buzuruga PHC,2024-02-20,34,Male, Urban ,Primary,Unemployed,Married,No,166.1,75.1,27.2,Never,None,Low,1,0,114,89,4.9,1.11,2.7,2.2,5.1,93,142,3.8,12,8.9,0,No,0,No,,
PHC-0443,Kisesa HC,2024-10-23,68,Female,Urban,Primary,Farmer,Single,No,156.8,83.3,33.9,Never,None,Low,No,No,131,71,7.2,0.98,5.0,2.1,5.2,75,141,4.8,1,8.0,3,0,0,No,,
PHC-0300,Igoma HC,2024-11-26,74,Female,Urban,None,Trader,Single,No,152.5,80.0,34.4,Never,Moderate,Low,Yes,N,165,101,3.9,1.03,2.4,1.2,5.7,102,141,4.2,4,4.8,1,1,23,No,,
PHC-1184,Bugando PHC,2024-02-01,33,Female,Urban,None,Trader,Widowed,Y,159.6,68.0,26.7,Never,Moderate,Low,No,No,143,89,3.0,1.83,1.0,1.9,6.5,81,140,3.6,7,4.0,1,Yes,4,No,,
PHC-0376,Bugando PHC,2024-09-13,41,F,Rural,Primary,Trader,Widowed,Yes,158.0,74.9,30.0,Never,None,Low,Yes,No,168,72,5.0,0.56,3.4,2.3,6.2,73,137,5.1,12,5.1,1,1,75,No,,
PHC-1090,Nyamagana PHC,2024-04-15,61,Female,Urban,,Professional,Married,Yes,152.4,66.6,28.7,Never,None,Low,No,0,150,95,3.6,1.1,1.1,2.5,4.2,74,136,3.9,9,NA,0,Yes,89,Y,Poor,No
PHC-1121,Bugando PHC,2024-06-07,44,Female,Urban,Primary,Farmer,Married,No,154.6,64.4,26.9,Never,None,Low,No,No,159,67,6.1,0.72,4.5,1.3,5.4,86,137,4.3,13,4.4,0,Yes,81,No,,
PHC-1353,Kisesa HC,2024-04-27,72,Male,Urban,Tertiary,Unemployed,Widowed,No,173.3,75.2,25.0,Never,None,Low,0,No,131,88,4.6,1.62,1.9,2.1,5.7,100,139,4.4,13,0.2,0,No,0,No,,
PHC-1370,Kisesa HC,17/10/2024,54,Female,Urban,Primary,Unemployed,Married,Yes,164.2,82.5,30.6,Never,Moderate,Low,Yes,No,137,75,4.7,1.72,1.5,1.1,5.7,76,133,4.1,13,1.2,1,No,0,N,,
PHC-0473,Ilemela HC,2024-07-14,53,Female,Rural,Tertiary,Trader,Married,No,154.8,71.5,29.8,Never,None,High,No,N,161,82,6.6,1.35,4.0,2.5,5.5,97,140,4.2,10,18.8,1,Yes,22,No,,
PHC-0881,Kisesa HC,2024-02-25,45,Female,Rural,None,Unemployed,Married,Yes,154.9,61.3,25.5,Current,Heavy,Moderate,No,No,140,90,4.5,1.44,1.8,3.1,4.3,80,139,5.4,9,8.9,0,Yes,73,No,,
PHC-0564,Bugando PHC,2024-04-30,62,Female,Urban,Primary,Farmer,Married,No,164.1,71.0,26.4,Never,None,High,No,N,145,85,6.2,0.83,3.9,2.5,6.0,112,138,4.5,16,NA,0,1,95,No,,
PHC-1360,Igoma HC,21/10/2024,38,Male,Rural,Secondary,Other,Married,Yes,185.9,58.4,16.9,Current,Heavy,Moderate,Yes,N,134,92,2.8,1.71,1.0,1.5,5.6,102,133,4.1,11,5.8,0,Yes,54,No,,
PHC-0751,Ilemela HC,2024-03-23,53,Male,Urban,Primary,Trader,Divorced,No,172.1,98.3,33.2,Never,None,Low,N,0,143,84,6.0,1.09,3.5,2.0,5.8,69,141,4.2,11,7.5,1,Yes,72,1,Good,No
PHC-0389,Nyamagana PHC,14/01/2024,62,M,Rural,None,Farmer,Widowed,No,178.8,85.7,26.8,Never,None,Moderate,Yes,0,157,89,5.8,1.44,3.6,2.5,4.8,75,140,3.9,5,4.2,0,Y,92,No,,
PHC-0023,Bugando PHC,2024-03-29,61,Female,Rural,Secondary,Farmer,Single,No,159.9,83.5,32.7,Never,Heavy,Low,N,No,156,95,4.6,1.13,2.1,1.8,5.0,63,143,4.3,12,,1,Yes,8,Yes,Poor,No
PHC-1482,Igoma HC,03-Mar-2024,28,Male,Urban,None,Trader,Married,No,165.2,99.4,36.4,Never,None,Moderate,Yes,No,162,101,4.5,1.64,1.3,2.3,6.5,52,140,4.0,10,0.9,2,1,79,No,,
PHC-0125,Buzuruga PHC,2024-05-03,34,Female,Urban,Secondary,Unemployed,Single,N,150.0,55.5,24.7,Current,None,Moderate,N,0,148,94,5.8,0.98,4.0,1.5,3.8,85,142,4.5,13,20.1,0,1,54,No,,
PHC-0424,Buzuruga PHC,2024-09-19,83,f,Rural,None,Professional,Single,No,154.8,58.4,24.4,Never,Moderate,Moderate,No,No,176,76,6.2,1.63,3.3,2.0,4.7,115,146,4.4,14,6.0,1,Yes,101,Yes,Poor,No
PHC-0774,Nyamagana PHC,2024-01-25,50,Female,Urban,Primary,Professional,Single,No,157.8,73.6,29.6,Never,Heavy,High,N,No,159,90,5.1,1.58,2.2,1.8,6.0,87,143,3.7,12,13.2,0,Y,33,No,,
PHC-1346,Buzuruga PHC,2024-07-13,53,Male,Urban,None,Trader,Married,No,162.5,87.0,32.9,Never,None,High,Yes,0,141,75,3.6,1.6,1.0,2.3,5.8,104,140,3.8,6,8.5,1,1,22,N,,
PHC-0471,Ilemela HC,2024-03-27,52,Female, Rural ,None,Professional,Single,Yes,167.3,46.6,16.6,Never,Moderate,Low,No,No,145,77,4.5,1.22,2.6,1.6,6.2,67,141,4.5,18,5.3,1,Yes,50,1,Poor,No
PHC-0722,Ilemela HC,2024-05-03,46,Female,Rural,Primary,Farmer,Married,No,163.6,70.8,26.5,Current,None,Low,No,No,118,86,6.3,1.2,3.9,1.1,4.5,112,140,3.7,5,11.2,1,No,0,No,,
PHC-1375,Ilemela HC,21/05/2024,48,Male,Rural,Tertiary,Unemployed,Married,No,175.1,85.7,28.0,Never,Moderate,Low,N,No,141,84,6.2,1.48,3.6,1.2,6.1,79,139,3.8,10,,0,Yes,65,No,,
PHC-1500,Kisesa HC,2024-01-15,48,female,Rural, Primary ,Unemployed,Married,Yes,167.3,54.6,19.5,Current,None,Low,Yes,0,132,71,4.5,1.83,1.6,0.4,5.9,94,144,4.6,12,11.2,0,No,0,No,,
PHC-0143,Buzuruga PHC,2024-04-28,54,Female,Urban,Primary,Professional,Divorced,No,156.0,56.3,23.1,Never,Moderate,Low,1,No,164,85,6.2,1.39,NA,0.9,4.4,82,147,3.8,14,3.1,0,1,17,Yes,Poor,No
PHC-0051,Nyamagana PHC,2024-09-02,61,Male,Rural,Primary,Unemployed,Married,Yes,162.4,67.6,25.6,Never,None,Moderate,No,N,145,59,4.4,1.38,2.0,1.8,4.3,120,139,5.0,8,14.8,1,Yes,72,No,,
PHC-1400,Ilemela HC,2024-03-02,31,Male,Rural,None,Farmer,Single,0,175.1,89.3,29.1,Never,Heavy,Low,No,No,152,113,4.7,1.37,1.7,2.7,4.6,77,141,4.6,12,5.1,0,Y,43,No,,
PHC-1083,Ilemela HC,2024-04-27,43,Female,Urban, Secondary ,Unemployed,Single,N,164.0,NA,25.5,Current,None,Moderate,Yes,0,115,72,3.9,0.93,1.6,1.6,3.6,93,141,3.8,17,5.1,0,No,0,No,,
PHC-0624,Nyamagana PHC,16/10/2024,62,female,Urban,None,Trader,Single,No,157.9,73.3,29.4,Never,Heavy,Moderate,No,N,166,91,4.2,1.25,1.8,2.0,5.2,65,133,3.7,11,2.6,0,Yes,1,Yes,Poor,No
PHC-1088,Bugando PHC,2024-07-31,39,Female, Urban ,Primary,Unemployed,Widowed,No,156.5,70.2,28.7,Never,None,Low,No,No,172,86,6.3,1.21,4.1,2.6,5.5,71,143,3.8,17,4.6,1,1,39,No,,
PHC-0082,Nyamagana PHC,2024-04-21,38,Male, Rural ,Secondary,Farmer,Widowed,Yes,177.6,47.3,15.0,Former,None,Low,0,No,96,106,6.6,1.11,4.2,1.4,5.6,80,141,3.9,11,17.3,1,Yes,36,No,,
PHC-0704,Bugando PHC,2024-01-12,36,Male,Rural,Secondary,Unemployed,Married,Yes,183.1,87.4,26.1,Never,None,High,0,No,130,104,3.9,1.26,1.4,1.8,7.2,80,138,4.3,13,4.9,0,1,119,1,Good,No
PHC-0483, Buzuruga PHC ,2024-08-04,57,Male,Rural,Secondary,Trader,Married,No,168.0,47.6,16.9,Never,None,Low,No,No,107,104,6.1,1.53,3.4,1.4,5.3,99,143,4.2,3,11.2,0,Yes,117,No,,
PHC-0322,Nyamagana PHC,29/01/2024,59,Female, Urban ,Tertiary,Professional,Married,1,163.8,61.2,22.8,Former,Moderate,Moderate,Yes,No,130,83,4.6,1.03,2.1,0.8,6.1,76,141,3.9,15,13.3,0,No,0,No,,
PHC-1251,Nyamagana PHC,2024-04-26,65,f,Urban,Primary, Farmer ,Single,Yes,155.7,57.7,23.8,Never,None,Low,No,No,151,87,4.7,1.14,,2.0,6.8,40,139,5.0,5,14.0,0,Yes,117,1,Poor,No
PHC-0506,Buzuruga PHC,2024-02-17,68,female,Urban,Primary,Professional,Single,Yes,149.9,59.6,26.5,Former,Moderate,Moderate,Y,0,102,61,4.7,1.13,2.8,1.8,6.8,117,145,4.3,11,0.7,0,Yes,62,Yes,Poor,Yes
PHC-1426,Nyamagana PHC,26-Oct-2024,69,m, Rural ,Primary,Unemployed,Single,No,165.3,69.3,25.4,Current,None,Low,No,No,133,88,5.2,0.68,3.6,2.3,5.5,82,137,4.5,9,15.0,0,No,0,N,,
PHC-0842,Buzuruga PHC,2024-01-27,64,Male,Urban,Primary, Farmer ,Single,No,163.2,40.0,15.0,Never,None,Low,N,No,122,98,2.9,1.22,1.0,2.3,3.9,109,134,4.1,10,2.8,0,1,54,Yes,Good,No
PHC-0067,Bugando PHC,2024-04-25,35,Female,Urban,,Unemployed,Single,Yes,159.4,82.8,32.6,Never,None,Low,No,No,165,113,3.5,1.37,1.0,2.0,5.6,57,139,4.3,15,6.8,1,Yes,77,Yes,Good,No
PHC-1282,Igoma HC,2024-11-07,46,female,Rural,Primary,Farmer,Widowed,No,154.1,65.6,27.6,Former,None,Moderate,Yes,0,150,93,5.1,1.47,2.7,2.6,5.0,91,141,5.0,8,6.8,0,Y,104,Yes,Good,No
PHC-1463,Kisesa HC,2024-07-06,51,m,Rural,Secondary,Unemployed,Divorced,No,169.3,91.4,31.9,Former,Moderate,Moderate,No,No,140,98,7.7,0.5,6.0,2.3,7.9,40,135,4.0,3,7.8,3,1,19,No,,
PHC-1327,Bugando PHC,2024-08-02,38,Female,Rural,Primary,Trader,Married,N,167.1,63.4,22.7,Former,Moderate,Moderate,No,No,131,79,4.1,1.39,NA,1.3,,65,136,3.7,10,5.5,0,No,0,No,,
PHC-0802,Ilemela HC,28/08/2024,49,Male,Rural,Secondary, Unemployed ,Single,No,167.9,65.0,23.1,Former,Moderate,High,1,N,121,94,3.5,1.06,1.8,3.8,6.0,106,139,3.6,5,14.0,0,1,80,No,,
PHC-0852, Buzuruga PHC ,2024-10-06,56,Female,Rural,None,Trader,Married,No,165.1,66.1,24.2,Never,Moderate,Low,No,No,138,79,5.5,1.68,2.7,2.1,6.3,96,146,4.2,15,8.6,0,Yes,18,N,,
PHC-0032,Buzuruga PHC,2024-10-10,25,Male,Urban,Primary,Farmer,Widowed,0,170.8,84.3,28.9,Former,None,Low,No,No,158,70,6.2,1.17,3.4,1.4,6.3,109,136,3.9,10,10.3,0,Yes,27,Yes,Poor,No
PHC-0796,Buzuruga PHC,18/11/2024,72,Male,Rural,Primary,Unemployed,Single,No,167.8,73.8,26.2,Never,Moderate,Moderate,0,Yes,117,66,3.1,1.09,1.0,1.7,8.7,101,132,3.8,8,26.9,1,0,0,No,,
PHC-0418,Buzuruga PHC,2024-09-09,70,Female,Rural,None, Professional ,Widowed,No,156.7,60.7,24.7,Former,None,Moderate,N,No,131,87,5.2,1.17,2.4,0.4,4.4,82,136,4.4,12,5.5,0,Yes,15,No,,
PHC-0633,Nyamagana PHC,2024-09-22,29,male,Urban,Secondary,Unemployed,Married,0,166.2,101.6,36.8,Never,None,Moderate,N,0,131,88,4.5,0.89,2.0,1.1,5.2,97,137,4.3,13,5.0,1,No,0,No,,
PHC-1075,Kisesa HC,2024-04-14,86,f,Urban,None,Trader,Widowed,No,159.5,68.4,26.9,Former,None,Low,Yes,No,143,90,4.5,1.62,1.6,1.1,5.4,89,141,4.4,12,10.0,0,Yes,11,Yes,Good,No
PHC-0065,Nyamagana PHC,2024-07-06,70,Male,Rural,None,Unemployed,Single,Yes,171.0,72.7,24.9,Never,None,Moderate,Y,No,129,87,5.2,1.11,3.6,2.6,5.2,81,145,4.5,NA,14.2,0,0,0,No,,
PHC-0140,Ilemela HC,06/02/2024,44,Female,Rural,Tertiary,Unemployed,Single,N,152.3,66.2,,Never,Moderate,Low,N,No,150,83,5.3,1.42,3.1,2.8,6.0,87,143,4.0,14,17.1,0,Yes,86,No,,
PHC-1355,Kisesa HC,2024-03-14,38,Male,Rural,None,Trader,Divorced,Yes,161.6,68.5,26.2,Never,None,Low,Yes,No,155,82,3.3,1.72,1.0,2.1,5.0,69,141,4.6,15,10.9,0,Y,119,Yes,Good,No
PHC-1202, Buzuruga PHC ,30/04/2024,53,Male,Urban,Primary,Trader,Single,Yes,169.2,,25.7,Never,None,High,N,No,111,76,,1.16,1.7,1.7,4.6,63,142,3.8,7,2.3,1,Yes,68,No,,
PHC-0078,Ilemela HC,2024-07-22,43,F, Rural ,Primary,Trader,Married,No,159.9,65.2,25.5,Former,None,High,No,No,118,100,5.4,1.21,3.4,1.5,4.3,100,135,3.7,10,11.0,0,Y,2,Yes,Good,No
PHC-0492,Bugando PHC,01/02/2024,54,Female,Urban,Secondary,Unemployed,Married,Y,168.0,62.7,22.2,Never,None,High,No,No,123,78,5.1,1.31,2.8,1.1,999,74,139,4.1,6,25.8,0,0,0,0,,
PHC-1057,Ilemela HC,29/01/2024,40,F,Rural, Secondary ,Farmer,Divorced,No,165.6,86.2,31.4,Never,Moderate,Moderate,Yes,No,139,80,3.9,0.91,2.1,2.2,3.4,61,136,4.3,9,4.8,1,0,0,No,,
PHC-1138,Nyamagana PHC,2024-09-27,59,Female,Urban,Secondary,Farmer,Divorced,No,164.6,40.7,15.0,Never,None,Moderate,1,No,142,91,5.3,1.16,3.7,2.0,5.6,82,139,4.2,5,0.5,0,Yes,42,N,,
PHC-0533,Kisesa HC,2024-03-31,54,Female,Rural,Primary,Farmer,Single,No,163.8,65.7,24.5,Never,None,Moderate,No,No,168,88,4.1,1.4,1.7,1.2,5.8,113,139,3.6,6,19.3,1,1,92,Yes,Poor,No
PHC-0066, Nyamagana PHC ,2024-10-08,58,Male,Urban,Secondary,Farmer,Married,No,176.7,119.8,38.4,,Moderate,High,Yes,0,177,76,4.9,1.05,3.6,1.7,4.8,90,142,3.3,15,6.9,1,Y,104,Y,Good,No
PHC-1263,Bugando PHC,2024-05-15,59,Male,Urban,Primary,Professional,Divorced,Yes,179.7,87.6,27.1,Current,Moderate,Low,No,No,127,77,6.3,1.58,3.5,1.1,5.9,121,142,3.1,7,0.2,1,Yes,59,No,,
PHC-0908, Nyamagana PHC ,06/09/2024,48,Female,Urban,Secondary,Unemployed,Divorced,1,152.8,67.7,29.0,Former,Moderate,Low,Yes,No,143,97,6.0,0.78,4.2,1.5,5.1,44,143,5.1,13,4.4,0,Yes,102,Yes,Good,No
PHC-1258,Ilemela HC,2024-09-21,57,f, Rural ,None,Farmer,Married,Yes,162.9,91.0,34.3,Never,Moderate,Moderate,No,N,146,93,5.2,0.75,2.8,2.3,7.0,84,142,4.5,9,NA,1,Yes,25,No,,
PHC-0297,Buzuruga PHC,03/03/2024,59,Female,Rural,Primary,Other,Married,Yes,152.0,68.1,29.5,Never,None,Moderate,No,N,152,97,4.1,1.57,2.1,2.3,5.9,48,136,4.0,8,4.4,0,Yes,28,1,Poor,No
PHC-0592,Nyamagana PHC,14/07/2024,43,Female,Urban,Primary,Farmer,Widowed,No,175.3,69.8,22.7,Never,None,Low,Yes,No,125,80,6.6,1.17,4.6,1.8,5.1,98,141,5.1,10,13.4,1,No,0,No,,
PHC-0420,Bugando PHC,2024-06-14,62,F,Rural,,Farmer,Single,No,159.0,59.1,23.4,Never,None,Low,No,No,117,91,5.7,1.19,2.9,1.0,4.2,114,138,5.2,7,21.7,0,Yes,67,No,,
PHC-0768, Bugando PHC ,23/01/2024,32,Female,Urban,Primary,Farmer,Single,N,158.3,81.4,32.5,Never,None,Moderate,Yes,N,0,73,3.8,1.57,1.0,1.7,4.8,91,139,4.4,16,14.3,1,0,0,N,,
PHC-0439,Nyamagana PHC,21/08/2024,31,Male,Rural,None,Farmer,Married,Yes,181.1,101.6,31.0,Current,None,High,No,No,146,87,3.2,1.55,1.0,0.7,3.0,97,136,3.7,9,7.6,1,Yes,89,No,,
PHC-0262,Bugando PHC,2024-03-04,34,Female,Urban,Primary,Trader,Widowed,Yes,165.4,68.3,25.0,Never,None,Moderate,No,N,133,80,5.1,1.38,2.6,0.6,5.2,55,136,3.9,9,9.2,0,0,0,No,,
PHC-0973,Ilemela HC,2024-08-15,50,female,Rural,None,Trader,Married,No,147.4,67.1,30.9,Current,None,Moderate,No,No,157,88,5.4,1.14,3.1,2.3,5.0,89,142,4.7,9,7.4,1,Yes,7,No,,
PHC-0725,Ilemela HC,2024-05-18,26,Female,Urban,Secondary,Professional,Married,No,169.3,90.6,31.6,Never,Moderate,Low,No,No,135,93,6.6,1.72,3.4,1.0,6.0,72,135,4.1,5,7.3,2,Yes,47,Y,Poor,No
PHC-1389,Ilemela HC,10/09/2024,26,Female,Rural,Tertiary,Farmer,Single,1,152.6,47.4,20.4,Current,None,Low,No,No,133,88,5.7,2.13,2.4,0.7,5.4,66,135,4.0,12,5.7,0,Yes,88,Yes,Poor,Yes
PHC-0282,Ilemela HC,2024-04-19,51,Male,Urban,Tertiary,Trader,Single,No,177.6,86.6,27.5,Never,Moderate,Low,No,No,147,97,3.8,1.14,1.5,0.6,5.2,64,136,4.3,9,0.2,0,Yes,95,No,,
PHC-0627,Kisesa HC,07/08/2024,66,Male,Urban,None,Other,Married,No,178.3,95.1,29.9,Former,None,Moderate,Yes,No,137,73,4.0,1.21,1.6,2.6,6.4,60,139,4.3,7,7.8,0,No,0,No,,
PHC-1278,Nyamagana PHC,28/02/2024,45,Male, Rural ,Primary,Trader,Single,1,167.7,84.2,29.9,Never,Moderate,High,N,No,144,83,4.9,1.87,1.2,1.1,5.2,84,138,4.5,10,11.8,0,Yes,6,No,,
PHC-1055,Ilemela HC,2024-05-03,38,m, Rural ,None,Farmer,Married,No,168.0,90.8,32.2,Never,None,Moderate,1,No,162,93,4.8,1.42,2.2,1.5,6.4,71,140,4.4,13,6.4,1,Y,77,No,,
PHC-1452,Kisesa HC,05-Feb-2024,45,f,Rural,None,Unemployed,Married,No,155.4,61.9,25.6,Never,Moderate,Low,Yes,No,113,84,6.5,1.23,4.1,3.0,6.7,98,136,4.6,8,13.5,1,1,47,No,,
PHC-0189,Nyamagana PHC,2024-10-10,39,female,Rural,Tertiary,Unemployed,Married,Yes,155.0,NA,31.6,Current,None,Low,No,No,136,91,5.4,0.91,3.5,2.1,5.3,61,141,5.0,9,7.0,1,Yes,85,No,,
PHC-1206,Bugando PHC,23/11/2024,53,Female,Rural,Tertiary,Trader,Married,No,143.6,52.0,999,Never,None,Low,No,No,142,100,4.5,1.38,1.9,1.1,5.6,73,140,3.8,7,8.4,0,Yes,47,No,,
PHC-0252,Kisesa HC,2024-06-04,46,Female,Urban,Tertiary,Farmer,Married,No,158.3,76.7,30.6,Former,None,Low,0,No,138,82,5.1,1.03,3.1,3.0,3.8,78,139,4.3,5,3.1,1,No,0,No,,
PHC-0584, Buzuruga PHC ,2024-02-28,46,Female, Rural ,None, Professional ,Single,0,166.9,63.2,22.7,Never,None,Moderate,Yes,No,147,99,5.0,1.31,2.1,2.8,4.0,94,143,3.7,10,5.5,0,Yes,10,No,,
PHC-1384,Kisesa HC,2024-01-28,40,F,Urban,Tertiary,Farmer,Married,Y,165.3,77.3,28.3,Never,Moderate,Moderate,No,No,180,98,5.6,1.03,3.4,1.3,4.8,108,137,3.2,9,5.7,0,1,64,1,Poor,No
PHC-1372, Bugando PHC ,2024-10-17,30,f,Rural,Secondary,Trader,Married,No,162.4,72.6,999,Never,None,Low,Yes,No,144,94,6.4,1.06,4.4,1.4,6.0,95,142,4.0,2,10.6,2,Yes,55,No,,
PHC-1445,Ilemela HC,2024-05-21,55,Female,Urban,Tertiary,Trader,Single,No,156.7,64.1,999,Never,Moderate,Moderate,0,No,143,104,4.8,1.87,2.0,2.0,4.3,93,141,4.5,10,7.8,1,Yes,36,Yes,Poor,No
PHC-0515,Buzuruga PHC,2024-07-29,54,Male, Rural ,Primary, Other ,Married,N,166.5,69.0,24.9,Never,None,Low,No,No,166,95,-99,1.81,1.4,1.5,5.6,113,139,3.8,7,10.7,0,Yes,93,Yes,Good,No
PHC-1437,Kisesa HC,02/08/2024,68,female,Urban, None ,Other,Married,0,170.3,45.0,15.5,Never,None,Low,Yes,No,138,86,5.8,1.37,3.5,0.4,6.3,94,140,4.2,14,7.4,0,0,0,No,,
PHC-0949, Buzuruga PHC ,2024-10-15,63,Female,Rural,Primary,Trader,Married,No,155.7,68.1,28.1,Never,Moderate,High,0,No,113,80,5.8,0.78,3.6,1.9,6.0,74,141,4.7,7,5.9,0,No,0,No,,
PHC-1419,Bugando PHC,08/11/2024,33,Female,Urban,Primary,Trader,Widowed,Yes,168.0,94.6,33.5,Current,None,Low,Yes,No,154,76,5.3,1.23,3.4,2.8,3.9,47,140,4.0,7,3.4,1,Yes,109,Yes,Good,No
PHC-0707,Bugando PHC,2024-06-02,57,Female,Urban,Primary,Professional,Married,No,155.5,71.3,29.5,Never,None,Low,1,No,160,84,6.0,1.48,2.8,1.5,5.0,87,140,3.8,12,1.4,0,Yes,108,No,,
PHC-0488,Kisesa HC,2024-09-03,57,f,Urban,Primary,Other,Divorced,Yes,164.0,80.4,29.9,Current,Moderate,Moderate,0,No,148,84,-99,1.7,NA,2.7,6.4,120,144,5.2,12,4.9,0,Yes,39,1,Poor,No
PHC-0664,Ilemela HC,2024-04-02,52,Female,Rural,, Trader ,Widowed,No,17,63.9,25.2,Never,None,Low,No,No,102,61,4.3,1.5,1.9,1.0,6.7,108,136,4.5,13,5.9,0,No,0,No,,
PHC-1473,Buzuruga PHC,2024-01-28,82,F,Rural,Secondary,Other,Married,No,166.0,103.4,37.5,Never,Heavy,Moderate,No,No,193,96,5.1,1.41,3.2,1.7,999,79,139,4.4,14,6.1,1,Yes,14,N,,
PHC-1145,Ilemela HC,26/03/2024,29,female,Rural,None,Farmer,Single,Yes,160.8,62.7,NA,Never,None,Moderate,Yes,No,134,86,5.2,1.71,2.2,2.2,4.4,66,141,4.7,9,6.6,0,No,0,No,,
PHC-0274,Bugando PHC,2024-04-03,84,Male,Rural,Secondary,Trader,Divorced,No,166.4,68.3,24.7,Current,None,Low,0,No,103,97,3.0,0.98,1.3,1.6,7.4,40,133,4.4,1,7.5,0,Yes,69,No,,
PHC-0686,Nyamagana PHC,2024-06-16,57,male,Rural,Secondary,Professional,Married,Yes,167.5,81.6,29.1,Never,None,Low,N,No,143,92,4.1,1.51,1.5,0.6,5.9,45,133,4.8,16,11.3,0,Yes,102,Yes,Poor,No
PHC-1124,Ilemela HC,2024-10-02,64,Female,Urban,Secondary,Professional,Married,Yes,170.3,74.8,25.8,Never,None,Moderate,No,No,124,82,5.1,1.13,3.1,1.6,5.5,90,138,3.4,9,11.0,0,Yes,110,Yes,Poor,Yes
PHC-1247,Ilemela HC,2024-06-21,65,Male,Rural,Secondary,Farmer,Widowed,No,173.1,55.1,18.4,Never,None,Moderate,No,N,116,72,4.1,1.42,1.1,2.4,999,83,137,4.4,14,7.4,0,N,0,No,,
PHC-0878,Kisesa HC,2024-04-01,77,Female,Urban,Secondary,Trader,Single,Yes,160.5,51.1,19.8,Never,None,Moderate,Yes,Yes,136,88,NA,1.47,4.1,0.6,6.7,100,140,4.1,16,13.2,1,No,0,No,,
PHC-1051,Buzuruga PHC,2024-02-27,43,Female,Rural,Primary,Other,Single,Y,147.7,61.0,28.0,Never,None,Low,Y,No,129,73,5.0,1.21,2.7,2.7,4.8,76,139,3.9,7,NA,0,No,0,No,,
PHC-1352,Ilemela HC,2024-08-08,52,Female,Urban, None ,Farmer,Married,No,150.1,38.9,17.3,Never,None,High,No,No,115,91,5.7,1.36,3.3,1.0,4.7,100,135,4.5,14,0.3,0,Y,41,No,,
PHC-0449,Buzuruga PHC,28-May-2024,71,Female,Urban,Secondary,Trader,Married,No,152.0,66.0,28.6,Never,None,Moderate,No,No,131,104,6.1,1.42,4.0,3.3,5.9,78,136,4.5,17,8.4,0,1,7,0,,
PHC-0412,Bugando PHC,23/04/2024,69,Male,Rural,None,Other,Married,0,182.8,95.4,28.5,Former,Moderate,Low,1,No,146,81,7.5,1.38,5.0,0.9,6.8,125,137,4.0,17,15.6,1,Yes,40,No,,
PHC-0459, Nyamagana PHC ,27/08/2024,55,Female,Rural,Secondary,Trader,Married,Y,154.0,,24.0,Former,Moderate,Moderate,Yes,No,143,68,2.8,1.09,1.0,1.2,7.3,75,134,4.2,10,5.2,0,Yes,2,Yes,Poor,No
PHC-0377,Bugando PHC,2024-11-02,60,Female, Urban ,Primary,Trader,Married,No,167.5,57.7,20.6,Current,None,Low,No,No,151,82,5.5,1.57,NA,1.6,6.0,93,142,4.2,9,1.6,0,Yes,12,No,,
PHC-1309,Buzuruga PHC,26/10/2024,52,f,Urban,Tertiary,Professional,Married,No,163.2,59.0,22.2,Never,None,Low,N,No,119,89,4.4,1.47,2.1,2.2,4.6,113,138,4.1,8,0.4,0,No,0,No,,
PHC-0668,Nyamagana PHC,2024-05-04,41,Female,Rural,Primary,Professional,Married,Yes,156.2,55.4,22.7,Never,Moderate,Low,No,No,159,94,4.2,1.36,1.8,2.1,,74,142,4.4,12,30.5,0,Yes,71,Yes,Good,No
PHC-1242,Buzuruga PHC,22-May-2024,44,Female,Rural,Secondary,Farmer,Single,N,152.8,66.6,28.5,Former,None,Moderate,Yes,No,143,76,,0.95,5.4,1.6,3.0,68,137,4.3,16,4.9,1,Yes,21,No,,
PHC-0150,Ilemela HC,2024-08-07,66,Male,Rural,Primary,Farmer,Married,Yes,165.3,68.9,25.2,Former,Heavy,Low,1,No,119,69,4.3,1.79,1.4,0.9,4.9,80,139,4.4,17,6.1,1,0,0,N,,
PHC-0929,Bugando PHC,2024-02-09,52,Male,Rural,Primary,Other,Married,1,163.7,NA,32.7,,None,High,No,No,169,79,3.5,1.12,2.1,1.4,5.2,71,136,4.8,10,,1,1,81,Yes,Good,No
PHC-1200,Ilemela HC,2024-03-28,77,Female,Urban,Primary,Trader,Married,No,152.7,64.4,27.6,,Moderate,Moderate,0,No,155,95,4.9,1.25,2.0,2.3,4.5,83,141,4.4,9,0.2,0,Yes,97,N,,
PHC-0734,Bugando PHC,2024-02-02,35,f,Urban,Primary,Farmer,Married,N,166.9,79.5,28.5,Current,Moderate,Low,0,0,123,61,3.3,1.24,1.0,2.6,5.5,93,136,4.2,15,8.3,0,No,0,0,,
PHC-0219, Bugando PHC ,2024-07-16,65,Female,Urban,Primary,Trader,Married,No,156.4,50.4,20.6,Never,Moderate,Low,No,0,123,91,3.5,0.77,2.1,2.4,4.2,81,143,3.9,11,5.3,1,1,118,0,,
PHC-0240,Igoma HC,26/01/2024,50,Male,Urban,Primary,Professional,Divorced,No,163.2,66.0,24.8,Former,Heavy,Low,Yes,No,107,102,4.3,1.37,2.1,0.6,4.9,98,143,3.8,7,0.4,0,1,25,No,,
PHC-1105,Ilemela HC,2024-08-29,71,Male,Urban,Tertiary,Trader,Single,No,174.9,76.0,24.8,Never,None,Moderate,Yes,No,139,82,4.6,0.91,2.7,2.0,6.6,55,137,3.5,6,3.8,1,No,0,No,,
PHC-0868, Kisesa HC ,2024-06-23,51,Male,Urban,Tertiary,Trader,Married,No,166.7,86.3,31.1,Former,Moderate,Low,0,No,113,104,4.4,1.51,1.8,0.6,6.4,106,138,3.7,9,3.6,2,1,64,0,,
PHC-0726,Kisesa HC,2024-08-06,49,m,Urban, Secondary ,Unemployed,Married,No,165.3,95.3,34.9,Never,None,Low,N,No,166,77,6.7,1.39,4.7,1.1,6.9,94,136,3.5,17,7.1,3,Yes,17,1,Poor,No
PHC-0193,Bugando PHC,13/02/2024,52,Male,Urban,Tertiary,Unemployed,Single,0,167.8,78.6,27.9,Former,None,Moderate,Yes,No,141,75,5.7,2.06,2.1,3.0,3.9,52,144,4.9,10,5.5,0,Yes,91,1,Good,No
PHC-0793,Igoma HC,2024-10-13,43,Female,Rural,Secondary,Unemployed,Married,Yes,155.6,42.1,17.4,Former,Heavy,Low,Y,No,118,84,5.8,1.39,3.7,1.7,4.3,41,136,3.9,11,5.3,1,Yes,17,Yes,Poor,Yes
PHC-0192,Bugando PHC,01-Aug-2024,39,male,Urban,Primary,Trader,Widowed,No,169.2,42.9,15.0,Never,Heavy,Low,Y,No,124,83,6.2,1.47,3.6,0.4,5.8,91,138,3.5,10,0.2,0,1,32,No,,
PHC-0934,Bugando PHC,03/05/2024,33,m,Urban,Secondary,Farmer,Divorced,1,180.8,49.0,15.0,Former,None,Low,Y,No,130,88,3.9,1.5,1.5,1.4,5.7,67,138,4.1,16,8.3,0,N,0,No,,
PHC-1119,Kisesa HC,13/07/2024,52,Female,Rural, Primary ,Trader,Married,No,163.6,51.1,19.1,Never,Moderate,Moderate,No,No,119,90,4.9,0.85,2.6,1.6,6.2,110,137,3.5,12,8.9,0,Yes,29,N,,
PHC-0964,Bugando PHC,2024-01-25,70,f,Urban, Tertiary ,Farmer,Single,No,165.9,92.9,33.8,Never,Heavy,Low,No,No,170,73,4.9,1.2,2.7,1.4,4.6,83,144,4.9,9,1.8,1,1,27,No,,
PHC-0645,Bugando PHC,28-Feb-2024,52,F,Rural,Tertiary,Farmer,Married,No,166.0,95.0,34.5,Never,Heavy,Moderate,N,No,149,95,7.2,1.79,,1.8,5.4,90,144,3.9,12,5.6,3,Yes,76,No,,
PHC-0360,Bugando PHC,2024-03-27,34,Male, Rural ,Primary,Farmer,Married,Yes,169.2,64.9,22.7,Never,Moderate,Low,Yes,No,700,81,6.0,0.84,3.6,1.9,4.4,61,142,4.9,14,4.5,0,Y,48,Yes,Poor,No
PHC-1280,Bugando PHC,2024-08-16,67,Female,Urban,Secondary,Trader,Widowed,0,159.9,95.4,37.3,Never,None,High,No,No,156,89,7.0,1.32,4.7,3.0,4.9,104,140,4.1,5,6.0,3,1,2,Yes,Poor,No
PHC-1454,Ilemela HC,16/01/2024,66,Female,Rural,Secondary, Trader ,Widowed,Y,154.2,63.5,26.7,Never,Moderate,High,Yes,No,139,86,5.3,0.91,3.3,1.9,5.8,76,141,3.8,,7.5,1,No,0,No,,
PHC-0017,Igoma HC,2024-01-08,56,M,Rural,Secondary, Unemployed ,Married,0,172.3,76.3,25.7,Never,Heavy,Moderate,No,No,177,95,5.0,1.69,2.0,0.7,4.1,57,143,4.4,13,7.8,0,1,119,Yes,Poor,No
PHC-0334,Buzuruga PHC,26/11/2024,59,Male,Rural,Tertiary,Farmer,Married,No,187.7,90.8,NA,Never,None,Low,No,No,138,88,6.0,1.15,3.8,1.4,6.2,77,138,5.2,13,7.2,0,Y,10,No,,
PHC-1209,Bugando PHC,2024-06-01,47,Male,Rural, Secondary ,Professional,Married,0,164.8,80.3,29.6,Never,Heavy,High,1,No,133,91,5.1,1.58,2.3,3.7,5.6,79,136,3.1,14,4.2,0,Y,72,No,,
PHC-0583,Ilemela HC,20-Jun-2024,69,m,Urban,None,Farmer,Widowed,Yes,169.0,71.8,25.1,Current,Moderate,Low,0,No,122,73,5.7,0.92,,1.8,4.2,99,141,4.7,13,2.4,1,No,0,No,,
PHC-1424, Ilemela HC ,2024-11-20,50,Female,Urban, Secondary ,Farmer,Married,No,162.9,60.7,22.9,Never,Moderate,Low,0,No,120,97,7.1,1.87,4.4,1.5,5.3,118,139,3.9,5,10.1,1,Yes,19,No,,
PHC-1072,Kisesa HC,2024-05-15,69,Female,Urban,None,Trader,Divorced,No,168.0,72.6,25.7,Never,None,Low,0,No,123,95,6.4,1.39,4.0,2.6,5.2,97,140,3.7,12,5.4,1,Yes,11,Yes,Poor,No
PHC-0840, Bugando PHC ,2024-04-24,43,Male,Urban,Secondary,Farmer,Divorced,No,167.6,59.6,21.2,Never,Moderate,Low,No,0,152,66,3.8,1.47,1.6,2.3,6.5,89,138,4.5,4,12.8,0,Yes,22,N,,
PHC-0628,Kisesa HC,2024-04-15,52,Female,Rural,Secondary,Trader,Married,No,151.6,66.8,NA,Current,None,Low,0,0,149,98,5.9,1.51,3.4,2.0,999,91,141,5.0,8,8.2,1,Yes,118,Yes,Good,No
PHC-1394,Nyamagana PHC,2024-11-30,19,Female,Urban,Primary,Trader,Married,Yes,158.1,65.6,26.2,Never,None,Moderate,0,No,170,93,5.0,1.14,3.1,2.3,,82,137,4.0,7,12.1,0,Yes,99,Y,Good,No
PHC-0324,Igoma HC,2024-07-18,60,Female,Rural,None,Trader,Single,No,157.2,72.5,29.3,Never,Moderate,Low,No,0,144,87,-99,1.06,1.8,2.2,999,92,137,3.9,18,6.2,0,Yes,52,N,,
PHC-0825,Kisesa HC,2024-09-07,51,male,Urban,Primary,Unemployed,Married,N,180.3,117.7,36.2,Never,None,Low,Yes,N,170,66,3.1,1.45,1.0,1.6,6.4,117,137,4.4,7,7.2,1,1,42,Yes,Poor,No
PHC-1227,Nyamagana PHC,2024-10-13,25,Female,Rural,Secondary,Farmer,Married,Yes,164.7,78.5,28.9,,None,Low,No,0,126,85,6.2,1.15,3.8,1.2,5.3,71,140,4.2,16,4.2,0,No,0,No,,
PHC-0632,Buzuruga PHC,2024-07-24,63,Male,Urban,Primary,Other,Married,Yes,166.7,65.2,23.5,Never,Heavy,Low,No,0,142,114,4.8,0.73,3.1,2.1,6.7,77,139,4.4,11,4.5,0,Yes,71,Yes,Good,No
PHC-1038,Igoma HC,18/10/2024,58,Female,Rural,Primary, Trader ,Single,Yes,168.1,48.9,17.3,Never,None,Moderate,Yes,No,120,70,5.8,1.1,3.6,1.0,4.5,113,140,3.7,9,9.2,0,Yes,80,No,,
PHC-1179,Bugando PHC,2024-08-24,57,Female,Rural, None ,Professional,Married,0,150.9,52.6,23.1,Former,Heavy,Moderate,1,No,165,98,4.3,1.14,2.1,0.7,4.5,70,140,3.8,8,8.3,0,Y,114,No,,
PHC-0779,Ilemela HC,2024-08-16,50,Female,Rural,Primary,Farmer,Single,No,146.7,65.1,30.2,Current,None,Moderate,1,No,127,66,5.1,1.6,2.2,1.1,5.2,42,135,4.3,17,27.3,1,No,0,No,,
PHC-1039,Nyamagana PHC,2024-05-27,54,Female,Rural,None,Trader,Widowed,No,162.7,,33.5,Former,None,Low,No,0,147,91,5.4,1.24,3.0,2.1,5.4,103,140,4.5,16,5.1,1,Yes,95,No,,
PHC-0940,Bugando PHC,2024-06-10,61,Female,Rural,None, Farmer ,Married,No,162.4,80.5,30.5,Former,None,Moderate,No,No,163,98,4.5,1.1,2.5,2.8,6.0,64,140,4.6,12,6.8,1,Yes,56,1,Good,No
PHC-0856,Bugando PHC,2024-09-11,33,Male,Rural,Tertiary,Farmer,Married,No,175.4,59.8,19.4,Current,Moderate,Low,No,No,133,104,3.8,1.51,1.0,2.0,5.3,94,138,4.4,13,7.8,0,Yes,81,1,Poor,No
PHC-0438,Nyamagana PHC,2024-08-05,33,Female, Urban ,None,Trader,Married,Yes,166.7,55.8,20.1,Never,None,Moderate,0,No,146,88,3.9,1.26,1.3,1.9,5.6,89,142,3.6,10,5.9,0,Yes,86,No,,
PHC-0120,Bugando PHC,26/09/2024,79,Female,Urban,Primary,Trader,Married,No,156.3,76.0,31.1,Former,None,Low,1,Yes,167,78,4.2,1.46,1.5,3.2,10.1,77,145,5.3,14,19.7,2,Yes,48,1,Good,No
PHC-1059,Nyamagana PHC,2024-09-05,66,f,Rural,Primary, Trader ,Married,Yes,163.7,75.6,28.2,Never,Heavy,Low,No,No,201,87,5.3,1.32,2.7,1.3,5.2,88,139,4.6,9,11.8,0,1,5,N,,
PHC-1167,Igoma HC,2024-05-29,43,Male, Rural ,None, Farmer ,Married,0,163.9,67.2,25.0,Never,Moderate,Low,No,No,115,91,-99,0.75,NA,2.6,6.5,76,145,4.1,8,25.8,0,Yes,94,No,,
PHC-0791,Kisesa HC,2024-10-19,21,Female, Rural ,None,Trader,Married,Yes,156.1,48.9,20.1,Never,None,Moderate,1,0,146,87,5.4,1.81,,1.0,5.4,75,137,4.0,8,6.9,0,Yes,10,No,,
PHC-0342, Buzuruga PHC ,2024-07-10,48,Female,Rural,Primary,Trader,Single,No,160.3,80.7,31.4,Current,None,Low,No,No,158,73,6.6,2.14,3.4,1.3,999,78,138,4.9,13,10.7,2,1,24,No,,
PHC-0816,Buzuruga PHC,20/05/2024,65,Male,Urban, Primary ,Unemployed,Divorced,Yes,183.5,67.2,20.0,Current,None,Moderate,N,0,133,100,5.8,1.88,2.8,1.0,7.0,98,143,3.6,10,10.1,0,Yes,102,0,,
PHC-0003,Buzuruga PHC,01-Oct-2024,57,M,Urban,None,Unemployed,Widowed,No,171.9,66.2,22.4,Never,Moderate,Low,Yes,No,143,81,,0.7,1.6,1.8,6.1,97,139,3.7,6,8.5,0,Yes,1,No,,
PHC-0230,Nyamagana PHC,2024-06-06,48,Male,Rural,Primary,Unemployed,Widowed,No,164.6,89.9,33.2,Never,Moderate,Moderate,1,0,145,74,5.4,1.88,2.8,1.9,4.5,40,145,4.7,17,10.3,1,Yes,106,Yes,Poor,No
PHC-1125,Buzuruga PHC,2024-01-11,27,Female,Urban,Primary,Farmer,Married,No,160.1,85.9,33.5,Never,None,Low,N,N,158,104,3.3,1.58,1.0,2.5,4.5,67,141,4.3,3,4.2,1,1,87,No,,
PHC-1444,Ilemela HC,26/03/2024,54,Female,Urban,None,Unemployed,Widowed,No,154.2,65.5,27.5,Never,None,Low,Yes,No,118,76,4.5,1.1,1.9,2.2,5.4,116,139,3.8,9,6.8,0,N,0,No,,
PHC-0077,Igoma HC,2024-11-07,33,Male,Rural,Primary,Professional,Widowed,No,177.5,79.5,25.2,Never,Moderate,Low,No,No,163,76,3.8,1.08,1.6,1.5,7.7,78,140,3.9,10,10.6,0,Y,113,No,,
PHC-1388,Nyamagana PHC,2024-05-10,39,Female,Urban,Secondary,Unemployed,Married,Yes,163.5,57.2,21.4,Current,Heavy,High,No,No,119,74,,0.6,3.0,0.9,6.1,65,140,3.9,9,10.0,0,No,0,No,,
PHC-1012,Ilemela HC,2024-09-05,56,Male,Rural,None,Farmer,Widowed,Yes,168.5,75.9,999,Never,None,Low,No,No,120,75,4.1,1.36,2.1,1.4,5.6,80,142,4.1,13,6.6,0,No,0,0,,
PHC-1211,Bugando PHC,2024-11-19,38,Male,Rural,Secondary,Other,Widowed,No,171.7,95.0,32.2,Current,None,High,Yes,0,113,74,4.4,1.55,1.4,1.3,3.6,96,142,4.1,15,6.9,2,0,0,No,,
PHC-0372,Buzuruga PHC,2024-11-20,54,m,Urban, Primary ,Unemployed,Married,N,173.2,70.0,23.3,Never,None,Low,No,No,153,79,3.7,1.5,1.3,3.2,4.6,40,137,4.4,9,3.2,0,Y,74,No,,
PHC-0181,Nyamagana PHC,2024-02-12,44,Male,Rural,None,Other,Married,Yes,156.6,65.2,26.6,Never,None,Low,Yes,N,130,76,5.6,1.6,3.0,1.7,5.6,51,136,4.8,10,4.4,0,Yes,96,Yes,Poor,Yes
PHC-1077,Ilemela HC,2024-08-24,46,Female,Urban,Primary,Farmer,Married,Yes,170.9,80.4,NA,Former,Heavy,Moderate,No,N,115,71,5.0,0.82,3.2,1.9,5.7,97,140,4.9,9,NA,0,No,0,No,,
PHC-1474,Ilemela HC,2024-05-12,51,female,Rural,Secondary,Farmer,Married,No,153.3,74.2,31.6,Never,Heavy,Low,No,1,167,71,4.6,1.16,2.6,1.4,7.4,102,141,4.6,9,5.1,2,Yes,29,Yes,Good,No
PHC-0942,Igoma HC,13/05/2024,68,Female,Rural,Secondary,Professional,Single,Yes,160.4,76.2,29.6,Never,None,Low,Yes,No,139,89,5.8,2.45,1.7,1.6,5.2,94,136,4.1,5,6.1,0,No,0,No,,
PHC-0578,Nyamagana PHC,22/05/2024,33,Male,Urban,Tertiary,Professional,Married,1,176.2,74.1,23.9,Never,None,High,Yes,No,139,70,4.4,1.03,,2.0,3.7,61,142,4.0,,9.7,0,No,0,No,,
PHC-0820,Igoma HC,2024-11-26,67,Female,Rural,Secondary,Professional,Married,No,157.5,65.9,26.6,Never,Heavy,Moderate,0,0,187,89,6.1,1.62,2.8,0.4,6.8,82,139,4.6,12,8.4,1,Y,69,0,,
PHC-1096,Bugando PHC,2024-04-16,35,Male,Rural,Primary,Trader,Married,N,172.2,65.9,22.2,Never,Heavy,High,Y,No,136,88,4.0,1.08,1.8,0.7,5.0,97,143,3.6,6,9.7,0,Y,9,No,,
PHC-1114,Ilemela HC,2024-06-26,48,Male,Urban,Secondary,Trader,Widowed,No,169.5,84.6,29.4,Never,None,High,No,No,150,91,4.5,1.12,2.4,1.6,6.6,72,134,4.6,18,3.7,0,Yes,108,No,,
PHC-1290, Bugando PHC ,20/02/2024,57,Male,Urban,None,Professional,Married,No,171.1,69.6,23.8,Never,Moderate,Moderate,Yes,No,154,85,4.3,2.06,1.0,0.4,5.9,76,142,3.9,15,2.7,0,1,44,Yes,Good,No
PHC-1281,Nyamagana PHC,28/09/2024,62,F, Urban ,Primary,Other,Married,N,171.0,79.4,27.2,Never,None,Low,Yes,No,110,76,6.3,1.06,4.3,2.2,6.3,95,144,3.7,2,12.8,2,No,0,N,,
PHC-0063,Bugando PHC,2024-09-16,74,Female,Urban,Secondary,Trader,Widowed,Y,160.9,66.3,25.6,Never,Moderate,Moderate,Yes,No,137,81,4.0,0.97,1.7,2.3,6.1,134,142,4.3,10,4.3,0,No,0,No,,
PHC-0590,Kisesa HC,2024-03-25,57,m,Urban,Secondary,Farmer,Widowed,No,176.7,75.8,24.3,Never,Moderate,Moderate,1,No,139,71,4.9,1.3,NA,1.9,4.6,128,138,4.4,11,13.6,0,No,0,No,,
PHC-0887,Nyamagana PHC,2024-01-18,32,Female,Urban,None,Farmer,Widowed,No,168.5,71.2,25.1,Former,None,High,0,No,126,94,3.6,1.2,1.2,1.8,4.8,90,139,4.1,13,3.7,0,Yes,88,No,,
PHC-0969,Igoma HC,2024-10-25,25,female,Urban,None,Farmer,Divorced,0,165.8,78.4,28.5,Never,None,Low,Yes,No,128,74,4.8,1.02,2.9,0.4,999,61,140,4.9,3,24.2,0,No,0,No,,
PHC-1123,Bugando PHC,2024-03-09,55,Female, Urban ,Primary,Trader,Married,Yes,159.0,73.5,29.1,Former,None,Moderate,0,No,166,64,4.6,0.7,2.6,0.8,7.0,94,140,4.2,14,3.0,0,1,9,Y,Poor,No
PHC-0786,Igoma HC,2024-03-09,43,Male,Urban,None,Trader,Divorced,No,161.8,68.1,26.0,Never,Moderate,Low,No,0,160,97,3.2,1.48,1.0,2.6,5.5,84,139,3.7,11,7.1,0,1,6,0,,
PHC-1488,Nyamagana PHC,2024-02-24,56,Male,Urban,Secondary,Trader,Widowed,No,175.2,89.5,29.2,Never,Heavy,Low,Yes,No,143,70,2.9,1.92,1.0,2.7,5.4,76,138,3.9,11,0.7,0,Yes,112,Yes,Good,No
PHC-0312,Bugando PHC,2024-01-26,59,Female,Rural,Primary, Trader ,Married,Yes,166.2,68.0,24.6,Never,None,High,Yes,No,144,93,5.1,0.62,3.4,1.0,5.6,83,134,4.2,7,13.8,0,Yes,14,No,,
PHC-1203,Bugando PHC,2024-07-14,39,Female,Urban, Tertiary ,Other,Married,0,158.4,63.7,25.4,Current,Moderate,Moderate,No,No,143,90,5.1,1.49,2.3,2.0,4.0,63,140,4.9,16,0.2,0,Yes,56,No,,
PHC-0302,Bugando PHC,06-Jul-2024,70,Male,Urban,Primary,Unemployed,Married,Yes,171.1,97.0,33.1,Current,None,Moderate,No,N,195,73,4.4,0.87,2.8,2.3,,84,142,3.5,13,5.4,2,Yes,16,No,,
PHC-0723,Bugando PHC,2024-03-06,55,Female,Urban,Primary, Farmer ,Married,No,158.0,80.9,32.4,Never,None,Low,Yes,No,142,101,4.6,1.56,2.2,2.6,5.2,79,137,3.5,11,14.0,2,1,2,No,,
PHC-0690,Buzuruga PHC,2024-07-03,55,Male,Rural,Secondary,Other,Married,Yes,165.4,59.3,21.7,Never,None,Low,No,No,142,84,5.9,1.32,3.1,2.1,6.1,56,136,4.2,13,9.5,0,Yes,93,N,,
PHC-0813,Ilemela HC,09/01/2024,91,f,Urban,Secondary,Other,Married,No,163.9,42.7,15.9,Never,Heavy,Low,No,No,137,74,4.7,2.2,1.2,1.0,5.1,84,141,4.2,12,1.7,0,No,0,No,,
PHC-0038,Igoma HC,2024-08-09,63,Female,Rural, Tertiary ,Trader,Married,No,155.1,58.4,24.3,Never,Moderate,Low,No,N,163,88,5.1,1.27,2.8,1.6,4.7,96,137,4.8,6,19.7,0,Yes,110,No,,
PHC-0354,Buzuruga PHC,06-Jul-2024,39,Female,Urban,Secondary,Professional,Divorced,No,156.3,38.5,15.8,Never,Moderate,Moderate,No,N,129,73,5.6,1.41,3.1,1.4,4.4,76,138,4.4,13,2.4,0,No,0,No,,
PHC-1380,Bugando PHC,27/10/2024,48,Female,Rural,None,Unemployed,Married,Yes,162.0,70.6,26.9,Current,None,Low,No,No,143,88,5.2,1.8,2.6,2.3,5.6,53,142,4.1,14,11.5,0,Yes,1,No,,
PHC-0715, Bugando PHC ,17-Feb-2024,31,Female,Rural,Tertiary,Trader,Married,No,156.5,86.2,35.2,Never,Moderate,Low,No,0,137,70,6.1,1.34,3.7,2.1,5.2,56,140,3.7,2,10.2,1,No,0,No,,
PHC-0981,Bugando PHC,2024-04-13,20,Male,Urban,Tertiary,Farmer,Single,1,178.2,86.3,27.2,Never,Moderate,Moderate,No,No,126,93,4.4,0.96,2.6,1.5,4.9,69,141,4.3,18,2.8,0,Yes,41,Yes,Good,No
PHC-0237,Kisesa HC,2024-03-10,18,m,Rural,Primary,Unemployed,Divorced,Yes,172.9,69.5,23.2,Never,None,Low,Yes,0,156,65,5.4,1.81,2.4,2.1,999,70,136,4.5,10,5.2,0,Yes,33,Yes,Poor,No
PHC-1252,Nyamagana PHC,2024-07-11,45,Female,Urban, Secondary ,Farmer,Married,Yes,170.2,82.5,28.5,Never,None,Low,Yes,No,150,72,6.6,1.0,3.9,1.4,5.9,86,141,5.0,15,2.3,2,Yes,77,1,Good,No
PHC-0963,Buzuruga PHC,2024-08-23,43,f,Urban,Primary,Trader,Widowed,Yes,160.9,53.0,20.5,Never,Moderate,High,Yes,0,90,86,6.6,1.44,,2.0,999,74,138,3.6,13,5.9,1,No,0,No,,
PHC-1146,Buzuruga PHC,30-Apr-2024,69,Female,Urban,Primary,Trader,Married,No,159.2,64.7,25.5,Never,None,Moderate,No,N,158,90,5.7,1.33,3.2,1.3,4.7,94,139,3.5,6,5.4,0,Yes,85,No,,
PHC-0730,Kisesa HC,2024-08-19,52,Male,Rural,None,Unemployed,Divorced,Yes,170.1,79.0,27.3,Never,None,Moderate,No,No,150,90,4.7,0.75,2.6,2.4,6.5,91,145,4.3,14,9.4,0,Yes,89,No,,
PHC-1237,Igoma HC,2024-04-24,37,Male,Urban,Tertiary,Unemployed,Married,Yes,161.6,90.5,34.7,Never,None,Low,No,No,143,68,4.5,1.18,1.9,2.7,5.0,55,137,5.2,19,1.0,1,Yes,115,1,Good,No
PHC-1409,Nyamagana PHC,2024-09-14,55,F,Urban, Secondary ,Unemployed,Widowed,Yes,143.2,34.6,16.9,Never,Moderate,Low,N,No,121,88,4.8,1.25,3.2,1.1,4.3,91,141,3.9,7,1.4,1,N,0,No,,
PHC-0500,Igoma HC,29-Feb-2024,61,Female,Rural,,Unemployed,Single,1,156.7,58.7,23.9,Former,Heavy,Moderate,Yes,No,123,89,4.9,1.59,2.0,1.6,6.4,46,138,5.0,12,31.6,0,No,0,No,,
PHC-1239,Nyamagana PHC,05/03/2024,66,Female,Urban,None,Unemployed,Married,0,163.4,96.8,36.3,Never,None,Low,No,N,163,79,5.0,1.58,2.7,2.6,5.5,108,135,4.3,12,3.7,1,Yes,27,Yes,Good,No
PHC-0554,Kisesa HC,2024-02-13,49,Male,Urban,Primary,Farmer,Married,No,166.0,80.6,29.2,Never,Moderate,Moderate,Yes,No,165,69,4.1,1.17,1.7,2.8,4.9,40,138,4.3,11,0.3,0,Yes,57,0,,
PHC-0056,Bugando PHC,2024-05-22,58,Male,Urban,Primary,Trader,Divorced,0,178.7,75.0,23.5,NA,None,Low,N,N,137,84,4.8,1.33,1.9,2.5,4.9,74,143,4.2,11,3.5,0,No,0,No,,
PHC-0303,Buzuruga PHC,2024-11-16,34,Male,Urban,Secondary,Farmer,Married,No,165.2,83.3,30.5,Former,None,Moderate,No,0,147,85,5.3,1.0,2.9,2.3,5.8,85,142,4.3,11,0.3,1,Yes,47,No,,
PHC-0795,Nyamagana PHC,2024-04-04,46,F,Urban,Secondary,Unemployed,Married,No,157.0,94.5,38.3,Never,Moderate,High,No,No,123,88,5.0,0.75,4.0,3.0,5.6,104,133,4.3,12,2.5,1,N,0,No,,
PHC-0287,Igoma HC,15/03/2024,60,Female,Rural,Tertiary,Farmer,Divorced,No,155.1,70.7,29.4,Never,None,Low,Yes,No,143,96,4.3,0.64,2.5,1.9,5.3,71,135,3.4,12,11.1,0,1,50,0,,
PHC-1143,Nyamagana PHC,2024-05-26,55,Female,Rural, Tertiary ,Trader,Widowed,Y,161.4,68.7,26.4,Current,None,High,No,No,149,88,4.4,1.54,2.0,2.6,3.0,141,142,4.4,8,4.9,0,Yes,108,No,,
PHC-0220,Kisesa HC,2024-11-08,50,Male, Urban , Primary ,Unemployed,Married,No,168.1,74.5,26.4,Never,Moderate,Moderate,No,No,177,98,5.4,1.69,2.1,2.1,4.9,102,138,4.4,6,4.1,0,1,14,No,,
PHC-0901,Bugando PHC,2024-07-16,37,Female,Urban,Secondary,Farmer,Married,No,155.2,75.7,31.4,Current,None,Low,No,No,115,88,3.7,0.76,1.3,2.5,7.3,98,139,5.4,11,3.3,1,No,0,No,,
PHC-0991,Buzuruga PHC,2024-01-14,48,Female,Urban,Primary,Unemployed,Married,No,156.7,NA,999,Never,Heavy,Low,No,0,137,87,5.3,2.16,2.0,2.5,7.0,90,143,4.4,12,8.6,0,No,0,0,,
PHC-1026,Ilemela HC,2024-03-21,84,Female,Rural,Primary,Other,Married,No,172.4,,31.1,Former,Moderate,Moderate,No,N,186,100,5.4,1.06,3.7,2.4,4.5,81,138,4.0,9,6.7,1,Yes,38,No,,
PHC-0935,Buzuruga PHC,2024-09-09,75,male,Rural,Secondary,Farmer,Single,No,174.2,95.5,31.5,Never,None,Low,Yes,No,162,91,4.3,1.45,2.2,2.3,5.6,81,142,4.7,7,11.0,1,Yes,33,No,,
PHC-0388,Nyamagana PHC,31-Oct-2024,55,Male,Urban,Primary,Unemployed,Married,No,167.5,75.6,26.9,Current,None,High,Y,No,90,92,4.6,1.78,,0.9,5.8,93,141,3.7,7,16.2,0,Yes,118,No,,
PHC-0305,Kisesa HC,13/01/2024,51,Female,Urban,Primary,Trader,Married,No,156.3,58.8,24.1,Never,Moderate,Moderate,Yes,No,111,84,3.5,0.9,1.5,2.3,999,109,144,3.9,7,6.0,0,No,0,0,,
PHC-0391,Kisesa HC,2024-09-03,57,Female,Rural,Secondary,Farmer,Divorced,0,157.7,74.8,30.1,Former,None,Moderate,0,No,133,82,5.3,1.49,2.4,2.6,999,65,137,4.8,14,12.0,1,0,0,No,,
PHC-0744,Ilemela HC,2024-09-08,56,Female,Rural,Tertiary,Farmer,Widowed,Yes,160.4,68.4,26.6,NA,Moderate,High,No,No,154,85,4.5,1.69,1.4,2.2,5.5,67,138,3.8,9,7.2,0,Yes,51,Yes,Poor,No
PHC-0353,Ilemela HC,2024-05-17,34,Female,Urban,Primary,Other,Single,No,163.9,63.6,23.7,Never,None,Low,No,N,152,77,6.4,1.0,4.4,1.9,4.6,132,140,3.3,10,20.2,1,Yes,72,Yes,Good,No
PHC-0194,Nyamagana PHC,2024-08-07,31,Male, Urban ,None,Professional,Divorced,Yes,171.8,67.3,,Never,None,Low,No,0,134,97,5.8,1.36,3.5,1.6,5.6,70,142,3.7,5,2.2,0,Yes,88,No,,
PHC-0236,Kisesa HC,07/09/2024,46,M,Rural,Tertiary,Unemployed,Married,0,177.8,91.5,28.9,Never,None,Moderate,Yes,No,129,58,6.4,1.58,4.0,1.9,4.2,101,139,4.1,9,16.5,1,N,0,No,,
PHC-1273,Nyamagana PHC,2024-02-16,43,male,Rural,Tertiary,Farmer,Married,Yes,167.3,73.5,26.3,Never,Moderate,Low,No,No,94,83,4.9,0.53,3.0,2.1,5.4,71,141,4.9,10,13.3,0,Yes,98,Yes,Poor,Yes
PHC-0695,Bugando PHC,2024-06-03,49,male,Urban, Primary ,Unemployed,Single,No,167.6,63.6,22.6,Former,None,High,Yes,No,168,97,5.1,1.11,2.9,0.4,3.7,92,141,4.8,12,1.9,0,Yes,42,Y,Good,No
PHC-0481,Nyamagana PHC,2024-01-19,85,Male, Rural ,Secondary,Trader,Divorced,Yes,165.2,68.5,25.1,,Moderate,Low,1,No,103,74,NA,1.13,3.4,2.5,4.4,95,143,3.8,NA,4.9,0,N,0,No,,
PHC-0568,Buzuruga PHC,2024-05-31,41,Male,Urban,Secondary,Other,Married,No,155.7,36.4,15.0,Never,None,Moderate,Y,No,103,63,3.8,1.53,1.6,0.4,3.6,102,139,4.1,10,1.9,0,No,0,No,,
PHC-1257, Bugando PHC ,28/09/2024,54,Female, Rural ,Primary,Farmer,Widowed,No,159.4,57.3,22.6,Never,Moderate,Low,1,N,136,86,4.9,1.11,2.5,2.1,5.8,77,145,4.0,13,7.5,0,No,0,No,,
PHC-1392,Ilemela HC,30/07/2024,46,Male,Urban,Primary,Unemployed,Widowed,No,166.0,55.0,20.0,Never,Moderate,Low,No,No,165,86,4.1,2.35,1.0,2.1,6.9,78,133,5.4,NA,3.5,0,Yes,16,No,,
PHC-1170,Kisesa HC,2024-11-13,59,Female,Rural,None,Trader,Divorced,No,160.7,51.9,20.1,Former,None,Low,Yes,No,152,93,2.9,0.72,1.0,1.0,6.8,77,137,4.1,13,7.0,0,Yes,13,No,,
PHC-0121,Buzuruga PHC,2024-09-18,68,Female,Urban, Tertiary ,Farmer,Married,No,160.2,67.5,26.3,Current,None,Low,Yes,N,164,89,5.3,1.17,2.3,2.3,5.7,80,137,4.9,9,4.6,0,Yes,30,Yes,Poor,No
PHC-1287,Bugando PHC,2024-10-06,65,Female, Urban ,Primary,Farmer,Married,0,153.0,48.5,20.7,Never,Moderate,Low,0,No,131,87,4.5,1.36,2.0,1.3,4.9,100,141,4.6,13,1.5,0,No,0,0,,
PHC-1025,Nyamagana PHC,21/04/2024,60,female,Rural,None,Unemployed,Married,No,154.4,66.4,27.9,Never,None,Moderate,No,N,164,74,3.2,1.73,1.0,1.3,4.8,70,138,4.4,9,7.5,0,Yes,14,Yes,Good,No
PHC-0927,Nyamagana PHC,2024-11-04,57,Female,Urban,None,Other,Married,0,154.1,35.6,15.0,Never,Moderate,Moderate,Yes,No,137,76,5.7,2.08,2.3,2.0,3.9,129,140,4.7,14,1.6,0,No,0,No,,
PHC-0516,Nyamagana PHC,2024-11-12,18,Male,Rural,Secondary,Farmer,Married,Y,168.9,102.0,35.8,Never,None,Low,No,No,136,83,6.6,0.87,4.3,2.4,4.9,68,141,3.9,14,16.3,2,No,0,N,,
PHC-0224,Buzuruga PHC,2024-11-02,68,Female,Urban,Primary,Other,Divorced,N,159.4,79.2,31.2,Never,Moderate,Moderate,1,No,155,95,3.8,1.68,NA,1.4,4.7,87,134,3.7,8,0.6,1,Y,64,Yes,Poor,No
PHC-1103,Bugando PHC,08/08/2024,75,Female,Urban,Primary, Trader ,Married,No,158.0,NA,32.2,Never,None,Low,Yes,No,129,79,3.7,1.64,,2.5,4.2,122,141,3.3,17,0.9,1,No,0,No,,
PHC-0614,Igoma HC,2024-02-06,90,Male,Rural,None,Farmer,Divorced,Yes,161.3,72.2,27.8,,Moderate,Low,No,0,149,92,5.6,1.53,3.1,2.3,5.7,67,144,4.0,13,16.3,0,Yes,2,No,,
PHC-0844,Ilemela HC,2024-08-04,48,Female,Urban,Primary,Trader,Married,Y,160.0,87.9,34.3,Never,None,Low,Yes,No,139,77,4.6,1.11,1.8,2.1,5.2,85,142,4.5,9,7.4,1,No,0,0,,
PHC-0053,Ilemela HC,02/09/2024,63,Male,Urban,Primary, Farmer ,Married,No,161.0,62.1,24.0,Never,Moderate,Low,N,No,153,112,3.1,1.86,1.0,0.6,6.6,60,137,4.2,NA,0.2,0,Yes,12,N,,
PHC-1376,Nyamagana PHC,2024-11-23,56,Male,Urban,Primary,Unemployed,Married,Yes,172.3,73.3,24.7,Never,Moderate,Low,No,0,128,86,6.3,0.85,,1.3,5.5,72,140,4.5,8,4.1,1,Yes,104,N,,
PHC-0486,Nyamagana PHC,2024-07-02,65,Female,Urban, Secondary ,Trader,Married,0,155.8,87.7,36.1,Never,Heavy,Low,No,0,157,83,NA,0.84,2.8,2.8,3.8,68,136,5.0,15,5.2,1,Yes,52,No,,
PHC-1428, Nyamagana PHC ,15/05/2024,63,Female,Rural,Tertiary,Professional,Married,N,163.3,80.4,30.1,Current,None,Moderate,No,N,172,80,5.1,1.68,2.7,2.2,3.9,120,140,3.7,14,11.3,1,Yes,97,Yes,Poor,No
PHC-0819,Ilemela HC,2024-08-13,34,Male,Urban,None,Farmer,Married,No,151.0,60.6,26.6,Never,None,Moderate,No,No,90,82,5.2,0.7,3.3,1.7,4.8,65,141,4.3,13,8.3,0,Yes,33,No,,
PHC-0156,Buzuruga PHC,2024-08-18,65,f,Rural,None, Unemployed ,Widowed,No,152.7,53.8,23.1,Never,Moderate,Moderate,Yes,No,140,85,5.1,1.38,2.7,1.4,4.8,48,139,4.0,13,16.4,0,1,96,No,,
PHC-0601,Kisesa HC,2024-06-05,58,Female,Rural,Primary,Farmer,Widowed,No,151.7,77.7,999,Never,None,Low,No,No,169,61,6.0,1.08,3.8,2.7,4.2,89,133,4.6,11,4.8,1,Yes,117,No,,
PHC-1198,Nyamagana PHC,2024-06-10,59,Female,Urban,None,Trader,Married,0,155.6,62.2,25.7,Former,None,Low,Yes,No,115,95,6.3,1.56,3.5,1.6,5.5,58,139,4.4,13,4.9,1,Yes,48,Yes,Good,No
PHC-0249,Bugando PHC,05/11/2024,65,Male,Urban,Secondary,Other,Married,Yes,169.2,105.6,36.9,Never,Moderate,Moderate,No,No,167,83,5.1,0.83,3.3,0.5,6.1,97,136,3.9,10,2.1,1,Yes,109,No,,
PHC-0762,Kisesa HC,2024-05-09,57,Female,Urban,Secondary,Farmer,Widowed,Yes,156.8,73.3,29.8,Current,None,Low,No,No,161,87,5.5,1.2,3.2,1.8,4.4,100,138,3.8,12,6.5,0,Yes,35,Yes,Good,No
PHC-1364,Ilemela HC,2024-05-22,63,M,Urban,Primary,Unemployed,Married,Yes,175.4,79.8,25.9,Former,None,Moderate,No,No,141,89,7.3,1.38,5.2,1.6,6.4,94,141,4.1,10,17.6,1,1,86,No,,
PHC-0543, Buzuruga PHC ,07/10/2024,67,m,Rural,Primary,Unemployed,Married,No,158.9,79.8,31.6,Never,None,High,N,0,138,101,8.1,1.38,5.7,2.0,4.6,137,138,4.2,10,9.6,2,Yes,98,0,,
PHC-0794,Ilemela HC,2024-09-04,62,Female,Urban,Secondary,Trader,Married,Yes,151.9,69.0,29.9,Former,None,Low,No,0,162,88,5.2,1.24,3.4,1.1,5.7,54,133,4.3,12,9.4,0,1,23,Yes,Poor,No
PHC-1087,Igoma HC,06-Jun-2024,33,Male,Urban,Primary, Farmer ,Married,Yes,173.2,65.7,21.9,Current,None,High,No,No,110,88,5.5,1.53,3.0,2.7,5.9,111,136,5.0,10,6.6,0,0,0,No,,
PHC-0629,Bugando PHC,2024-01-15,54,Female,Rural,None,Other,Married,1,160.2,60.3,23.5,Never,None,Moderate,0,No,115,93,4.0,1.78,1.1,1.1,4.9,80,138,3.9,12,5.4,0,Y,88,No,,
PHC-0151,Kisesa HC,2024-08-12,60,Female, Urban ,None,Other,Married,0,162.9,51.3,19.3,Former,Moderate,Low,Yes,No,109,92,6.5,1.23,4.2,1.0,6.6,92,139,4.6,9,10.9,1,Yes,73,1,Good,No
PHC-0292,Ilemela HC,2024-08-07,39,Male,Rural,Tertiary,Farmer,Married,No,164.2,75.2,27.9,Never,Moderate,Moderate,Yes,N,137,86,5.8,1.07,3.7,1.3,4.9,57,143,4.2,6,8.0,0,Yes,96,Yes,Poor,Yes
PHC-0382,Bugando PHC,2024-10-19,84,Male,Urban,None,Trader,Married,No,176.4,82.9,NA,Never,None,Low,No,No,134,90,4.9,1.05,3.3,2.2,4.2,107,139,3.7,13,12.3,0,Yes,95,Yes,Poor,No
PHC-0687,Igoma HC,12/02/2024,44,Male,Urban, Secondary ,Unemployed,Married,N,165.6,59.4,21.7,Current,None,Moderate,No,No,137,94,5.4,1.37,3.2,1.5,6.2,55,138,5.2,,0.7,0,Yes,98,No,,
PHC-0898,Bugando PHC,2024-09-19,45,Male,Rural,Secondary,Trader,Married,0,175.3,75.3,24.5,Former,Heavy,Moderate,No,No,168,67,3.6,2.01,1.0,1.9,5.2,78,141,4.9,15,4.1,0,1,80,1,Good,No
PHC-0855,Bugando PHC,28/05/2024,71,Male,Urban, None ,Farmer,Married,Yes,174.0,81.3,26.9,Never,Moderate,Low,No,No,119,65,5.9,1.53,,1.3,4.4,105,137,3.7,11,13.0,0,0,0,No,,
PHC-1491,Ilemela HC,01/12/2024,62,female, Urban ,Primary,Other,Married,No,165.8,72.1,26.2,Never,None,Low,Yes,N,163,79,3.1,0.86,1.1,1.7,6.4,100,135,4.9,7,2.9,0,Yes,2,No,,
PHC-1140,Nyamagana PHC,2024-10-13,62,Female,Urban,Primary,Farmer,Single,0,160.5,75.2,29.2,Never,None,Moderate,No,No,143,94,-99,0.54,3.6,3.4,4.9,89,139,4.3,11,26.6,0,Yes,71,1,Poor,No
PHC-1262,Ilemela HC,2024-03-08,79,Male,Urban,Primary,Trader,Single,No,163.3,78.9,29.6,Never,Heavy,Moderate,Yes,No,155,76,5.7,1.97,2.5,2.6,5.2,98,138,4.7,12,2.3,0,Yes,36,No,,
PHC-0892,Bugando PHC,24/06/2024,40,female,Urban, Primary , Farmer ,Married,No,156.6,67.3,27.4,Never,None,Moderate,No,No,144,74,-99,1.96,1.0,1.4,4.2,86,141,3.9,9,6.2,0,Y,77,Yes,Good,No
PHC-1494,Igoma HC,17-Oct-2024,39,male,Urban,Primary,Farmer,Married,Yes,159.1,48.3,19.1,Former,None,Moderate,Yes,No,105,84,5.1,1.47,,1.1,5.5,85,136,4.7,5,16.1,1,No,0,No,,
PHC-0616,Kisesa HC,31-Aug-2024,23,Female, Rural ,Tertiary,Farmer,Married,Yes,155.6,49.1,20.3,Never,None,Low,Yes,No,103,86,5.3,1.36,2.9,1.2,4.9,89,135,3.1,2,7.6,0,No,0,No,,
PHC-0155,Ilemela HC,24-Mar-2024,45,Female,Rural,None,Other,Single,No,162.2,70.2,26.7,Never,None,Low,No,No,136,62,5.9,1.66,2.8,2.2,5.2,95,142,3.7,9,5.4,0,0,0,No,,
PHC-1489,Kisesa HC,2024-11-16,59,Male,Urban,None,Farmer,Married,No,172.9,102.2,34.2,Former,None,Low,0,No,160,94,4.8,1.24,1.9,1.3,5.4,83,138,5.2,9,5.9,1,Yes,53,Yes,Poor,No
PHC-0323,Bugando PHC,11/05/2024,46,Female,Rural, Primary ,Other,Divorced,Yes,166.5,70.2,25.3,Never,None,Moderate,No,No,134,74,5.3,1.32,3.0,2.2,4.5,80,136,3.6,5,4.5,0,N,0,No,,
PHC-1430, Nyamagana PHC ,2024-05-18,51,Female,Rural,,Farmer,Married,Y,160.8,86.4,33.4,Never,Heavy,Moderate,Yes,No,136,79,5.1,2.05,1.7,1.4,5.5,86,137,4.1,12,10.9,1,No,0,No,,
PHC-0083,Kisesa HC,2024-09-26,42,Male,Urban,Primary,Professional,Married,No,174.5,65.0,21.3,Never,None,Low,No,No,142,94,5.0,1.54,3.2,1.7,6.6,91,144,4.0,9,13.5,0,1,77,0,,
PHC-0513,Buzuruga PHC,2024-09-01,58,F,Urban,Secondary,Other,Widowed,No,154.9,64.6,26.9,Current,None,High,Yes,No,139,66,6.7,1.26,4.2,1.0,5.9,99,135,4.6,13,0.2,1,No,0,0,,
PHC-1139,Igoma HC,22/03/2024,57,Female, Rural ,Primary,Unemployed,Married,No,142.1,48.5,24.0,Former,None,Low,No,No,131,86,2.8,1.63,1.0,0.4,5.1,44,138,4.2,13,6.5,0,Yes,116,No,,
PHC-0930,Igoma HC,2024-05-07,55,f,Urban, None ,Unemployed,Married,Yes,165.6,88.3,32.2,Current,None,Low,N,No,134,81,5.6,1.41,2.9,2.1,5.9,95,143,4.3,8,4.9,1,No,0,No,,
PHC-0251,Bugando PHC,2024-01-28,51,Female,Urban,Primary,Unemployed,Married,N,164.1,75.9,28.2,Never,Moderate,Moderate,Yes,No,131,73,3.2,1.17,1.3,0.6,3.0,66,136,4.5,12,6.5,0,N,0,No,,
PHC-0011,Ilemela HC,2024-12-01,51,Male,Urban,Secondary,Farmer,Single,No,161.7,73.3,28.0,Never,None,Low,No,0,128,81,5.6,1.08,3.5,1.5,4.2,71,139,5.0,13,2.8,1,No,0,No,,
PHC-0832,Nyamagana PHC,19/07/2024,52,Male,Urban,Tertiary, Professional ,Divorced,No,177.9,98.5,31.1,Never,Moderate,Low,Yes,No,157,77,-99,0.93,3.9,1.8,4.2,118,139,4.5,15,0.2,1,Y,31,Yes,Good,No
PHC-0033,Nyamagana PHC,2024-09-02,43,Male,Urban,Primary, Other ,Single,1,169.5,68.0,23.7,Never,None,High,N,No,129,78,6.1,1.74,3.2,2.0,4.8,74,139,4.1,9,3.3,0,Yes,78,Yes,Poor,Yes
PHC-0414,Nyamagana PHC,16-Nov-2024,25,m,Rural,Primary,Trader,Married,Yes,165.8,74.9,27.2,Former,Moderate,Low,1,No,120,95,5.7,1.2,3.1,0.7,4.6,78,142,4.4,7,8.0,0,Yes,46,No,,
PHC-0581,Nyamagana PHC,11-Oct-2024,36,Female,Rural,Primary,Farmer,Widowed,No,154.3,51.8,21.8,Never,None,High,Yes,N,157,73,4.8,1.44,2.3,1.9,7.2,100,139,4.3,12,NA,0,Yes,65,Y,Poor,No
PHC-1157,Ilemela HC,15/03/2024,54,Male,Urban, Primary ,Unemployed,Married,No,157.1,72.2,29.3,Former,Heavy,Low,No,0,173,91,4.9,1.59,1.9,2.0,5.7,89,138,4.2,10,27.8,0,Yes,71,Yes,Poor,No
PHC-1421, Kisesa HC ,12-Apr-2024,56,Male,Urban,Primary,Farmer,Married,0,175.8,57.5,18.6,Current,None,Low,0,No,128,74,3.7,1.18,1.6,2.9,6.7,69,137,4.0,2,11.8,0,No,0,No,,
PHC-0615,Kisesa HC,2024-02-16,59,Female,Rural,Secondary,Trader,Single,No,162.5,65.3,24.7,Current,None,High,Yes,No,150,111,2.9,1.1,1.0,3.1,4.7,69,140,5.1,1,12.0,0,Yes,74,No,,
PHC-1046,Kisesa HC,2024-07-05,71,Male,Urban,Secondary,Trader,Married,No,178.9,60.9,19.0,Never,None,Moderate,Yes,No,115,91,5.5,0.76,3.5,2.1,5.1,83,141,3.8,13,23.3,0,Yes,91,1,Poor,No
PHC-1015,Bugando PHC,2024-04-20,23,Male,Rural,Tertiary,Other,Married,0,159.1,67.8,26.8,Never,None,High,No,No,96,86,6.2,1.37,3.9,0.6,4.6,94,137,4.3,14,10.9,0,0,0,N,,
PHC-0090,Nyamagana PHC,2024-07-16,41,Male,Rural,None,Farmer,Married,Yes,169.9,58.6,20.3,Never,None,High,Yes,No,120,100,4.5,1.77,NA,1.0,5.4,103,139,4.4,7,5.4,0,Yes,81,No,,
PHC-1268,Nyamagana PHC,2024-03-20,45,Female,Rural,None,Farmer,Married,No,162.9,57.6,21.7,Former,Moderate,Moderate,No,No,161,85,6.6,1.78,4.1,0.4,,71,141,4.1,10,5.5,2,Yes,82,0,,
PHC-0602,Kisesa HC,2024-01-28,57,Male,Rural, Primary ,Unemployed,Divorced,No,177.9,111.9,35.4,Never,None,Moderate,1,No,137,79,4.1,1.39,NA,2.5,6.7,85,140,4.3,9,7.2,1,No,0,No,,
PHC-0134,Ilemela HC,20/03/2024,53,Male,Rural,Primary,Farmer,Single,0,178.1,89.2,28.1,Former,None,Low,No,No,147,89,4.9,1.18,2.4,1.0,4.9,123,137,4.3,8,12.9,0,Yes,93,No,,
PHC-0556,Nyamagana PHC,2024-07-04,40,Male,Urban,Secondary,Unemployed,Married,No,168.7,78.8,27.7,Current,Moderate,Low,No,No,132,88,4.9,1.76,2.5,2.4,,92,137,4.1,12,7.7,0,N,0,0,,
PHC-1032, Ilemela HC ,2024-06-19,50,Female,Rural,Tertiary, Farmer ,Widowed,No,161.8,72.5,27.7,Current,None,High,No,N,123,92,5.4,1.43,2.0,0.8,5.4,71,139,4.6,13,6.0,0,Yes,54,No,,
PHC-1171,Bugando PHC,2024-05-25,56,M,Urban,None, Trader ,Single,1,164.5,58.9,21.8,Never,None,Low,No,No,125,68,6.0,1.58,3.8,2.1,4.4,63,135,3.5,11,4.9,0,No,0,0,,
PHC-0321,Nyamagana PHC,2024-02-29,46,Female,Urban,Secondary, Farmer ,Single,No,163.4,71.2,26.7,,Heavy,Low,Yes,No,153,89,4.6,1.56,1.7,1.9,4.3,69,140,3.3,4,8.8,0,Yes,107,No,,
PHC-1317,Igoma HC,2024-02-16,71,Male,Rural,None,Other,Widowed,Yes,170.3,,999,Never,Moderate,Low,Yes,0,154,92,4.1,2.19,1.0,2.1,3.9,109,137,4.2,10,13.9,0,1,93,Yes,Good,No
PHC-1295,Ilemela HC,23/08/2024,43,Female,Rural,Secondary,Farmer,Single,Yes,155.6,54.6,22.6,Never,None,Low,Yes,No,119,89,3.6,0.75,2.1,1.8,4.5,82,141,3.6,8,12.2,0,0,0,No,,
PHC-0635,Kisesa HC,2024-07-17,46,Male,Urban,Secondary,Farmer,Married,N,162.6,77.7,29.4,Never,Moderate,Low,N,No,164,103,6.6,1.27,4.5,1.6,5.7,104,144,3.8,12,4.0,2,1,105,No,,
PHC-0553,Ilemela HC,2024-10-25,28,Male,Urban,Secondary, Professional ,Married,No,171.1,92.2,31.5,Never,Heavy,High,No,No,148,75,5.1,1.62,2.9,2.4,7.7,60,136,3.7,4,5.9,1,Yes,117,No,,
PHC-1056,Buzuruga PHC,2024-09-20,56,Female,Urban,Secondary,Trader,Married,Yes,160.9,77.7,30.0,Current,Moderate,Low,No,No,154,87,6.4,1.32,3.8,1.3,4.9,68,138,4.3,13,1.5,2,Yes,111,Yes,Good,No
PHC-1471,Kisesa HC,2024-08-08,68,F,Urban,Secondary,Farmer,Married,Yes,161.2,58.0,22.3,Never,Moderate,Moderate,Yes,No,137,101,4.3,1.22,1.9,1.1,5.5,79,139,4.1,14,1.1,1,Yes,41,Yes,Poor,No
PHC-0797,Kisesa HC,26/01/2024,44,Male,Rural,Secondary,Trader,Married,No,162.5,73.2,27.7,Former,None,Low,No,N,126,99,4.3,1.25,1.7,0.6,6.4,79,138,4.2,13,6.5,0,Yes,94,Yes,Good,No
PHC-1440,Bugando PHC,2024-03-29,57,Female,Urban,Primary,Other,Married,No,157.7,67.8,27.3,Never,Moderate,Low,Yes,Yes,171,105,5.1,1.16,2.3,1.4,7.9,107,135,3.4,15,7.7,1,Yes,44,Yes,Poor,No
PHC-1275, Bugando PHC ,2024-05-31,28,Female,Urban,Secondary,Other,Married,Yes,161.8,85.2,32.5,Never,None,Low,Y,No,149,76,5.3,1.26,2.8,3.0,4.7,59,136,4.7,13,8.6,1,Yes,105,Yes,Good,No
PHC-0175,Ilemela HC,2024-02-09,57,female,Urban,Primary,Trader,Widowed,No,160.9,65.8,25.4,Never,None,Moderate,1,No,159,90,4.8,0.54,3.4,0.5,5.6,86,136,4.5,17,6.3,0,Yes,37,Yes,Good,No
PHC-0767,Igoma HC,2024-03-02,34,male,Rural,None,Farmer,Married,No,174.8,104.4,34.2,Never,Moderate,Low,Yes,No,137,77,5.0,1.45,2.4,1.3,6.2,76,138,4.0,9,6.3,1,0,0,No,,
PHC-0246,Ilemela HC,25/01/2024,56,Female,Rural,Primary,Trader,Single,Yes,163.0,61.3,23.1,Current,None,Low,No,No,131,98,NA,1.81,1.0,1.2,4.1,78,141,4.8,12,7.2,0,Yes,105,No,,
PHC-1081,Bugando PHC,2024-03-17,85,Male, Rural ,Secondary,Farmer,Single,0,155.2,50.6,999,NA,Moderate,Low,No,No,152,112,5.4,1.73,3.2,0.4,4.8,129,137,4.3,12,28.3,0,Yes,13,Yes,Poor,No
PHC-1294,Ilemela HC,2024-02-29,75,Female,Urban,Primary,Unemployed,Married,1,154.3,58.4,24.5,Never,None,Low,1,No,103,78,4.8,1.75,1.1,2.3,5.5,93,137,4.4,13,16.9,0,No,0,No,,
PHC-0146,Bugando PHC,2024-06-11,86,Male,Rural,Tertiary,Other,Widowed,Yes,163.6,60.1,22.5,Never,Moderate,High,No,No,151,84,5.5,1.75,3.0,2.1,4.4,88,140,3.9,13,8.3,0,1,73,1,Good,No
PHC-0091,Bugando PHC,2024-02-05,51,Female,Urban,Secondary,Farmer,Single,No,164.2,70.9,26.3,Never,None,Low,Yes,0,137,106,4.7,1.68,2.1,2.2,3.3,97,135,4.6,6,23.6,0,Yes,73,Yes,Poor,No
PHC-0683,Buzuruga PHC,27/04/2024,51,Male,Rural,None,Trader,Single,No,162.0,53.0,20.2,Former,Moderate,High,0,No,107,83,5.5,1.22,3.9,0.4,5.1,90,138,4.1,14,4.1,0,N,0,No,,
PHC-0311,Ilemela HC,07-Oct-2024,36,f,Rural,None,Trader,Married,0,154.7,66.9,NA,Never,Moderate,Low,Yes,No,143,82,5.1,1.59,2.3,1.1,4.5,53,139,4.0,13,38.1,0,Yes,26,0,,
PHC-0094,Ilemela HC,2024-01-14,45,Female, Rural ,Tertiary, Farmer ,Married,No,156.6,71.0,29.0,Never,None,Low,No,No,117,88,4.8,0.73,3.4,3.1,7.0,80,138,4.0,14,,0,No,0,No,,
PHC-1173,Kisesa HC,2024-07-31,53,Male,Rural,Secondary,Farmer,Single,Yes,162.8,70.3,26.5,Never,Moderate,High,No,No,138,84,2.8,0.92,1.2,2.3,4.9,89,135,4.8,11,11.8,0,No,0,No,,
PHC-0925,Nyamagana PHC,2024-03-27,28,Female,Rural,Secondary,Other,Married,N,163.9,40.9,15.2,Former,None,Low,Yes,No,90,81,4.0,1.91,1.0,1.6,5.6,75,140,4.0,14,9.5,0,No,0,No,,
PHC-1261,Igoma HC,2024-04-27,62,F, Rural ,Secondary,Farmer,Widowed,No,166.5,89.4,32.2,Never,None,Low,No,No,166,91,4.5,1.06,2.0,2.5,5.6,63,140,3.8,10,7.4,1,Yes,3,No,,
PHC-1036,Kisesa HC,2024-06-24,66,Male,Urban,None,Trader,Widowed,No,172.0,62.9,21.3,Never,None,High,Y,0,119,92,,2.15,1.8,0.8,4.5,79,137,3.6,9,12.6,0,1,15,Yes,Poor,No
PHC-0244,Igoma HC,2024-02-19,33,Male,Urban,Primary,Professional,Widowed,Yes,168.2,,23.1,Never,None,High,No,N,136,80,4.4,1.5,1.9,1.4,4.6,77,133,4.2,9,4.2,0,Y,51,No,,
PHC-1112,Buzuruga PHC,2024-02-25,60,Female,Urban,Secondary,Trader,Single,0,164.7,86.4,31.9,Never,None,High,No,N,139,92,4.7,1.4,1.9,1.4,5.0,86,143,4.6,10,1.0,1,Y,7,Y,Poor,No
PHC-0215,Ilemela HC,2024-05-12,45,Female,Urban,Tertiary,Unemployed,Married,0,153.6,66.4,28.1,Former,Heavy,High,Yes,No,164,83,6.3,1.38,3.6,0.9,5.5,105,138,4.6,8,0.3,1,Yes,86,Yes,Good,No
PHC-0999,Bugando PHC,2024-01-13,69,Female, Urban ,Primary,Professional,Married,0,158.3,69.8,27.9,Never,Moderate,Moderate,No,0,130,95,5.9,1.01,4.0,2.9,5.3,69,142,4.7,11,1.1,0,Yes,41,0,,
PHC-0854,Nyamagana PHC,2024-01-26,51,Female,Urban,None,Unemployed,Divorced,Yes,158.4,69.7,27.8,,None,Low,No,N,156,87,4.3,1.87,1.0,1.4,6.7,91,136,2.8,9,,0,Y,39,Y,Poor,No
PHC-0426,Nyamagana PHC,2024-05-17,59,Female,Urban,Primary,Farmer,Married,Yes,164.7,60.9,22.5,Former,Moderate,Moderate,No,No,126,89,4.0,1.29,1.7,1.1,6.0,107,139,4.1,13,0.5,0,No,0,No,,
PHC-1324,Kisesa HC,30/06/2024,55,f,Urban,Primary,Unemployed,Widowed,No,159.6,38.2,15.0,Never,None,Low,0,N,126,72,5.1,1.44,2.2,0.7,4.4,85,143,4.3,6,9.2,0,No,0,No,,
PHC-0227,Buzuruga PHC,2024-01-20,52,male, Urban ,Primary,Professional,Married,Yes,163.7,40.2,15.0,Never,Heavy,Moderate,Yes,N,103,81,4.5,1.25,1.9,1.8,5.5,90,139,4.3,13,5.8,0,0,0,No,,
PHC-1219,Kisesa HC,2024-02-02,69,Female,Urban,Primary,Professional,Married,No,165.1,81.9,30.0,Current,None,Moderate,No,N,162,86,4.3,1.14,2.0,2.1,6.1,75,137,4.1,16,11.0,1,Yes,48,No,,
PHC-0001,Bugando PHC,19-Feb-2024,58,male,Rural,Primary,Farmer,Divorced,Yes,169.6,72.4,25.2,Never,None,High,No,No,155,117,5.5,1.36,2.7,3.0,5.3,102,140,4.5,14,13.1,0,Yes,43,No,,
PHC-0402,Kisesa HC,2024-03-11,50,Male,Urban,Primary,Farmer,Single,No,168.9,53.9,18.9,Never,Moderate,Moderate,Yes,N,121,95,5.1,1.61,2.5,2.6,5.7,72,142,4.2,11,2.1,0,Yes,2,No,,
PHC-1104,Bugando PHC,2024-04-06,53,Male,Urban,Secondary,Professional,Married,Yes,166.9,47.7,17.1,Never,None,Low,No,No,160,83,4.8,0.53,3.0,1.3,4.5,84,141,3.8,15,4.2,0,Yes,99,Yes,Good,No
PHC-0085,Buzuruga PHC,2024-09-23,51,Male,Urban,Primary,Unemployed,Married,No,176.6,100.8,32.3,Never,Moderate,Moderate,Yes,0,149,84,5.6,1.97,2.0,1.4,4.4,60,137,4.4,11,21.1,1,Yes,70,Yes,Poor,No
PHC-0163,Buzuruga PHC,08/10/2024,55,Male,Rural,,Farmer,Married,Yes,176.5,65.4,21.0,Never,None,Moderate,No,No,122,83,4.3,1.63,1.0,2.1,3.7,74,134,3.5,9,6.9,0,0,0,No,,
PHC-0115,Ilemela HC,2024-03-17,45,Female,Rural,Secondary,Trader,Widowed,No,162.5,52.6,19.9,Never,Moderate,Moderate,No,No,132,83,5.2,1.14,3.1,3.1,4.1,66,136,3.7,5,6.1,0,No,0,No,,
PHC-0671,Ilemela HC,2024-11-19,56,Female,Rural,Primary,Professional,Single,N,150.1,68.7,30.5,Former,Moderate,Low,1,1,169,80,6.0,0.62,4.1,1.3,7.0,114,140,3.3,15,8.7,3,Yes,38,1,Poor,No
PHC-1141,Buzuruga PHC,2024-10-20,45,Female,Rural, Secondary ,Unemployed,Divorced,1,157.6,47.2,19.0,Current,Heavy,Low,1,No,117,90,3.3,0.78,1.0,1.3,5.6,105,136,3.7,7,14.1,0,Yes,76,Yes,Poor,No
PHC-0890,Kisesa HC,2024-01-15,60,Female, Urban ,None,Unemployed,Divorced,No,159.1,86.3,34.1,Former,None,Moderate,No,No,165,100,3.9,1.01,1.8,3.2,4.1,110,139,4.8,10,NA,1,Yes,42,Yes,Poor,No
PHC-0626,Bugando PHC,2024-02-09,36,Male,Urban,Tertiary,Trader,Married,N,173.1,77.6,25.9,Never,Moderate,Low,N,No,136,84,5.5,0.71,3.5,1.5,4.6,80,138,3.6,10,0.2,0,No,0,No,,
PHC-1462,Ilemela HC,10/11/2024,63,Female,Urban, Primary , Trader ,Single,0,158.5,66.0,26.3,Never,None,Moderate,1,No,161,84,5.1,1.23,2.7,0.8,7.0,105,142,4.0,7,1.6,0,Yes,118,N,,
PHC-0953,Nyamagana PHC,2024-02-12,45,Female,Rural,Secondary,Unemployed,Widowed,No,154.4,67.8,28.4,Former,None,Moderate,No,No,122,78,4.6,0.68,3.0,2.0,3.7,41,136,4.6,20,5.1,0,No,0,No,,
PHC-0808,Nyamagana PHC,08/11/2024,70,Male,Rural,Primary,Professional,Single,No,176.1,70.8,22.8,Current,Moderate,Low,Yes,No,104,98,-99,1.51,1.4,3.2,5.5,90,132,4.2,7,10.3,0,Yes,113,No,,
PHC-0259,Kisesa HC,2024-02-13,62,Female,Urban, Primary ,Professional,Married,No,145.7,58.2,27.4,Never,None,Moderate,No,N,163,82,6.1,1.74,3.4,1.4,5.7,96,140,4.3,15,2.1,0,Yes,67,No,,
PHC-0625,Igoma HC,2024-07-15,58,Male,Rural,Primary,Trader,Widowed,Yes,165.3,69.4,25.4,Never,Moderate,Low,No,No,161,85,4.7,1.25,2.3,0.8,5.1,78,144,4.2,11,6.7,0,Yes,43,No,,
PHC-0827,Nyamagana PHC,01/04/2024,41,f,Urban, Primary ,Trader,Married,No,156.2,70.8,29.0,Former,Heavy,Low,Yes,0,127,102,3.4,1.86,1.0,1.6,6.0,58,134,3.9,12,6.3,0,Yes,88,No,,
PHC-0235,Ilemela HC,29/04/2024,42,Female,Urban,Primary,Other,Single,Yes,149.8,57.3,25.5,Never,Moderate,High,No,No,151,86,6.3,1.47,3.7,1.4,5.2,58,138,4.2,10,2.1,1,Yes,110,0,,
PHC-0136,Igoma HC,20/08/2024,79,Female, Rural ,Primary,Trader,Single,No,170.4,88.7,30.5,Never,None,Low,Y,No,134,78,5.6,1.33,3.6,3.2,6.4,65,139,4.5,13,4.8,1,Yes,104,Y,Poor,Yes
PHC-0617,Ilemela HC,2024-06-24,56,Female,Rural,Primary,Farmer,Divorced,No,162.3,52.4,19.9,Never,Moderate,Low,No,No,158,98,7.4,1.6,,0.9,5.4,61,142,4.2,10,8.6,1,Yes,12,No,,
PHC-0837,Bugando PHC,2024-08-31,55,Male, Rural ,Tertiary,Trader,Single,No,177.7,95.5,30.2,Former,Moderate,Low,Yes,No,145,79,3.6,0.91,1.4,2.7,6.9,62,138,3.9,7,10.3,2,Y,79,Yes,Good,No
PHC-0843,Ilemela HC,2024-01-14,57,male,Rural,Secondary,Professional,Married,Yes,168.0,85.3,30.2,Never,None,Moderate,Yes,No,114,88,5.6,0.5,4.2,2.3,3.9,95,140,4.4,14,NA,1,Yes,75,Yes,Poor,Yes
PHC-0960,Kisesa HC,2024-04-12,66,Female,Urban,None,Trader,Divorced,Yes,153.4,52.3,22.2,Never,None,Low,No,No,120,74,5.5,1.28,2.9,0.7,6.6,78,140,4.7,9,5.2,1,No,0,No,,
PHC-0593,Nyamagana PHC,05/07/2024,65,Female,Rural,None,Trader,Divorced,No,165.7,76.0,27.7,Former,None,High,Yes,No,149,96,3.7,1.27,1.3,1.7,5.6,82,142,4.3,18,4.8,0,Yes,94,Yes,Poor,No
PHC-0344,Ilemela HC,2024-02-02,59,Female,Rural,Primary,Farmer,Divorced,No,168.4,89.7,31.6,Never,None,Moderate,Yes,N,162,87,4.8,1.2,,2.2,4.8,76,143,4.0,8,9.4,1,Yes,75,No,,
PHC-1233,Nyamagana PHC,2024-04-14,43,Male,Rural,Primary,Farmer,Married,No,180.7,88.2,27.0,Never,Moderate,Moderate,N,No,132,90,5.5,1.25,3.1,2.0,5.4,113,142,3.9,9,11.0,0,Yes,26,No,,
PHC-0294,Buzuruga PHC,11-Aug-2024,49,Female,Rural,Primary,Unemployed,Widowed,0,159.9,66.0,25.8,Former,None,High,No,No,110,83,4.2,1.44,1.7,1.0,5.2,82,140,4.3,16,5.1,0,1,104,0,,
PHC-0365,Igoma HC,2024-04-09,51,Male,Rural,Primary,Trader,Divorced,N,179.4,81.8,25.4,Never,Moderate,Low,No,0,157,74,6.2,1.12,4.0,2.0,4.2,58,139,4.3,11,NA,0,Yes,5,No,,
PHC-0179,Nyamagana PHC,2024-03-14,53,Female,Rural,Tertiary,Trader,Married,No,162.7,76.3,28.8,Former,Moderate,High,No,No,164,77,5.1,1.04,3.4,2.4,5.6,64,140,3.9,10,4.5,0,Yes,83,Yes,Good,No
PHC-0660,Buzuruga PHC,2024-06-18,52,Female,Urban,Secondary,Trader,Married,0,165.7,81.0,29.5,Never,Heavy,Low,No,No,190,61,4.6,1.21,2.3,3.9,4.8,88,138,4.2,8,19.9,0,Yes,27,Y,Poor,No
PHC-0997,Buzuruga PHC,28/03/2024,55,Female,Urban,Primary,Farmer,Married,Y,149.5,51.0,22.8,Former,Moderate,Low,Yes,No,154,100,5.7,1.25,2.9,2.3,5.4,76,147,4.6,12,3.5,0,Yes,32,Yes,Good,No
PHC-0015,Bugando PHC,2024-09-24,46,Male,Urban,Primary,Professional,Married,0,172.8,88.8,29.7,Current,None,Low,No,No,141,83,4.6,1.47,2.0,1.0,5.4,88,141,3.7,13,0.2,1,Yes,42,Yes,Good,No
PHC-1111,Bugando PHC,2024-05-20,62,Female, Urban ,Secondary,Farmer,Married,No,162.3,66.0,25.1,Never,None,High,1,No,119,83,5.8,0.5,4.3,0.4,4.8,91,143,4.7,1,5.3,0,Yes,78,Yes,Poor,Yes
PHC-0166,Nyamagana PHC,2024-10-28,47,female,Urban, Primary , Unemployed ,Married,Yes,165.1,75.7,27.8,Never,None,Moderate,No,No,151,70,5.2,1.24,3.3,2.0,5.9,96,139,4.3,6,NA,0,Yes,108,1,Good,No
PHC-1404,Kisesa HC,2024-04-17,38,Female, Urban ,Secondary,Trader,Married,Yes,154.2,64.0,26.9,Current,None,Low,0,No,113,79,6.2,1.35,3.6,1.6,6.5,94,139,4.2,9,19.5,0,No,0,No,,
PHC-0060, Ilemela HC ,15/04/2024,53,Female,Urban,Tertiary,Trader,Married,No,150.2,70.2,31.1,Never,None,Low,1,No,165,88,7.1,0.5,NA,0.4,4.6,79,141,3.7,15,1.5,3,Yes,90,Yes,Good,No
PHC-0710,Buzuruga PHC,2024-01-23,52,Female,Urban,Tertiary,Unemployed,Married,Yes,156.8,57.4,23.3,Never,None,Moderate,No,No,147,100,5.7,1.64,2.5,1.2,7.3,97,145,4.5,9,4.7,0,Yes,48,Yes,Good,No
PHC-0677,Buzuruga PHC,2024-11-16,72,Female,Urban,Secondary,Unemployed,Single,No,163.1,60.2,22.6,Never,Moderate,High,N,0,126,97,4.6,1.29,2.0,0.4,4.9,92,135,3.7,6,1.6,0,Yes,95,1,Poor,No
PHC-0781, Ilemela HC ,04-Nov-2024,26,male,Urban,Secondary,Professional,Married,No,157.3,77.4,31.3,Former,None,High,No,No,120,90,5.6,1.07,3.0,3.7,4.2,120,140,4.2,10,0.6,1,Yes,67,0,,
PHC-0425,Ilemela HC,2024-06-09,51,Female,Rural,None,Other,Divorced,No,150.1,48.6,21.6,Never,Moderate,High,No,No,132,67,6.2,1.43,3.4,3.0,5.5,66,137,4.2,9,8.4,0,No,0,No,,
PHC-0293, Buzuruga PHC ,2024-10-10,54,Female,Rural,Secondary,Trader,Married,No,165.1,66.7,24.5,Current,None,Low,No,No,157,88,5.3,1.35,2.6,3.3,5.9,69,134,4.0,10,4.4,0,Yes,83,No,,
PHC-1066,Ilemela HC,2024-02-27,59,f,Rural,Primary,Farmer,Single,No,155.7,48.6,20.0,Never,Moderate,Low,No,No,163,91,6.7,0.84,4.9,1.5,4.8,85,139,4.2,15,9.0,2,Yes,117,No,,
PHC-1335,Kisesa HC,2024-05-08,62,Female,Urban, Secondary ,Trader,Divorced,0,157.9,42.1,16.9,Never,Moderate,Low,No,N,116,97,NA,1.63,2.5,2.0,4.2,60,139,4.7,11,7.2,0,1,15,N,,
PHC-0330,Nyamagana PHC,11/09/2024,49,f,Urban,None,Farmer,Married,Yes,164.3,56.7,21.0,Never,Moderate,Low,0,No,118,72,5.1,0.75,2.8,0.4,4.9,78,135,4.1,9,3.4,0,No,0,No,,
PHC-0430,Ilemela HC,2024-01-15,89,Male,Urban,,Trader,Single,Y,172.9,65.9,22.0,Former,Heavy,Moderate,0,No,111,81,3.8,0.82,1.0,0.7,5.0,81,136,4.4,12,19.8,0,Y,50,No,,
PHC-1013,Nyamagana PHC,2024-03-11,69,Male,Rural,None,Other,Divorced,No,171.2,71.9,24.5,Current,None,Low,0,No,130,91,5.2,1.09,2.7,0.9,5.4,92,134,4.5,14,5.1,0,Yes,26,0,,
PHC-0080,Ilemela HC,11/08/2024,61,Male,Rural,Primary, Farmer ,Divorced,Yes,166.6,73.6,26.5,Former,Moderate,Moderate,Yes,No,168,92,6.6,1.38,,2.2,5.4,66,135,5.0,5,18.6,1,Yes,17,N,,
PHC-1053,Nyamagana PHC,04-Apr-2024,45,Female,Urban,,Trader,Married,No,157.1,63.7,25.8,Current,None,High,No,No,114,77,4.8,1.25,2.9,1.7,4.7,98,140,5.1,4,7.1,0,0,0,No,,
PHC-0938,Nyamagana PHC,2024-03-09,65,Female,Rural,Primary,Other,Widowed,No,165.1,87.6,32.1,Never,None,Moderate,No,No,176,99,4.7,1.07,2.6,1.6,5.8,89,138,3.7,16,4.1,1,Yes,83,Yes,Good,No
PHC-0835,Bugando PHC,07/10/2024,50,m,Urban,None,Unemployed,Married,No,165.2,77.8,28.5,Never,None,Low,Yes,No,118,66,5.3,1.42,2.3,1.9,7.1,94,138,3.6,6,1.0,0,No,0,0,,
PHC-0750,Nyamagana PHC,20/06/2024,51,Female,Rural,Secondary,Professional,Divorced,Yes,159.8,55.8,21.9,Never,None,Moderate,1,No,159,71,5.0,0.7,3.9,1.6,5.3,95,136,4.3,8,5.4,1,Yes,24,Yes,Poor,No
PHC-0891, Kisesa HC ,2024-10-05,58,Male,Rural,Primary,Trader,Married,Yes,179.8,71.4,22.1,Never,Moderate,Low,1,No,135,90,3.7,1.48,1.2,0.7,7.4,59,135,3.8,8,4.3,0,Yes,110,No,,
PHC-0255,Bugando PHC,2024-11-05,73,Male,Rural,Primary,Professional,Married,No,164.5,70.3,26.0,Current,Heavy,Low,No,No,166,87,3.6,0.94,1.4,2.0,4.6,92,138,3.1,8,15.4,0,Yes,21,N,,
PHC-1461, Bugando PHC ,2024-08-11,49,female, Urban ,Secondary,Trader,Married,Y,144.9,50.0,23.8,Former,None,Low,Yes,N,144,70,4.8,1.95,,2.2,5.6,66,138,4.1,10,9.4,0,Yes,91,Yes,Good,No
PHC-1109, Bugando PHC ,2024-06-22,59,Female,Rural,Primary,Other,Divorced,Yes,167.4,70.2,25.1,Never,None,Low,No,No,156,98,-99,1.02,5.9,0.4,4.8,99,139,5.2,7,4.8,1,Yes,15,Yes,Good,No
PHC-0137, Nyamagana PHC ,2024-05-05,59,Male, Urban ,Tertiary,Trader,Divorced,1,174.0,85.3,28.2,Never,Moderate,Low,Yes,N,164,71,5.9,1.66,3.4,0.9,4.0,76,140,4.2,12,0.2,0,Yes,15,1,Good,No
PHC-1136,Buzuruga PHC,2024-08-16,67,Female,Urban,Primary,Unemployed,Single,No,157.6,78.1,31.4,Never,None,Low,0,No,134,79,5.7,1.49,3.3,1.2,6.3,108,137,3.6,12,6.5,2,No,0,0,,
PHC-0853,Igoma HC,2024-04-22,49,Male,Rural,Primary,Unemployed,Divorced,No,179.4,64.8,20.1,Former,Moderate,Moderate,N,No,113,84,5.7,1.42,2.9,1.8,4.7,60,142,4.3,13,16.5,0,No,0,No,,
PHC-0724,Igoma HC,29-Jul-2024,59,Male,Rural,Tertiary,Trader,Widowed,No,156.2,65.3,26.8,Former,None,Low,N,No,152,85,6.4,1.16,4.7,1.0,6.1,96,134,3.7,13,12.2,1,Yes,66,No,,
PHC-0860,Bugando PHC,2024-09-02,53,m,Urban,Tertiary,Trader,Married,No,165.0,65.0,23.9,Never,None,Moderate,No,No,131,79,7.1,1.43,4.3,0.9,4.4,75,138,4.0,10,1.1,2,No,0,No,,
PHC-0970,Bugando PHC,2024-10-11,58,f,Urban,None,Farmer,Divorced,Yes,162.0,62.7,23.9,Never,Heavy,Moderate,Yes,No,132,72,3.2,1.53,1.0,0.8,5.1,77,135,4.5,7,1.1,0,0,0,No,,
PHC-0497,Buzuruga PHC,2024-05-22,62,Male,Rural,None,Farmer,Married,N,173.2,81.4,27.1,Never,None,Low,0,1,169,86,5.2,1.36,2.0,1.8,8.4,82,135,5.0,14,5.5,2,1,28,No,,
PHC-0951, Ilemela HC ,2024-10-25,18,F,Urban,Secondary,Trader,Married,No,161.0,69.1,26.7,Never,Heavy,Low,No,No,90,73,6.1,0.64,4.5,0.6,4.7,66,140,4.7,11,5.5,0,Y,33,No,,
PHC-0806,Bugando PHC,20/05/2024,0,Male,Urban,Primary,Farmer,Divorced,No,166.3,85.8,31.0,Never,None,Low,No,No,157,91,5.3,1.96,2.2,1.9,5.3,72,135,3.8,3,3.1,1,Yes,101,No,,
PHC-0130,Kisesa HC,2024-09-13,32,Female,Rural,Secondary,Farmer,Married,Yes,168.4,97.2,34.3,Never,None,Low,No,0,155,81,-99,1.34,,2.4,5.2,62,139,3.5,5,5.3,1,Yes,55,No,,
PHC-0338,Nyamagana PHC,11/10/2024,77,Female,Urban, Tertiary ,Professional,Divorced,Yes,167.4,105.7,37.7,Never,Moderate,Low,Yes,No,163,84,5.7,2.13,2.4,3.2,5.7,80,145,3.9,,,2,Y,103,Yes,Good,No
PHC-1490,Ilemela HC,2024-11-22,31,Female,Urban, Primary ,Other,Single,No,150.2,78.0,34.6,Current,None,High,Yes,0,162,91,6.9,0.9,4.9,1.5,4.8,100,137,4.3,10,6.8,3,Yes,8,Yes,Poor,No
PHC-0609,Bugando PHC,2024-01-08,43,F,Rural,Primary,Farmer,Married,N,164.5,55.3,,Former,None,Moderate,Y,N,137,79,6.5,1.63,3.6,2.6,5.8,92,132,4.5,7,9.2,1,0,0,No,,
PHC-1149,Nyamagana PHC,2024-07-15,72,Male,Rural,Secondary,Trader,Divorced,No,170.2,89.4,30.9,Former,None,High,No,0,135,93,6.6,0.66,4.1,1.9,6.2,94,136,4.5,9,6.6,2,Yes,83,No,,
PHC-0196,Nyamagana PHC,2024-08-24,53,Female,Urban,Secondary, Professional ,Married,No,152.7,73.6,31.6,Current,None,Low,No,No,168,90,5.7,1.29,2.9,2.0,4.2,83,142,5.0,10,0.7,1,1,86,1,Poor,No
PHC-1476,Bugando PHC,2024-05-16,54,Male,Urban,Primary,Farmer,Widowed,No,164.0,75.2,28.0,Never,None,Low,Yes,N,121,94,NA,1.03,1.2,1.5,4.6,97,134,4.3,12,1.1,1,Yes,17,1,Good,No
PHC-0910,Ilemela HC,20/11/2024,48,Male,Urban, Primary ,Farmer,Widowed,No,173.5,83.5,27.7,Former,None,Low,N,Yes,128,93,4.8,1.27,3.0,3.1,8.0,80,140,4.2,,1.5,1,Yes,98,Yes,Poor,No
PHC-0585,Kisesa HC,08/06/2024,69,Female,Rural,Primary,Unemployed,Married,No,163.6,94.1,999,Never,None,Moderate,No,No,137,86,6.4,1.29,4.6,1.4,5.1,88,141,4.5,18,8.4,3,0,0,N,,
PHC-0104,Ilemela HC,29-Jan-2024,45,Female,Rural,Primary,Unemployed,Divorced,1,157.8,61.9,24.9,Former,None,Moderate,No,No,134,78,6.6,1.76,3.5,1.9,5.6,84,142,5.5,9,4.4,2,No,0,No,,
PHC-1382,Ilemela HC,18/01/2024,85,Female,Rural,None,Trader,Married,No,164.2,67.9,25.2,Former,Moderate,Moderate,N,No,141,108,4.8,0.5,3.3,1.4,4.2,114,136,5.0,3,19.1,0,Yes,3,Yes,Poor,No
PHC-1396,Ilemela HC,2024-10-18,59,Female, Urban ,Secondary, Trader ,Married,Y,154.3,55.3,23.2,Former,Heavy,Low,Yes,No,121,90,4.8,1.55,2.0,0.9,999,84,139,3.7,12,19.9,0,Yes,69,1,Good,No
PHC-0720,Kisesa HC,06/06/2024,50,Female,Urban,Primary,Other,Divorced,No,151.9,69.9,30.3,Never,None,Moderate,No,N,142,86,4.7,1.82,2.0,0.5,4.1,75,139,4.6,14,4.5,1,Yes,90,No,,
PHC-0885,Nyamagana PHC,2024-05-07,65,Female,Rural,Primary,Trader,Married,No,163.4,62.7,23.5,Current,Heavy,Moderate,Yes,No,172,96,7.6,1.39,5.3,1.0,,83,135,4.0,13,5.4,1,Yes,90,Yes,Good,No
PHC-0777,Kisesa HC,08/02/2024,46,Female,Urban,Primary, Trader ,Married,Yes,161.3,48.9,18.8,Never,None,Low,0,No,112,84,4.5,1.21,1.9,2.2,5.7,106,141,4.3,12,2.1,0,N,0,No,,
PHC-0850,Ilemela HC,2024-07-07,51,Female,Rural,Tertiary,Unemployed,Married,1,164.3,81.6,30.2,Never,None,Low,No,No,139,97,4.2,1.74,,1.6,5.1,116,140,4.0,7,4.6,1,Yes,42,No,,
PHC-0895,Igoma HC,13/03/2024,49,Male,Rural,Primary,Professional,Married,Yes,167.7,95.1,33.8,Never,Moderate,Low,No,No,150,90,5.6,0.69,4.2,1.4,4.6,99,133,4.0,9,5.5,1,Yes,99,No,,
PHC-0228,Nyamagana PHC,2024-04-18,44,Female,Urban, Secondary ,Unemployed,Married,No,162.3,77.9,29.6,Never,Moderate,Low,No,No,135,80,4.2,2.17,1.0,1.4,4.5,71,136,3.9,14,0.2,0,0,0,No,,
PHC-1406,Igoma HC,2024-10-15,48,Female,Urban,Tertiary,Other,Married,No,159.7,76.9,30.2,Former,None,Low,N,0,163,102,4.4,1.47,NA,1.8,6.6,59,134,4.0,8,2.1,1,Yes,61,Yes,Good,No
PHC-0127,Bugando PHC,2024-03-31,39,female, Rural ,None,Unemployed,Single,No,163.8,77.1,28.7,Former,Moderate,Low,No,No,134,90,5.3,1.51,2.9,0.4,6.5,94,136,4.7,9,6.6,0,Yes,69,No,,
PHC-0406,Ilemela HC,16/10/2024,37,F,Urban,Primary,Trader,Married,No,157.6,53.5,21.5,Never,None,Low,Yes,No,128,95,-99,1.51,1.3,1.4,6.4,94,143,4.0,7,5.3,0,Y,57,No,,
PHC-0776,Bugando PHC,2024-01-24,43,male,Rural,Tertiary,Farmer,Married,Y,166.4,90.5,32.7,Current,Moderate,High,0,0,145,79,5.0,1.99,1.6,2.5,6.0,86,140,4.2,11,6.6,1,Yes,1,No,,
PHC-0822,Ilemela HC,2024-09-23,64,Female, Urban ,Primary,Other,Widowed,No,169.5,109.7,38.2,Never,None,High,No,No,169,86,5.8,1.75,3.2,1.3,6.1,61,137,3.9,10,13.5,1,1,69,Yes,Good,No
PHC-0712,Ilemela HC,12/05/2024,64,F,Urban,None,Other,Single,Yes,160.2,54.2,21.1,Never,Moderate,Low,No,No,131,75,5.6,1.36,2.5,1.5,4.4,90,136,4.7,9,6.6,0,N,0,No,,
PHC-1410,Bugando PHC,2024-11-27,54,Female,Urban,Primary,Trader,Married,No,155.4,48.6,20.1,Former,None,Moderate,N,0,155,78,5.4,1.3,3.1,0.6,5.4,73,140,4.0,11,5.6,0,Yes,83,1,Good,No
PHC-1061,Nyamagana PHC,2024-04-22,40,Male,Rural,Secondary,Professional,Divorced,No,170.8,64.0,21.9,Never,Heavy,Low,No,No,114,77,4.6,1.39,1.9,1.5,5.8,77,143,3.5,10,10.1,0,Yes,14,No,,
PHC-1164,Ilemela HC,29/10/2024,73,Male,Rural,Secondary,Farmer,Married,1,170.2,80.1,27.7,Current,Moderate,Low,N,No,180,107,5.4,1.55,,2.6,5.4,101,141,3.5,4,7.8,0,Yes,109,No,,
PHC-0304,Bugando PHC,28-Oct-2024,55,Female,Rural,None,Farmer,Married,No,156.6,70.1,,Current,Moderate,Low,No,No,155,73,5.8,1.34,2.8,2.1,,77,140,4.5,,7.2,0,Yes,18,Yes,Poor,No
PHC-0268,Kisesa HC,2024-07-05,40,Female,Urban,,Unemployed,Married,No,153.3,83.2,35.4,Never,Moderate,Moderate,Yes,No,148,72,4.3,1.84,1.7,1.7,6.6,78,136,4.1,7,2.2,1,Yes,25,Yes,Poor,No
PHC-0546,Kisesa HC,2024-07-26,71,Female,Urban,Primary,Unemployed,Married,1,167.4,72.2,25.8,Never,Heavy,Low,No,No,162,81,4.4,1.04,2.4,2.3,5.9,98,138,4.9,8,18.1,0,Yes,43,No,,
PHC-0213,Bugando PHC,2024-04-06,73,Male,Rural,Primary, Farmer ,Married,No,164.2,61.7,22.9,Never,Heavy,Low,No,0,128,81,6.4,1.64,3.7,1.3,5.7,97,136,4.0,6,11.5,1,0,0,No,,
PHC-0897,Kisesa HC,2024-11-27,37,Male,Urban,None,Farmer,Married,N,165.0,69.6,,Former,Moderate,Moderate,0,No,117,94,3.0,1.32,1.0,2.9,4.6,67,140,3.7,6,1.0,0,Y,112,No,,
PHC-0917,Ilemela HC,2024-11-11,49,Male, Urban ,Secondary,Unemployed,Widowed,Yes,148.8,53.3,24.1,Former,Moderate,Low,0,N,134,77,2.8,1.29,1.0,1.2,4.9,77,142,4.3,11,11.4,0,No,0,No,,
PHC-0676,Bugando PHC,2024-02-02,42,Male, Urban ,Primary,Farmer,Married,Yes,174.0,,32.9,Former,None,High,No,No,135,89,5.0,0.5,3.7,1.3,6.4,97,132,3.7,5,8.7,2,No,0,0,,
PHC-0815,Bugando PHC,2024-08-19,39,Female,Rural,Primary, Unemployed ,Married,N,152.4,57.5,999,Former,Moderate,Moderate,No,N,143,84,5.9,0.72,4.3,2.9,5.9,79,135,3.9,20,4.1,1,Yes,74,Yes,Good,No
PHC-0343,Bugando PHC,2024-11-06,42,Male,Urban,None,Farmer,Widowed,Yes,181.9,105.9,32.0,Current,Moderate,Low,No,No,181,76,-99,1.45,1.0,1.7,6.8,98,138,3.9,5,8.5,1,Yes,15,N,,
PHC-0550,Ilemela HC,08/02/2024,42,M,Rural,Secondary,Farmer,Married,Yes,168.9,66.9,23.5,Never,Heavy,High,No,No,165,89,5.0,1.59,2.4,0.9,7.1,83,135,4.1,9,6.8,0,Yes,28,Y,Good,No
PHC-1215,Buzuruga PHC,13/08/2024,49,F,Urban,Primary,Other,Widowed,Yes,166.1,71.0,25.7,Never,None,High,N,No,122,114,4.7,1.12,2.6,1.6,5.2,110,138,3.5,6,5.0,0,Yes,91,Yes,Good,No
PHC-0967,Buzuruga PHC,23/10/2024,54,Male,Rural,Secondary,Professional,Married,Yes,172.2,69.1,23.3,Former,None,Low,Yes,No,135,98,4.2,0.68,2.1,1.9,5.4,77,136,4.1,12,8.9,0,Yes,73,No,,
PHC-0296,Bugando PHC,09/10/2024,31,Male, Rural ,None,Unemployed,Married,No,173.9,77.4,25.6,Former,Moderate,Moderate,No,N,119,65,5.4,1.03,3.7,1.8,5.5,50,139,4.5,9,13.4,0,Yes,23,0,,
PHC-0696,Igoma HC,2024-08-05,56,Female,Rural,Primary,Professional,Single,N,164.5,74.0,27.3,Never,None,Moderate,1,No,124,95,5.0,1.15,2.9,3.0,4.4,102,148,4.7,10,6.6,0,Yes,46,0,,
PHC-0074,Bugando PHC,2024-05-31,36,Female,Rural,Primary,Farmer,Divorced,N,152.6,52.2,22.4,Never,Moderate,Moderate,Yes,No,154,72,4.7,1.19,2.4,1.6,5.7,85,135,4.4,12,10.8,0,Y,26,No,,
PHC-0606,Nyamagana PHC,2024-03-21,38,f,Rural,Secondary,Farmer,Married,No,163.9,46.7,17.4,Never,Moderate,Moderate,Yes,0,152,87,5.6,1.34,2.8,2.1,4.7,95,137,4.7,12,17.6,0,Y,2,Y,Poor,No
PHC-0105,Ilemela HC,2024-10-07,33,Female,Rural,Primary,Trader,Married,No,163.7,58.0,21.6,Former,Heavy,High,No,0,152,88,6.2,1.17,3.5,1.7,3.9,110,141,4.2,10,5.3,0,Yes,73,No,,
PHC-0646,Nyamagana PHC,2024-02-16,72,m,Urban, Primary ,Trader,Married,Yes,174.8,73.0,23.9,Former,None,Low,No,No,145,91,5.2,1.4,2.2,0.7,5.2,86,136,3.7,12,1.2,0,Yes,105,Yes,Good,No
PHC-1465,Ilemela HC,09/07/2024,50,Female,Rural, Primary ,Professional,Married,No,149.6,65.7,29.4,Former,Moderate,Low,No,No,111,78,5.4,0.84,3.0,1.9,5.7,122,140,4.4,12,15.7,0,No,0,0,,
PHC-1041,Ilemela HC,2024-11-09,60,M,Urban,Secondary,Unemployed,Married,N,179.8,78.9,24.4,Never,None,Low,No,No,145,79,4.2,1.11,1.7,1.5,4.1,82,139,4.3,13,15.2,0,Yes,109,Yes,Good,No
PHC-0440,Bugando PHC,2024-07-26,46,m,Urban,Secondary,Farmer,Married,No,172.4,99.4,33.4,Former,None,Moderate,No,No,124,99,4.9,1.07,3.2,1.1,4.5,105,135,3.9,14,4.2,1,Yes,82,Y,Good,No
PHC-1020,Igoma HC,2024-05-29,54,Female,Urban,Secondary,Farmer,Single,N,155.1,86.9,36.1,Never,Moderate,High,Yes,0,139,83,NA,0.5,3.9,0.6,999,66,139,4.8,17,6.0,1,Yes,112,0,,
PHC-0092,Igoma HC,2024-09-01,39,Female,Urban,Primary,Farmer,Married,N,164.9,68.6,25.2,Never,None,High,0,No,137,80,6.2,1.27,4.0,1.0,4.4,93,138,4.2,4,5.6,0,No,0,0,,
PHC-1113,Kisesa HC,2024-10-06,62,Female,Urban,Primary,Trader,Single,No,170.8,74.5,25.5,Former,None,High,No,No,147,82,6.0,1.84,2.6,0.6,4.3,96,140,3.0,6,11.0,0,1,74,N,,
PHC-1308,Nyamagana PHC,2024-09-02,60,Male,Rural,Primary,Farmer,Widowed,0,180.0,71.0,21.9,Never,None,Moderate,No,0,130,93,5.2,1.57,2.4,0.4,3.9,52,139,3.4,10,9.1,0,1,34,No,,
PHC-0909,Bugando PHC,2024-09-13,47,Male,Rural,Tertiary,Farmer,Married,Yes,170.2,67.6,23.3,Never,Heavy,Low,Yes,No,142,81,5.3,1.26,3.1,1.5,4.5,95,138,3.7,16,5.6,0,Yes,81,Yes,Good,No
PHC-0103,Igoma HC,2024-04-10,41,Male,Rural, Tertiary ,Farmer,Married,1,170.2,94.9,32.8,Never,None,Moderate,Yes,0,116,73,4.9,1.21,2.8,1.0,5.5,100,139,4.1,16,12.0,1,No,0,No,,
PHC-0239,Bugando PHC,2024-11-09,39,Female, Rural ,Secondary,Other,Single,No,151.2,56.0,24.5,Former,None,High,Yes,No,121,64,3.7,1.25,1.1,1.7,5.6,91,138,4.0,17,11.7,0,No,0,0,,
PHC-1272,Ilemela HC,06/02/2024,37,Male,Rural, Primary ,Farmer,Married,0,171.3,83.5,NA,Never,None,Low,No,No,101,88,5.0,1.34,2.9,2.7,5.5,77,140,3.7,11,24.1,0,No,0,No,,
PHC-0943,Kisesa HC,2024-05-21,52,Female,Urban,None,Other,Single,Y,151.0,66.6,29.2,Current,None,Moderate,N,No,148,84,6.4,1.56,4.3,1.6,5.5,53,142,3.7,10,8.7,1,Yes,97,Yes,Poor,No
PHC-0939,Ilemela HC,12/05/2024,71,Female,Urban,Tertiary,Professional,Married,No,151.5,49.8,999,Never,Moderate,Moderate,Yes,No,128,85,5.3,1.94,2.3,1.8,5.8,94,136,4.3,12,1.6,0,N,0,No,,
PHC-1182,Bugando PHC,16/01/2024,42,Female,Rural,Secondary,Farmer,Married,No,153.7,56.5,23.9,Never,None,Moderate,No,No,112,94,4.5,1.48,1.4,2.0,4.9,74,135,4.2,8,7.8,1,Yes,15,1,Poor,No
PHC-0006,Bugando PHC,2024-07-19,78,M,Urban,Secondary,Farmer,Widowed,No,162.9,49.9,18.8,Former,Moderate,Low,N,0,150,94,5.1,1.3,2.5,1.1,7.8,82,139,4.6,16,,0,Yes,15,Yes,Poor,No
PHC-1356,Bugando PHC,2024-01-23,60,F,Urban,Secondary,Unemployed,Divorced,Yes,154.5,78.5,32.9,Never,None,Moderate,No,No,150,87,3.6,0.5,1.4,2.2,999,63,139,4.0,6,0.4,1,Yes,102,Yes,Poor,No
PHC-0966,Kisesa HC,2024-07-16,49,f,Urban,Primary,Farmer,Single,No,161.7,66.4,25.4,Current,None,Low,Yes,No,121,83,4.1,1.0,2.1,0.9,6.2,65,146,4.5,10,9.1,1,No,0,No,,
PHC-0019,Kisesa HC,17/08/2024,45,Male,Rural,Primary,Other,Married,0,178.2,74.9,23.6,Current,None,Low,Y,No,126,81,4.3,1.4,1.8,0.8,4.5,93,136,4.4,,22.0,0,No,0,No,,
PHC-0122,Bugando PHC,2024-07-03,52,Male,Rural,Primary,Farmer,Married,Yes,169.5,77.0,26.8,Never,None,High,No,0,171,73,5.5,1.02,3.7,2.2,4.9,100,133,4.2,12,25.0,0,Yes,18,0,,
PHC-0662,Buzuruga PHC,30/01/2024,60,Male,Rural,None,Other,Divorced,0,163.3,NA,25.2,Never,Moderate,Low,0,No,130,84,5.4,0.98,2.7,2.8,5.1,50,141,4.3,11,9.0,1,N,0,No,,
PHC-1260,Nyamagana PHC,2024-05-10,35,Female,Rural,None,Professional,Married,Yes,160.3,81.9,31.9,Never,None,Low,Y,N,161,80,5.8,0.98,3.8,1.6,4.6,59,139,5.0,12,7.0,1,Yes,72,N,,
PHC-0275,Buzuruga PHC,2024-06-25,82,female,Rural,Secondary, Trader ,Married,Yes,148.9,65.0,29.3,Never,None,Moderate,Yes,No,145,103,4.7,1.14,2.4,2.6,6.0,56,135,3.4,13,10.8,0,Yes,51,Yes,Poor,No
PHC-0434,Bugando PHC,2024-03-24,49,Female,Urban,Secondary,Other,Married,No,158.9,69.8,,Current,None,Low,No,No,112,70,4.4,0.96,2.7,1.2,4.9,65,141,4.2,4,3.1,1,No,0,N,,
PHC-0812,Igoma HC,29/08/2024,60,Male,Urban,Secondary,Trader,Married,No,172.1,92.9,31.4,Never,Moderate,High,1,0,128,98,5.6,1.25,3.3,2.6,5.9,101,140,4.0,13,1.1,1,Yes,118,Yes,Poor,No
PHC-1397,Nyamagana PHC,24/08/2024,41,male,Urban,Tertiary,Trader,Married,No,167.5,80.9,28.8,Never,Moderate,Moderate,No,No,122,98,6.0,1.63,3.1,1.8,4.5,60,142,4.6,10,1.0,0,Yes,11,No,,
PHC-1411,Bugando PHC,2024-01-18,62,female,Urban,Secondary,Farmer,Married,No,164.8,50.3,18.5,Never,None,Low,Yes,No,120,69,5.4,1.37,2.8,1.6,4.7,71,145,5.0,14,2.0,0,No,0,No,,
PHC-0182,Ilemela HC,2024-04-05,48,Female,Urban,None,Farmer,Single,No,144.3,61.1,29.3,Former,None,Low,Yes,0,148,109,4.7,1.14,2.3,1.5,4.8,69,138,4.1,11,0.5,0,Yes,23,N,,
PHC-0185,Igoma HC,09/02/2024,53,Female,Urban,None,Unemployed,Married,No,166.5,103.1,37.2,Former,Moderate,Low,No,No,144,87,4.9,1.4,2.5,2.6,4.3,103,139,3.4,12,2.0,1,Yes,7,No,,
PHC-0407,Nyamagana PHC,2024-03-07,57,female,Urban,Primary,Farmer,Married,N,172.4,87.5,29.4,Former,None,High,No,No,142,74,5.6,1.51,2.7,1.5,5.9,116,140,3.6,10,4.1,0,Yes,101,Yes,Good,No
PHC-0866,Bugando PHC,2024-08-06,39,f,Urban,Primary,Unemployed,Married,No,160.0,63.2,24.7,Never,None,High,No,No,118,87,3.5,1.55,1.0,2.4,6.0,98,139,3.8,11,6.6,0,N,0,No,,
PHC-0521,Nyamagana PHC,2024-03-11,57,Male,Rural,Secondary, Professional ,Divorced,Yes,166.2,54.3,19.7,Never,Moderate,Moderate,No,0,111,76,3.7,1.19,1.9,1.6,6.5,109,138,4.2,16,17.7,0,No,0,No,,
PHC-1004,Igoma HC,2024-05-15,31,Female,Rural,Primary,Trader,Married,N,164.8,83.0,30.6,Never,None,Low,No,No,135,80,4.8,0.99,2.8,2.4,4.7,67,147,4.0,10,7.2,1,No,0,No,,
PHC-0381,Ilemela HC,28/11/2024,43,Female,Urban,Primary,Farmer,Divorced,Yes,148.6,54.5,24.7,Never,None,Low,No,No,118,79,4.9,2.05,2.5,1.7,4.7,50,139,3.9,5,1.6,0,No,0,0,,
PHC-0428,Kisesa HC,2024-07-01,54,Male,Urban,Primary,Unemployed,Divorced,Yes,175.3,98.0,31.9,Never,None,Low,No,No,164,103,4.4,1.03,2.3,1.8,7.4,70,142,3.6,11,2.1,1,Yes,101,Yes,Good,No
PHC-0079,Buzuruga PHC,2024-04-26,71,Male,Urban,Primary, Trader ,Single,Yes,177.9,82.4,26.0,Former,None,Low,0,0,128,75,5.3,1.1,3.3,2.6,6.2,88,141,4.0,12,8.2,0,No,0,No,,
PHC-1010,Ilemela HC,2024-05-06,46,Male,Urban,Primary,Farmer,Married,0,167.4,72.4,25.8,Current,None,Low,Yes,No,139,91,4.0,1.78,1.1,0.8,5.7,52,139,4.3,5,12.8,0,Yes,53,0,,
PHC-1472,Ilemela HC,2024-01-21,42,Female,Urban,Primary,Trader,Widowed,Yes,158.7,80.0,31.8,NA,Moderate,Low,No,No,130,96,,1.72,3.4,0.4,5.6,80,144,3.4,11,4.1,2,Yes,115,Yes,Good,No
PHC-0608,Kisesa HC,2024-04-18,72,Female,Urban,Secondary,Trader,Married,1,153.1,60.9,26.0,Never,None,Low,No,N,143,87,4.8,1.0,2.9,0.7,5.1,61,139,3.7,13,12.4,0,1,118,No,,
PHC-1329,Bugando PHC,2024-08-04,59,Male,Urban,,Farmer,Married,No,173.6,65.1,21.6,,None,Low,No,No,162,107,-99,1.59,1.3,0.4,6.1,102,138,4.2,6,7.2,0,Yes,103,Y,Poor,No
PHC-1487,Ilemela HC,19/05/2024,72,Male, Urban ,Secondary,Farmer,Married,No,170.5,68.1,23.4,Former,Heavy,Low,No,No,128,71,3.9,0.96,1.5,2.0,6.8,95,141,3.5,16,3.1,0,No,0,No,,
PHC-1362,Bugando PHC,2024-11-12,59,Female,Rural,Secondary,Unemployed,Single,Yes,151.7,72.7,31.6,Never,Moderate,Moderate,No,No,149,78,4.8,0.89,2.8,3.1,4.8,88,131,4.0,11,10.0,1,Yes,17,No,,
PHC-1058, Ilemela HC ,2024-03-30,25,Male,Rural,None,Other,Married,No,164.6,63.9,23.6,Never,Moderate,Low,No,No,105,87,5.2,1.16,3.3,1.8,6.3,64,140,3.8,17,8.0,0,N,0,No,,
PHC-1092,Kisesa HC,2024-10-06,65,Male,Rural,None,Trader,Divorced,No,172.4,78.5,26.4,Former,None,Moderate,Yes,No,158,95,4.3,1.2,2.1,1.7,5.7,75,135,3.8,8,8.2,0,Yes,94,No,,
PHC-1102,Bugando PHC,2024-08-22,59,Female,Urban,None,Unemployed,Married,1,165.7,44.6,16.2,Current,Moderate,Low,No,No,107,90,,1.47,2.7,1.9,5.0,81,142,4.1,11,9.2,0,Yes,81,No,,
PHC-1130,Ilemela HC,2024-10-24,49,Female,Urban,Secondary,Professional,Married,No,156.6,70.3,28.7,Never,None,Moderate,Yes,No,167,67,4.6,1.38,2.2,2.0,4.9,56,135,4.5,11,0.6,0,1,53,No,,
PHC-1236,Ilemela HC,09/09/2024,37,Female,Rural,None,Farmer,Widowed,No,158.0,47.4,19.0,Current,Moderate,Moderate,Yes,No,129,75,5.8,1.07,3.4,1.5,6.1,71,142,3.4,15,7.9,0,No,0,No,,
PHC-1315,Kisesa HC,2024-04-13,69,Male,Rural,Secondary, Unemployed ,Married,Yes,176.4,83.7,26.9,Current,None,Moderate,0,No,166,89,6.3,0.6,4.8,2.6,6.0,80,135,4.1,9,7.2,1,Yes,91,Yes,Poor,No
PHC-0959,Ilemela HC,2024-07-04,50,F,Urban,Primary,Other,Married,No,165.1,83.5,30.6,Never,Moderate,Moderate,0,No,141,98,NA,1.08,4.5,2.6,6.7,105,142,3.4,11,13.6,2,Yes,26,No,,
PHC-0560,Nyamagana PHC,2024-05-21,59,f,Urban,Tertiary, Farmer ,Married,0,160.7,69.9,27.1,Never,None,Low,No,No,169,79,4.6,1.5,1.9,1.1,4.6,81,142,5.0,12,4.4,0,Yes,33,Yes,Poor,No
PHC-0847,Bugando PHC,22-Jan-2024,57,Male,Urban,Secondary,Farmer,Married,No,177.0,97.2,31.0,Never,Moderate,Low,No,0,167,93,5.6,1.33,3.2,1.6,3.4,121,133,3.9,18,3.1,1,Yes,18,No,,
PHC-0691,Bugando PHC,2024-03-27,47,Female,Rural,Primary,Professional,Married,Yes,162.8,59.4,22.4,Former,Heavy,High,1,N,99,91,5.5,1.34,3.0,2.2,4.5,61,140,4.2,12,17.3,0,Yes,64,0,,
PHC-1447,Bugando PHC,10/07/2024,37,M,Rural,Primary,Unemployed,Married,No,166.9,76.1,27.3,Current,None,Moderate,Yes,N,129,87,4.3,1.02,1.9,2.1,6.1,70,142,5.5,9,10.1,0,No,0,No,,
PHC-1395,Ilemela HC,2024-11-21,46,F,Urban, Primary ,Trader,Divorced,Y,173.2,88.7,29.6,Never,None,Low,Yes,No,138,96,4.5,0.96,2.5,0.9,4.3,98,137,3.3,10,3.6,1,Yes,45,Yes,Poor,No
PHC-0437, Kisesa HC ,2024-03-12,49,f,Urban,Tertiary,Unemployed,Married,Yes,159.3,58.5,23.1,Former,Moderate,Low,No,No,131,102,4.9,0.71,2.5,0.6,6.3,76,144,3.9,,10.2,1,Yes,45,1,Good,No
PHC-0491,Igoma HC,19/10/2024,33,Male,Urban,Primary,Trader,Married,No,163.5,,28.8,Former,Moderate,Moderate,No,No,169,88,5.0,1.27,2.9,3.8,6.1,60,141,4.3,3,6.2,0,Yes,59,No,,
PHC-1492,Ilemela HC,2024-07-28,67,Female,Urban, Secondary ,Farmer,Divorced,0,160.9,73.4,28.4,Never,Heavy,Moderate,No,No,152,75,NA,1.7,,1.6,7.2,116,143,5.4,14,3.4,0,Yes,34,Yes,Poor,No
PHC-1497,Bugando PHC,2024-02-23,54,Male,Urban,Tertiary,Unemployed,Widowed,0,167.3,66.8,23.9,,Moderate,High,Yes,No,118,84,4.0,1.34,NA,0.8,5.5,66,136,4.1,16,2.9,1,1,104,No,,
PHC-0070,Igoma HC,2024-08-10,33,Female, Urban ,Primary,Professional,Married,Yes,155.3,65.9,27.3,Never,None,Low,Y,No,140,70,5.3,1.4,2.7,1.4,4.6,76,137,4.9,11,10.2,0,Yes,115,No,,
PHC-0809,Nyamagana PHC,2024-05-18,18,M,Urban,Secondary,Unemployed,Married,0,175.0,72.0,23.5,Never,Heavy,Low,No,No,112,79,5.4,1.58,3.1,1.6,5.2,92,139,4.3,NA,0.4,0,No,0,0,,
PHC-1185,Bugando PHC,19/05/2024,59,Female,Urban,None,Professional,Married,Yes,166.4,92.2,33.3,Former,None,Moderate,No,N,158,98,4.8,1.23,,2.0,4.4,88,142,3.8,9,2.0,1,Yes,18,Y,Good,No
PHC-0012,Ilemela HC,2024-06-12,77,Male,Urban,None,Professional,Single,Yes,165.4,72.0,26.3,Never,None,Low,No,N,109,97,5.6,1.48,3.3,2.8,6.0,74,137,3.8,14,,1,Yes,54,Yes,Good,No
PHC-0145,Buzuruga PHC,2024-05-13,46,F,Rural,None,Trader,Married,No,162.7,60.1,22.7,Current,None,Low,Yes,No,105,88,5.1,1.49,2.6,2.3,4.5,51,140,5.1,10,8.1,0,Yes,92,1,Good,Yes
PHC-0918,Bugando PHC,2024-08-01,72,Male,Urban,Primary,Other,Single,Yes,166.4,84.8,30.6,Never,Moderate,Low,No,No,144,100,5.1,1.58,2.8,1.0,4.6,97,138,4.3,10,4.9,1,Yes,87,Yes,Good,No
PHC-0640,Nyamagana PHC,05/08/2024,37,Male,Rural,Secondary,Farmer,Married,Yes,178.2,85.2,26.8,Never,Moderate,High,1,0,126,99,5.6,1.54,3.0,1.2,5.6,87,142,4.8,15,16.8,0,Yes,2,Y,Poor,No
PHC-0177,Igoma HC,2024-09-08,40,male,Rural,Primary,Farmer,Married,Yes,186.7,87.2,25.0,Former,Heavy,Low,Yes,No,131,101,5.6,1.1,3.2,1.8,5.9,77,142,4.2,12,6.6,0,Yes,86,No,,
PHC-0995,Buzuruga PHC,22/01/2024,38,m,Urban,Secondary,Trader,Single,No,160.9,73.0,28.2,Never,None,Low,0,No,124,92,5.4,1.47,2.8,3.0,6.0,92,138,4.7,10,3.6,0,Yes,45,0,,
PHC-0441,Bugando PHC,04/04/2024,43,Female, Urban ,Secondary,Unemployed,Married,No,164.4,66.8,24.7,Never,None,Low,Yes,No,132,94,5.0,1.62,2.1,1.1,4.9,94,137,5.0,,3.8,0,1,12,No,,
PHC-0522,Nyamagana PHC,04-Oct-2024,46,Female, Rural ,Secondary,Unemployed,Divorced,No,158.0,80.1,32.1,Never,Moderate,Low,No,No,166,81,4.2,1.76,1.2,1.8,6.2,92,137,4.7,5,8.4,1,Yes,18,0,,
PHC-1478,Bugando PHC,2024-06-19,75,male,Urban,None,Professional,Widowed,0,179.5,87.4,27.1,Former,None,Low,No,No,170,97,5.4,1.25,3.1,2.0,5.1,96,136,4.2,12,9.8,0,Yes,19,Yes,Poor,No
PHC-1005,Bugando PHC,2024-05-02,59,Male,Urban,Primary,Other,Married,Yes,161.5,64.5,24.7,Never,None,Low,Yes,No,151,72,3.6,1.56,1.0,1.7,5.5,78,136,4.4,8,6.3,1,Y,13,Yes,Good,No
PHC-1256,Igoma HC,21/11/2024,54,Female,Urban,Primary,Other,Married,Yes,165.0,66.0,24.2,Never,None,Low,No,No,140,77,4.1,0.94,,2.4,6.1,90,142,4.7,12,1.7,1,Yes,93,Yes,Poor,No
PHC-1235,Bugando PHC,2024-04-12,35,Male,Rural,Secondary,Trader,Married,No,169.4,61.6,21.5,Former,None,Moderate,No,No,124,74,5.1,1.42,2.2,1.4,4.9,67,139,3.6,10,13.7,1,Yes,67,0,,
PHC-0144,Kisesa HC,2024-06-28,95,Female,Urban, Primary ,Farmer,Married,No,155.7,51.7,21.3,Never,None,Low,Yes,No,174,73,,1.1,3.3,1.3,4.8,73,137,4.4,7,9.2,0,Yes,31,Yes,Poor,No
PHC-0754,Kisesa HC,22/08/2024,55,Female,Urban, Primary ,Professional,Married,Yes,163.9,95.0,35.4,Never,None,Moderate,Yes,No,167,80,5.7,1.35,2.8,2.5,5.5,65,134,4.0,9,0.2,1,Yes,38,Yes,Good,No
PHC-0520,Kisesa HC,2024-08-01,50,Male, Urban ,Secondary,Farmer,Divorced,No,171.5,78.1,26.6,Never,None,Low,No,0,103,80,5.0,1.54,2.4,1.6,6.0,68,137,4.2,7,3.7,0,No,0,N,,
PHC-0823,Igoma HC,13-Feb-2024,24,Male,Urban,Primary,Trader,Married,0,171.0,67.4,23.0,Never,None,High,No,No,129,71,4.6,1.6,1.9,0.6,6.0,62,136,4.8,6,3.0,1,No,0,No,,
PHC-0429,Igoma HC,20-Jun-2024,56,M,Rural,Tertiary,Unemployed,Married,No,175.3,,29.2,Former,Moderate,Moderate,0,No,184,84,4.4,1.63,1.8,1.4,5.5,96,144,4.3,13,11.1,0,Yes,83,No,,
PHC-0613,Nyamagana PHC,27/09/2024,34,Female,Rural,Secondary,Professional,Widowed,No,162.1,77.9,29.6,Never,None,Moderate,No,No,150,83,5.9,1.08,4.1,0.6,5.3,74,137,4.1,14,7.4,0,Yes,106,No,,
PHC-1033,Bugando PHC,03-Oct-2024,40,Male,Urban,Secondary,Farmer,Widowed,No,171.1,47.4,16.2,Never,Moderate,Low,Yes,No,133,92,4.8,1.75,1.8,0.6,5.3,66,139,4.1,8,20.5,0,Yes,45,No,,
PHC-0157,Ilemela HC,2024-02-20,53,Female,Rural,None,Farmer,Married,No,163.8,87.7,32.7,Former,Moderate,Moderate,Yes,Yes,140,72,5.4,1.76,3.2,1.8,8.9,65,139,4.3,11,15.0,2,Y,39,Yes,Good,No
PHC-0540,Ilemela HC,2024-11-18,39,M,Rural,None,Trader,Married,No,169.0,88.3,30.9,Never,None,Moderate,No,No,147,73,6.2,1.72,3.9,1.0,6.0,99,142,3.8,12,10.4,1,Yes,51,No,,
PHC-1291,Bugando PHC,2024-04-22,47,female,Urban,Primary,Farmer,Single,0,153.8,64.7,27.4,Never,Moderate,Low,Yes,No,103,86,4.3,1.7,1.4,2.4,5.1,78,138,4.5,6,10.9,0,No,0,0,,
PHC-0462,Bugando PHC,2024-04-05,57,Male,Rural,Primary,Professional,Married,No,174.5,73.3,24.1,Former,None,Low,Yes,No,135,79,6.8,0.76,4.5,0.9,5.0,80,142,4.7,6,10.3,1,No,0,0,,
PHC-0577,Ilemela HC,2024-08-29,44,Female,Urban,Secondary,Farmer,Married,1,153.6,64.2,27.2,Never,None,High,Yes,No,129,92,5.7,0.82,3.6,1.8,5.2,83,135,4.3,7,7.2,0,Y,107,Yes,Good,No
PHC-0256,Bugando PHC,2024-05-07,71,Male,Rural,Primary,Trader,Single,Yes,157.2,63.0,25.5,Never,Heavy,Low,Yes,No,138,95,5.3,1.34,3.2,1.4,5.1,89,139,3.6,8,7.4,0,1,43,Yes,Poor,No
PHC-0980,Igoma HC,03/02/2024,18,Female,Rural,Tertiary,Farmer,Single,Yes,147.1,49.8,23.0,Never,None,Low,No,No,116,65,5.8,0.96,3.5,1.5,5.3,75,141,4.0,11,16.1,0,0,0,No,,
PHC-1186,Nyamagana PHC,2024-03-17,45,Male,Rural, None ,Unemployed,Married,No,162.4,75.4,28.6,Never,Moderate,Moderate,No,0,119,69,4.3,1.14,2.3,2.1,4.0,93,132,4.4,13,5.4,1,Yes,12,Yes,Poor,Yes
PHC-1007,Kisesa HC,2024-09-08,69,Female,Rural,Secondary,Trader,Widowed,Yes,167.9,64.7,23.0,Never,Moderate,Moderate,Yes,No,144,86,4.6,1.27,2.4,1.7,4.3,96,145,4.4,11,4.1,0,Yes,39,No,,
PHC-0561,Ilemela HC,2024-07-30,55,Female, Urban , Secondary ,Professional,Married,No,154.4,68.5,28.7,Current,Heavy,Low,No,No,139,81,5.5,1.73,2.2,1.0,4.6,55,137,4.0,6,1.6,0,No,0,No,,
PHC-0209, Nyamagana PHC ,2024-04-11,39,female,Urban,Secondary,Trader,Married,Yes,154.7,51.6,21.6,Never,Heavy,Low,No,0,128,69,5.4,1.54,3.1,2.5,6.0,86,140,4.5,17,5.2,0,Yes,9,No,,
PHC-0911,Nyamagana PHC,21-May-2024,34,Female, Urban ,Secondary,Other,Married,No,162.7,64.1,24.2,Never,None,Moderate,Yes,No,116,85,4.0,1.27,1.1,0.6,6.1,56,140,5.0,7,21.2,0,1,63,1,Poor,Yes
PHC-1312,Ilemela HC,05-Nov-2024,66,Female,Rural,Secondary,Unemployed,Widowed,Yes,161.7,85.2,32.6,Never,None,Moderate,No,No,191,77,4.1,1.5,1.3,2.3,5.8,68,142,4.3,7,4.8,2,Yes,104,Yes,Poor,No
PHC-0002,Ilemela HC,2024-10-29,45,Male, Urban ,Primary,Farmer,Married,Yes,172.9,64.7,21.6,Never,None,Low,N,N,115,86,3.7,1.27,1.0,1.7,6.2,67,136,4.0,10,11.2,0,0,0,No,,
PHC-0270,Bugando PHC,2024-10-25,35,Female,Urban, Primary ,Professional,Single,Yes,165.9,78.5,28.5,Former,None,Moderate,No,0,119,81,4.3,0.97,2.1,1.4,5.7,72,140,3.8,10,1.9,1,No,0,0,,
PHC-0266,Bugando PHC,2024-10-24,42,Male,Urban,Primary,Other,Single,0,162.8,64.4,24.3,Never,None,Low,Yes,No,129,102,5.3,1.2,3.3,1.1,5.7,60,137,4.7,10,10.2,0,Yes,92,No,,
PHC-0915,Ilemela HC,2024-03-09,52,Male,Rural, Secondary ,Unemployed,Widowed,No,179.2,54.1,16.8,Current,None,Low,No,No,157,86,5.6,1.08,3.4,1.9,5.5,70,141,4.4,9,19.4,0,Yes,96,Yes,Poor,No
PHC-0231, Nyamagana PHC ,2024-03-13,51,Female,Rural,Primary,Professional,Single,No,164.7,71.8,26.5,Current,Moderate,Low,N,No,150,77,5.3,1.53,2.1,1.1,5.8,75,137,4.1,8,8.7,0,Yes,27,No,,
PHC-1475,Buzuruga PHC,2024-01-19,59,female, Rural ,Primary,Farmer,Married,Yes,164.4,78.8,29.2,Former,None,Moderate,No,No,141,82,4.6,1.34,2.9,1.7,6.6,77,139,3.6,9,20.8,0,Yes,33,No,,
PHC-1120,Nyamagana PHC,2024-02-07,45,Male,Urban,Secondary,Professional,Divorced,No,172.1,88.6,29.9,Never,None,Moderate,No,Yes,136,82,5.4,0.91,3.8,1.0,7.6,83,135,4.4,14,5.0,1,No,0,No,,
PHC-1470,Kisesa HC,13/09/2024,67,Female,Rural,Secondary, Farmer ,Married,Yes,155.9,68.0,28.0,,Moderate,High,No,No,131,92,5.6,0.64,4.6,1.2,,87,140,3.2,9,5.2,0,Yes,12,No,,
PHC-0865,Igoma HC,2024-03-17,46,Female,Urban,Primary,Professional,Divorced,No,153.3,66.6,28.3,Former,None,High,Yes,No,124,87,5.1,1.05,3.3,1.9,6.1,81,144,4.4,9,8.2,0,No,0,No,,
PHC-1067,Igoma HC,2024-08-17,21,Female,Rural,Secondary,Farmer,Married,No,156.9,37.8,15.4,Former,None,Moderate,No,No,126,71,5.6,1.09,,2.0,6.2,71,136,4.3,,7.4,0,No,0,0,,
PHC-0874,Bugando PHC,2024-05-29,54,Male,Urban,Primary,Unemployed,Married,Yes,164.2,58.2,21.6,Never,None,Low,No,No,123,76,4.3,1.5,1.2,1.2,6.3,76,141,4.4,13,6.2,0,No,0,No,,
PHC-1339,Ilemela HC,2024-07-05,70,Male,Urban,Secondary,Unemployed,Married,No,174.4,45.6,15.0,Never,None,Low,Yes,0,133,83,4.8,1.83,2.2,1.8,6.5,109,136,4.6,10,11.0,0,No,0,No,,
PHC-0399,Kisesa HC,2024-11-05,31,female,Rural,Primary,Farmer,Divorced,No,165.0,94.4,34.7,Current,None,High,0,No,148,59,6.0,1.83,2.9,1.7,4.1,87,141,4.1,4,10.1,1,Yes,7,No,,
PHC-1365,Igoma HC,2024-07-30,48,Female,Rural, Secondary ,Unemployed,Married,0,154.8,81.1,33.8,Current,None,Low,Yes,No,128,79,4.6,1.05,3.0,1.9,999,75,142,4.3,9,15.6,1,No,0,N,,
PHC-0046,Kisesa HC,2024-11-02,59,Female,Urban,Primary,Professional,Single,0,164.5,62.3,23.0,Current,Moderate,Moderate,Yes,No,124,88,4.1,0.73,2.1,2.4,4.6,81,137,4.2,13,2.2,0,No,0,No,,
PHC-0162,Buzuruga PHC,2024-09-24,60,Male,Rural, Secondary ,Farmer,Widowed,No,162.1,79.2,30.1,Never,Heavy,Moderate,No,No,132,91,6.0,1.16,3.7,0.8,5.2,49,137,4.6,11,5.4,1,1,28,No,,
PHC-0992,Bugando PHC,2024-11-25,67,male,Urban,Secondary,Farmer,Widowed,No,173.3,96.8,32.2,Never,Moderate,Low,0,No,156,76,4.7,1.21,2.1,1.3,5.7,86,142,4.9,16,0.5,1,Y,14,1,Poor,No
PHC-0728,Nyamagana PHC,2024-10-18,49,Female,Urban,Secondary,Trader,Divorced,Yes,157.4,86.8,35.0,Never,Moderate,Low,N,0,159,80,5.8,1.52,2.8,2.3,4.9,63,139,4.0,20,6.7,2,Y,78,No,,
PHC-0630,Igoma HC,2024-06-26,23,Female, Urban ,None,Farmer,Married,No,153.7,64.5,27.3,Current,None,Moderate,Yes,No,141,84,3.5,1.5,1.0,1.7,6.3,64,140,4.5,6,1.1,0,1,96,No,,
PHC-0289,Kisesa HC,26/04/2024,52,F,Urban,Secondary,Trader,Single,Yes,151.5,62.2,27.1,Never,Moderate,Moderate,Yes,1,138,70,5.8,1.13,3.7,2.7,9.0,100,137,4.2,10,3.5,2,No,0,No,,
PHC-1060,Nyamagana PHC,06-Sep-2024,68,Female, Urban ,Primary,Trader,Widowed,No,166.7,62.2,22.4,Current,Moderate,Moderate,No,No,141,78,4.7,1.2,2.3,1.7,5.6,100,138,4.3,12,0.4,0,Yes,7,N,,
PHC-1459,Nyamagana PHC,2024-02-07,61,Male,Urban,None,Professional,Married,No,170.8,70.8,24.3,Never,None,Moderate,0,Yes,148,95,5.8,1.63,2.6,1.8,7.8,83,136,4.0,9,15.1,1,Yes,61,Yes,Good,No
PHC-0576,Ilemela HC,2024-10-21,25,m,Rural,Secondary, Other ,Single,Yes,177.5,81.6,25.9,Current,Moderate,Moderate,No,No,121,73,6.1,1.52,3.7,1.3,6.2,71,142,4.8,15,,0,No,0,No,,
PHC-0851,Nyamagana PHC,08-Jun-2024,72,Male,Urban,Tertiary,Farmer,Widowed,No,177.0,88.7,28.3,Never,None,Low,Yes,No,146,93,4.5,1.38,2.3,2.7,4.2,80,142,4.1,8,6.0,0,Yes,69,Yes,Good,No
PHC-1340,Igoma HC,27/10/2024,81,Female, Urban ,None,Professional,Married,Yes,158.7,62.9,25.0,Former,None,Low,Yes,No,165,92,6.9,1.0,4.8,0.4,4.6,82,141,4.9,8,5.9,1,Yes,48,Yes,Poor,No
PHC-0912,Bugando PHC,2024-11-09,32,Male,Rural,Primary, Trader ,Married,Yes,168.5,96.8,34.1,Former,None,Moderate,1,No,146,79,4.3,1.39,2.0,0.9,6.1,78,135,4.5,8,11.6,1,Yes,110,No,,
PHC-1255,Kisesa HC,2024-11-07,77,Female,Rural,Secondary,Trader,Married,No,156.2,36.6,15.0,Never,Moderate,Moderate,Y,0,128,87,4.8,0.96,2.5,1.4,4.4,70,138,5.3,7,,0,No,0,No,,
PHC-1358,Nyamagana PHC,29/07/2024,35,Female,Urban,Secondary,Professional,Married,N,160.7,59.5,23.0,Never,Heavy,Moderate,0,0,129,93,4.9,1.62,2.3,1.2,5.0,78,136,4.2,15,2.0,0,Yes,84,0,,
PHC-0933,Kisesa HC,2024-10-17,72,Female,Urban, Primary ,Other,Widowed,Yes,161.0,81.2,31.3,Never,None,Low,0,No,171,68,3.9,1.63,1.3,2.7,6.1,81,138,4.2,9,3.1,1,Yes,50,1,Poor,No
PHC-1101,Ilemela HC,2024-07-17,36,F,Urban,Primary,Other,Married,Y,149.5,58.4,26.1,Never,Moderate,Moderate,Yes,0,134,76,3.8,1.22,1.6,1.7,5.5,77,138,4.3,8,4.8,0,No,0,No,,
PHC-1208,Nyamagana PHC,2024-04-25,51,M,Urban, Secondary ,Other,Married,No,170.7,61.2,21.0,Never,None,Low,Yes,No,146,75,4.7,0.92,2.8,0.7,4.3,78,137,4.2,15,1.6,0,Yes,79,1,Good,No
PHC-0248,Kisesa HC,2024-07-04,55,Female,Rural,Primary,Professional,Widowed,No,160.7,59.6,23.1,Current,Moderate,Low,No,0,151,98,5.0,1.67,2.0,0.7,4.3,80,138,4.3,13,7.3,0,1,94,No,,
PHC-0477,Nyamagana PHC,05-May-2024,70,Male,Rural,Primary,Unemployed,Married,N,163.6,93.4,34.9,Never,None,Low,No,No,158,79,5.8,2.01,,2.1,5.1,80,140,4.2,8,4.9,1,Yes,12,0,,
PHC-0086,Bugando PHC,2024-10-13,55,Female, Rural ,Tertiary,Unemployed,Married,No,168.3,65.5,23.1,Never,None,High,0,N,132,72,4.9,1.63,2.0,1.4,5.2,82,142,4.2,13,6.7,0,0,0,0,,
PHC-0470,Nyamagana PHC,2024-10-11,78,Male,Urban,None,Farmer,Widowed,No,168.9,66.2,23.2,Never,Moderate,High,No,No,124,98,6.3,1.54,3.5,1.4,7.3,74,136,3.3,11,0.3,1,Yes,42,0,,
PHC-0226,Buzuruga PHC,2024-09-11,37,f,Rural,None,Other,Married,0,161.7,104.5,40.0,Former,None,Low,0,No,162,82,5.9,1.49,3.1,1.9,5.8,40,141,4.0,15,12.0,1,Yes,9,No,,
PHC-0775,Bugando PHC,2024-01-10,41,Female,Urban,None, Trader ,Married,No,156.1,67.4,27.7,Never,None,High,Yes,No,133,104,6.3,1.33,3.6,2.2,6.8,87,140,3.5,12,6.6,1,Yes,108,Yes,Poor,No
PHC-0332,Nyamagana PHC,2024-10-02,40,Male,Urban,Primary,Other,Married,No,175.0,74.2,24.2,Never,None,Moderate,0,N,124,90,4.4,1.15,2.4,2.1,5.0,105,141,4.1,6,0.5,0,Yes,94,No,,
PHC-0234,Nyamagana PHC,2024-03-16,24,Female,Urban, Secondary ,Farmer,Widowed,N,152.5,50.6,21.8,Never,Heavy,Low,No,No,122,85,4.3,1.03,2.6,1.8,4.6,40,138,4.6,8,7.5,1,No,0,No,,
PHC-0589,Igoma HC,2024-06-23,51,Male,Urban,Secondary,Other,Single,No,175.3,73.8,24.0,Never,Moderate,Moderate,Yes,No,166,93,4.6,1.26,2.9,1.5,5.0,52,144,3.9,15,2.7,0,Yes,106,Yes,Poor,No
PHC-0476,Nyamagana PHC,2024-09-18,57,Male,Rural,Primary,Other,Divorced,No,177.5,95.7,999,Never,Moderate,Low,Yes,0,162,92,5.1,1.51,2.5,2.9,5.0,60,142,4.4,16,9.6,1,Yes,55,No,,
PHC-1285,Bugando PHC,2024-10-19,41,M,Urban,Tertiary,Trader,Married,No,165.7,73.7,26.8,Never,Heavy,High,0,No,142,110,3.8,1.06,1.5,2.4,4.9,86,143,4.5,10,3.6,0,Yes,119,No,,
PHC-0600,Nyamagana PHC,24/01/2024,45,Female,Urban,Primary,Other,Married,Yes,153.6,85.5,36.2,Current,None,Low,No,N,148,73,6.9,1.54,,2.8,7.0,87,141,4.1,10,4.2,2,Yes,3,Yes,Good,No
PHC-0422,Kisesa HC,2024-10-14,66,F,Rural,Secondary,Professional,Widowed,No,175.5,89.3,29.0,Never,None,Low,No,0,149,86,4.0,1.35,1.2,1.8,5.8,130,139,4.8,9,9.6,0,Yes,92,No,,
PHC-0183,Nyamagana PHC,19/09/2024,65,Female,Urban,Secondary,Farmer,Single,N,169.2,,28.4,Never,None,Moderate,No,No,140,85,4.3,1.12,2.4,2.6,4.1,55,135,4.8,7,4.9,0,Y,26,No,,
PHC-0989,Bugando PHC,2024-01-22,73,Male,Urban,None,Farmer,Married,Yes,168.6,68.6,24.1,Current,None,Moderate,Yes,N,141,82,4.6,1.08,2.4,1.2,5.6,88,138,3.1,9,17.3,0,Yes,88,No,,
PHC-1001,Igoma HC,2024-06-11,43,Female,Rural,Primary,Other,Married,Yes,152.5,36.9,15.9,Never,None,Moderate,No,No,156,93,3.7,1.55,1.1,2.5,6.2,86,141,4.8,10,9.1,0,1,45,Yes,Good,No
PHC-1357,Kisesa HC,26/07/2024,67,m,Rural,None,Trader,Married,1,167.6,49.7,17.7,Never,Heavy,Moderate,Yes,No,126,98,5.5,1.92,2.6,1.3,5.5,57,141,4.5,11,12.8,0,Yes,16,No,,
PHC-0050,Nyamagana PHC,23/07/2024,32,Female,Rural,Secondary,Trader,Divorced,Yes,169.2,96.3,33.6,Never,None,High,Yes,N,132,75,4.6,1.12,2.2,2.5,7.1,47,141,4.9,12,12.5,2,No,0,No,,
PHC-1402,Ilemela HC,2024-07-18,47,Male,Urban,Secondary,Unemployed,Single,Yes,172.2,64.7,21.8,Never,Moderate,Low,N,No,139,93,5.2,1.73,2.1,1.0,4.6,67,141,3.9,8,5.3,0,Yes,55,No,,
PHC-1030,Kisesa HC,05/10/2024,38,Female,Rural,Primary,Other,Married,Yes,159.8,75.1,29.4,Never,Heavy,Moderate,0,No,135,80,7.4,1.53,4.8,0.7,5.6,72,139,4.4,15,29.6,2,No,0,0,,
PHC-0530,Igoma HC,2024-02-03,58,Female,Rural,Secondary,Farmer,Married,No,160.1,65.2,25.4,Never,None,High,Y,No,153,93,2.9,0.97,1.0,1.9,4.3,94,144,3.6,10,4.3,0,Y,102,Y,Poor,No
PHC-1259,Nyamagana PHC,2024-09-05,48,Female,Urban,Primary,Farmer,Single,No,149.4,59.1,26.5,Current,Moderate,Moderate,No,No,142,107,5.0,1.87,1.8,2.3,6.1,116,141,4.5,9,6.1,0,1,58,No,,
PHC-0487,Bugando PHC,2024-05-03,52,Female,Rural,Secondary,Farmer,Single,No,160.9,38.8,15.0,Never,None,Low,Yes,No,132,85,,0.92,2.4,2.2,5.5,73,139,4.3,9,5.7,0,No,0,N,,
PHC-1486,Kisesa HC,2024-04-29,37,Female,Rural,Primary,Farmer,Married,No,154.1,62.1,26.2,Current,Moderate,Moderate,No,No,119,95,NA,2.01,1.4,1.9,4.5,95,144,4.3,11,9.4,0,Yes,24,Y,Good,No
PHC-0498,Igoma HC,2024-07-23,48,Female,Urban,Secondary,Unemployed,Married,No,162.2,77.8,29.6,Never,None,Moderate,Yes,0,134,81,4.6,1.13,2.0,0.4,4.9,63,146,4.7,7,6.2,0,Yes,11,Y,Poor,Yes
PHC-0107,Bugando PHC,2024-02-18,55,Female,Rural,None,Farmer,Widowed,0,174.0,92.5,30.6,Current,None,Low,Yes,No,145,94,6.4,1.27,4.0,2.5,4.2,96,140,4.4,12,25.9,3,Yes,119,No,,
PHC-0444,Bugando PHC,30/09/2024,54,Female, Rural , None ,Farmer,Single,0,164.1,76.7,28.5,Never,Heavy,Low,Yes,No,122,97,6.0,1.41,3.3,0.4,7.0,74,139,4.4,10,10.2,0,Yes,76,No,,
PHC-0647,Ilemela HC,2024-10-19,39,Female,Rural,Primary,Unemployed,Married,No,161.2,50.2,19.3,Never,None,Low,No,0,150,64,5.2,1.27,3.0,2.3,5.1,64,136,4.7,10,9.5,0,Yes,114,N,,
PHC-1037,Nyamagana PHC,2024-06-28,56,Male,Rural,Tertiary,Trader,Married,No,166.8,75.6,27.2,Former,None,Moderate,1,No,142,79,6.1,1.36,3.8,1.3,5.2,80,139,4.2,10,9.6,0,Y,102,No,,
PHC-0727,Ilemela HC,09/02/2024,50,Female, Rural , Primary ,Trader,Widowed,Yes,168.0,72.1,25.5,Never,None,High,Y,No,115,82,-99,1.36,3.1,1.8,5.4,74,141,4.5,12,15.6,0,0,0,No,,
PHC-0191,Bugando PHC,2024-11-21,42,Male,Urban,Secondary,Farmer,Married,No,173.6,NA,26.4,Never,None,Moderate,No,No,100,84,4.7,1.14,2.6,1.7,5.8,111,141,5.0,11,3.0,0,No,0,0,,
PHC-0283, Nyamagana PHC ,22/09/2024,31,Female,Urban,Secondary,Farmer,Widowed,Yes,156.1,55.7,22.9,Current,None,Moderate,Yes,No,112,69,6.4,1.37,,0.7,999,78,141,4.5,12,5.0,1,No,0,No,,
PHC-0030,Nyamagana PHC,10-Jan-2024,27,M,Urban,Secondary,Unemployed,Widowed,Yes,163.0,73.5,27.7,Current,None,Moderate,Yes,No,120,79,6.8,1.4,4.3,2.3,7.3,128,141,3.8,9,7.7,1,No,0,No,,
PHC-0170,Buzuruga PHC,21/02/2024,41,Female,Rural,Primary,Farmer,Married,No,163.0,NA,19.2,Never,None,Low,No,No,148,80,4.2,0.89,1.9,1.2,6.9,115,141,4.7,,14.7,0,Y,78,No,,
PHC-1002,Nyamagana PHC,2024-07-06,44,Female,Rural,Secondary,Farmer,Married,Yes,151.0,41.7,18.3,Never,None,High,No,No,122,78,4.7,1.34,1.9,1.3,5.7,96,136,4.1,,5.3,0,No,0,No,,
PHC-1205,Nyamagana PHC,2024-02-29,70,Male,Urban,Primary,Other,Widowed,Yes,165.6,62.2,22.7,Former,None,Moderate,No,No,157,85,4.9,1.52,2.8,1.5,5.9,88,142,4.8,14,3.2,0,Yes,78,1,Good,No
PHC-0101,Igoma HC,21/11/2024,35,m,Urban,Secondary,Professional,Married,No,170.6,74.1,25.5,Former,None,High,No,No,137,72,5.9,1.3,3.5,1.7,4.2,85,137,3.6,8,2.6,0,0,0,No,,
PHC-0198,Buzuruga PHC,2024-04-22,51,Female, Urban ,Primary,Unemployed,Married,0,158.3,73.4,29.3,Never,None,Moderate,N,0,165,92,4.0,0.77,1.8,1.1,6.4,88,145,4.7,15,8.7,0,1,81,Yes,Good,No
PHC-0496,Nyamagana PHC,2024-10-26,50,Female,Rural,Primary,Trader,Widowed,No,160.2,64.2,25.0,Never,None,Moderate,Y,No,137,83,4.6,1.73,1.6,3.0,4.5,104,142,4.2,8,6.5,0,N,0,No,,
PHC-0648,Igoma HC,2024-01-15,69,Male,Urban,Primary,Professional,Married,0,161.3,61.8,23.8,Current,None,Low,No,No,155,104,6.0,1.21,3.3,2.5,6.1,103,143,4.0,10,0.4,0,Yes,51,No,,
PHC-0988,Bugando PHC,2024-06-12,54,Female,Rural,Tertiary,Trader,Divorced,No,157.5,78.2,31.5,Never,None,Low,0,No,144,107,5.6,1.47,3.1,2.2,6.3,106,142,3.9,15,6.1,1,Yes,111,Yes,Poor,No
PHC-0045,Buzuruga PHC,2024-02-01,48,Female,Urban,None,Farmer,Married,0,165.9,94.8,999,Current,None,Moderate,0,No,129,90,2.8,1.5,1.0,1.2,999,80,134,4.9,5,5.3,1,Yes,85,No,,
PHC-0711,Bugando PHC,2024-08-10,26,m,Rural,Primary,Farmer,Widowed,No,173.6,88.4,29.3,Former,None,Low,0,No,138,95,-99,1.2,2.8,2.2,5.1,53,135,4.0,13,6.2,1,Yes,71,No,,
PHC-0374,Bugando PHC,2024-05-24,44,Female,Urban, Secondary ,Unemployed,Married,N,160.1,59.7,,Never,None,Moderate,Yes,N,134,88,5.2,1.11,3.0,1.8,5.5,109,141,3.6,10,0.9,0,No,0,No,,
PHC-0679,Nyamagana PHC,2024-04-29,23,Female,Urban, Secondary ,Other,Widowed,No,161.9,66.2,25.3,Former,None,Low,No,No,142,87,2.8,0.9,1.0,1.0,4.0,82,141,4.9,12,15.2,0,Yes,57,No,,
PHC-0567,Ilemela HC,2024-05-03,49,Female,Rural,Primary,Farmer,Widowed,Yes,178.8,78.4,24.5,Never,None,Low,1,No,148,59,4.0,1.57,1.9,1.7,4.4,55,137,3.9,12,31.2,1,1,18,0,,
PHC-0848,Ilemela HC,2024-01-28,69,f,Rural,Tertiary, Other ,Single,1,160.4,58.5,22.7,Never,Moderate,Low,No,0,152,95,4.5,1.21,2.3,1.9,,92,141,4.4,14,5.8,0,Yes,119,Yes,Poor,No
PHC-0461,Kisesa HC,2024-02-28,40,Female,Rural,Primary,Unemployed,Married,No,165.7,62.8,22.9,Never,None,Low,Y,No,138,89,4.8,1.73,2.5,1.4,5.1,96,140,4.9,10,8.5,0,No,0,No,,
PHC-1156,Igoma HC,21/05/2024,61,Male,Rural,Primary, Trader ,Divorced,Y,165.8,70.6,25.7,Former,Moderate,Moderate,No,No,146,74,6.4,1.02,4.5,1.4,5.5,102,140,4.3,11,4.9,1,Yes,89,N,,
PHC-0040, Nyamagana PHC ,2024-04-03,47,Female,Rural,Primary,Other,Married,No,150.3,57.8,25.6,Never,None,Low,No,0,102,78,6.0,1.46,3.6,1.6,5.8,83,138,4.6,11,9.3,0,No,0,No,,
PHC-0435,Ilemela HC,2024-02-18,41,Male,Rural,None,Unemployed,Married,No,180.9,85.9,26.2,Former,Moderate,Low,Yes,No,122,71,4.1,0.53,2.9,2.0,4.0,64,143,4.9,7,6.1,0,No,0,No,,
PHC-0974,Ilemela HC,18-Jun-2024,53,Female,Rural,Primary,Unemployed,Married,Yes,164.2,88.7,32.9,Never,None,Low,No,No,152,88,4.3,1.63,1.6,1.4,5.8,43,139,4.1,15,26.6,2,Yes,9,No,,
PHC-1240,Buzuruga PHC,2024-04-30,50,Female,Urban,Secondary,Trader,Divorced,No,155.9,50.9,20.9,Former,Moderate,Low,Yes,No,133,94,7.0,1.35,4.9,1.9,5.3,69,139,4.5,14,3.7,1,Yes,71,Yes,Poor,No
PHC-1008,Buzuruga PHC,2024-03-25,48,Female,Urban,Secondary,Trader,Married,No,154.6,68.0,28.5,Never,Heavy,Low,Yes,No,114,104,4.9,1.73,1.9,2.3,6.4,63,139,3.6,4,8.6,0,Yes,118,No,,
PHC-0457,Kisesa HC,2024-09-12,52,F,Urban,None,Trader,Married,No,160.1,61.1,999,Former,None,Low,No,No,160,82,6.0,0.87,4.3,1.0,5.0,94,138,5.0,13,10.1,0,Yes,81,Yes,Good,No
PHC-0261,Buzuruga PHC,2024-11-10,64,Male,Urban,None,Trader,Married,No,177.7,97.9,31.0,Former,None,Low,No,No,132,85,5.3,1.34,NA,1.2,7.0,60,136,4.5,6,3.4,1,0,0,N,,
PHC-0036,Kisesa HC,08/09/2024,51,F,Rural,Secondary,Farmer,Married,No,159.2,69.4,27.4,Current,None,Moderate,No,No,134,88,5.6,1.38,NA,1.1,5.3,88,141,4.4,11,7.7,0,0,0,No,,
PHC-0828,Bugando PHC,07/05/2024,50,Female,Rural,None,Unemployed,Married,No,165.3,59.7,21.8,Never,None,Moderate,No,0,130,89,NA,1.65,2.1,1.5,6.1,129,138,3.6,3,5.7,1,1,110,No,,
PHC-0310,Igoma HC,2024-05-25,36,m,Rural,Primary,Professional,Single,N,158.3,71.5,28.5,Current,None,Low,No,No,128,82,4.9,1.73,1.9,1.7,3.9,70,136,4.9,16,13.9,0,No,0,No,,
PHC-0277,Nyamagana PHC,2024-06-18,63,Female,Urban,Secondary, Farmer ,Single,Yes,161.9,59.0,22.5,Current,Moderate,Low,Yes,No,125,85,5.8,1.29,3.4,0.8,6.4,104,136,5.2,11,10.0,1,No,0,N,,
PHC-0637,Nyamagana PHC,14/11/2024,26,Female,Rural,Secondary,Farmer,Married,No,150.0,59.1,26.3,Never,None,Low,0,No,159,71,5.4,1.19,2.9,0.4,6.1,114,135,4.0,10,8.4,0,Yes,49,No,,
PHC-0655, Buzuruga PHC ,2024-08-12,63,Female,Rural,Tertiary,Trader,Married,0,157.3,59.3,24.0,Current,None,Low,Yes,No,150,89,4.7,1.07,,0.7,4.4,113,145,4.3,9,5.2,0,Yes,72,Yes,Good,No
PHC-0623,Bugando PHC,2024-04-07,71,Female,Rural,Primary,Farmer,Married,Yes,156.7,69.1,28.1,Never,None,Moderate,Y,1,135,97,4.9,1.16,2.4,1.2,9.0,91,141,4.6,12,9.4,1,1,58,Yes,Good,No
PHC-0845,Kisesa HC,2024-03-05,56,Female,Urban,Primary,Unemployed,Married,No,161.4,57.1,21.9,Former,Moderate,Moderate,No,No,140,94,4.3,0.97,1.9,2.8,5.3,102,138,4.2,12,12.9,0,Yes,106,1,Good,No
PHC-0394,Buzuruga PHC,13/04/2024,60,Female,Rural,Secondary,Farmer,Divorced,0,161.0,71.5,27.6,Former,Moderate,Low,No,No,136,75,6.8,1.4,4.5,1.4,5.0,85,133,4.1,10,8.7,1,No,0,N,,
PHC-0108,Igoma HC,2024-08-04,41,Female,Urban,Primary, Trader ,Married,No,154.0,,23.5,Never,None,Low,0,No,119,85,3.8,1.7,1.2,2.0,5.6,67,141,3.6,20,19.4,0,No,0,N,,
PHC-0350,Nyamagana PHC,2024-06-13,52,Female,Urban,None,Trader,Widowed,Yes,169.2,77.9,27.2,Current,None,High,No,No,160,66,,1.59,2.5,1.4,5.7,63,136,4.7,13,,0,Yes,99,No,,
PHC-0525,Nyamagana PHC,10/03/2024,49,F,Urban,Secondary,Trader,Married,No,159.6,60.1,23.6,Never,Moderate,Low,Yes,No,143,101,4.3,1.71,1.0,2.2,5.7,84,143,4.5,6,7.2,0,1,80,0,,
PHC-0785,Nyamagana PHC,2024-09-25,69,Female,Urban,,Other,Married,Y,143.2,61.3,29.9,Never,Heavy,Moderate,Yes,No,142,103,-99,0.94,3.3,1.1,3.4,109,139,4.6,6,6.1,0,Yes,26,Yes,Poor,No
PHC-0048,Bugando PHC,14/08/2024,57,female,Rural,Primary,Farmer,Married,Yes,147.0,44.7,20.7,Never,None,Moderate,No,No,149,69,2.8,1.54,1.0,2.9,6.4,112,138,3.4,11,6.0,0,Yes,86,No,,
PHC-0204,Nyamagana PHC,2024-10-07,50,Female,Urban,Tertiary,Professional,Married,No,177.1,100.5,32.0,Never,None,Low,Y,N,137,106,5.4,1.12,2.8,2.1,5.3,85,141,4.0,7,8.1,1,Yes,16,Yes,Poor,No
PHC-0022,Kisesa HC,2024-06-11,40,Male,Rural,Tertiary,Unemployed,Widowed,No,163.8,66.0,24.6,Never,Moderate,Moderate,1,No,172,93,4.4,0.92,2.5,1.8,5.1,83,137,4.4,13,6.2,0,Yes,1,Y,Poor,No
PHC-0403,Nyamagana PHC,2024-11-11,38,Female,Rural,, Trader ,Married,Yes,155.7,69.3,28.6,Current,Moderate,Low,Yes,No,159,74,6.1,1.11,4.0,0.7,6.9,96,142,3.5,10,5.8,0,Yes,79,Y,Good,No
PHC-1108,Bugando PHC,2024-08-04,59,m,Rural,Primary,Trader,Married,1,177.9,77.4,24.5,Former,None,Low,No,0,118,79,5.6,1.3,3.1,1.7,4.4,86,142,3.4,8,11.3,0,0,0,No,,
PHC-1155,Bugando PHC,2024-04-07,50,Female,Rural,Secondary,Trader,Married,1,158.6,70.4,28.0,Current,None,Low,No,No,123,84,6.8,1.13,4.6,1.0,5.8,63,135,4.4,11,NA,1,Yes,45,Yes,Good,Yes
PHC-0990,Nyamagana PHC,03/02/2024,33,Male,Rural,Primary,Farmer,Married,No,167.9,71.8,25.5,Never,Moderate,Low,No,0,121,72,5.0,1.6,2.6,1.3,3.7,40,139,4.2,12,8.6,1,0,0,No,,
PHC-0742,Bugando PHC,2024-05-06,42,Male,Urban,Primary,Other,Single,Yes,170.8,58.6,20.1,Current,Moderate,Moderate,No,No,108,65,5.0,1.28,2.7,1.6,6.9,83,140,5.1,9,2.0,0,Y,26,Yes,Poor,Yes
PHC-1311,Buzuruga PHC,21/02/2024,43,Female,Rural,Tertiary,Trader,Married,No,165.2,51.8,19.0,Current,None,Low,No,No,123,75,4.7,1.05,2.7,1.5,6.4,71,140,4.8,10,4.3,0,N,0,No,,
PHC-1148,Ilemela HC,2024-03-05,48,Female,Urban,None,Unemployed,Married,1,155.7,79.5,32.8,Current,Moderate,Moderate,Yes,No,147,85,,1.08,2.4,2.6,5.3,85,142,4.2,9,9.8,1,Yes,64,No,,
PHC-0034,Ilemela HC,06/06/2024,54,Male,Urban,Secondary,Unemployed,Divorced,N,165.1,61.3,22.5,Current,None,High,N,No,136,88,5.6,1.49,2.7,2.0,5.3,103,146,4.3,11,8.0,1,No,0,No,,
PHC-0788,Bugando PHC,2024-04-13,23,Male,Rural,,Farmer,Divorced,1,171.5,93.2,31.7,Never,Heavy,Moderate,Yes,No,146,80,4.7,0.94,2.5,1.9,999,74,140,4.6,11,4.7,2,1,60,N,,
PHC-0924,Igoma HC,2024-08-30,87,F,Rural,None,Other,Married,No,165.4,79.0,28.9,Never,Heavy,Low,No,0,151,89,5.5,1.16,3.7,1.7,5.1,96,138,4.1,8,17.2,0,1,47,N,,
PHC-1044,Ilemela HC,2024-01-09,54,Male, Rural ,Secondary,Farmer,Married,No,164.4,73.4,27.2,Current,None,Moderate,No,No,128,102,6.7,1.52,3.9,0.4,6.4,75,146,3.9,12,15.7,2,Yes,13,Yes,Good,No
PHC-1442,Igoma HC,2024-06-27,52,Female, Rural ,Tertiary,Professional,Married,Yes,164.6,81.7,,Never,Moderate,High,No,No,134,90,4.9,0.61,3.0,1.8,5.3,70,139,4.2,6,10.5,1,Yes,76,Yes,Poor,No
PHC-1244,Ilemela HC,15-Nov-2024,56,female,Rural,Secondary,Trader,Single,No,159.6,64.6,25.4,Never,None,High,No,No,130,95,5.3,1.38,3.0,2.4,6.3,55,139,4.1,13,18.9,0,1,12,1,Good,No
PHC-0580,Ilemela HC,2024-03-31,72,f,Urban, Tertiary ,Trader,Widowed,N,155.7,54.4,22.4,Never,Moderate,High,No,No,123,77,5.8,1.65,NA,1.7,5.0,103,140,5.3,15,4.9,1,N,0,No,,
PHC-0482,Bugando PHC,2024-02-01,60,Male,Urban,None,Other,Married,No,169.6,68.3,23.7,Current,None,High,Y,No,146,97,5.2,2.24,1.7,1.5,5.0,73,144,3.8,10,7.0,1,Yes,67,Y,Poor,No
PHC-0932,Nyamagana PHC,2024-05-26,54,f,Urban,,Professional,Married,No,152.6,59.7,25.6,Never,None,Low,No,N,120,77,6.3,1.15,4.4,1.8,6.3,72,141,4.6,8,2.8,1,Yes,98,No,,
PHC-0357,Bugando PHC,2024-08-26,45,m,Rural,Primary,Farmer,Widowed,Yes,181.4,70.1,21.3,Never,None,Low,0,0,114,76,5.3,1.76,2.4,0.9,5.8,78,135,3.7,14,8.8,0,No,0,No,,
PHC-1249,Kisesa HC,20/06/2024,46,f,Urban,Tertiary,Farmer,Married,1,151.3,50.9,22.2,Never,None,Low,No,No,113,83,,2.09,2.2,0.9,4.5,76,132,4.3,11,0.3,0,No,0,No,,
PHC-0760,Kisesa HC,13/03/2024,46,Male,Urban, Tertiary ,Farmer,Married,No,179.6,81.6,25.3,Never,Moderate,Moderate,No,No,122,93,6.7,1.46,4.1,2.4,6.3,70,138,4.3,8,4.8,1,Yes,57,0,,
PHC-0093,Igoma HC,29/06/2024,44,F,Rural, Tertiary ,Farmer,Widowed,0,157.4,37.2,15.0,Current,None,High,No,0,125,89,5.6,1.18,3.6,0.4,6.3,72,140,3.8,18,7.3,0,Yes,98,No,,
PHC-1176,Igoma HC,2024-04-16,39,Female,Urban, Secondary ,Trader,Married,No,151.3,82.3,36.0,Never,None,Moderate,No,Yes,153,91,4.3,1.73,1.0,2.3,8.8,104,134,4.0,11,7.1,2,Yes,38,No,,
PHC-1416,Nyamagana PHC,2024-03-25,47,Male,Urban,Secondary,Trader,Married,Yes,174.7,86.7,28.4,Current,None,Low,N,No,103,65,5.9,1.23,3.9,1.4,5.2,89,136,4.1,13,2.9,0,Yes,77,No,,
PHC-1342,Nyamagana PHC,2024-06-19,54,Female,Urban,Primary, Professional ,Married,Yes,150.2,40.1,17.8,Never,None,Moderate,0,No,106,5,5.8,1.19,NA,1.2,5.7,121,134,4.3,13,0.2,0,No,0,0,,
PHC-0804,Nyamagana PHC,10/08/2024,29,Female,Urban,None,Professional,Married,1,151.6,49.5,21.5,Former,Moderate,Low,0,0,142,88,5.5,1.22,3.4,0.9,4.0,96,139,3.7,11,2.5,0,Y,44,Yes,Poor,No
PHC-0746,Igoma HC,2024-08-28,78,Male,Urban,Primary,Trader,Married,No,170.5,87.0,29.9,Never,None,Low,Y,N,147,81,5.2,1.56,2.5,2.8,4.9,68,142,5.1,13,0.2,0,Yes,40,Yes,Good,No
PHC-0280,Kisesa HC,2024-06-05,59,f,Urban,Primary,Farmer,Divorced,Yes,160.7,79.1,30.6,Former,None,Low,No,No,111,78,3.8,1.52,1.0,2.9,7.4,70,140,4.2,10,1.4,2,Yes,90,Yes,Poor,Yes
PHC-0765,Igoma HC,2024-06-10,58,Female,Rural,Tertiary,Farmer,Single,No,159.5,56.4,22.2,Current,Moderate,Low,Yes,No,122,74,4.1,1.37,1.8,1.6,6.0,91,140,4.2,8,4.1,0,No,0,No,,
PHC-0605, Bugando PHC ,2024-05-25,61,Female,Rural,Primary, Other ,Divorced,No,153.6,62.5,26.5,Never,None,Moderate,No,No,158,101,6.2,1.56,4.1,1.3,5.7,75,141,4.3,13,12.8,0,Yes,100,No,,
PHC-1484,Igoma HC,01/04/2024,46,Male,Rural,None,Professional,Divorced,1,171.3,66.8,22.8,Never,None,Low,No,No,95,101,4.4,1.78,1.4,1.5,6.1,87,138,4.7,12,12.1,0,Yes,69,No,,
PHC-1374, Nyamagana PHC ,2024-05-20,45,Male,Urban,Tertiary, Farmer ,Married,Yes,174.7,71.9,23.6,Never,None,High,Yes,No,121,86,,2.01,2.3,1.9,4.5,46,138,4.4,9,7.3,0,Yes,58,No,,
PHC-1399,Buzuruga PHC,17/10/2024,49,Male,Rural,Secondary,Farmer,Married,Yes,175.3,100.5,32.7,Never,Moderate,Moderate,No,No,150,90,5.5,1.58,NA,2.4,5.6,76,136,5.2,12,7.3,2,Yes,61,Yes,Good,No
PHC-0401,Ilemela HC,2024-10-17,45,Male,Urban, None ,Professional,Single,Yes,170.8,100.7,34.5,Never,Moderate,Moderate,No,No,140,77,5.8,1.76,2.9,2.8,4.7,66,134,3.5,12,7.6,1,Yes,97,Yes,Good,No
PHC-0258,Bugando PHC,24/02/2024,18,Male,Rural,None,Unemployed,Married,No,174.4,81.7,26.9,Former,Heavy,Low,Yes,No,136,86,5.5,1.46,,1.7,4.4,86,133,4.4,10,5.2,0,No,0,N,,
PHC-0945,Buzuruga PHC,2024-09-13,72,Male,Urban,Primary,Trader,Married,Yes,170.8,72.6,24.9,Never,Moderate,Low,No,No,165,83,6.8,0.59,4.9,1.7,4.9,87,140,4.1,9,1.0,1,Yes,88,Yes,Good,No
PHC-1097,Nyamagana PHC,2024-02-17,49,Male,Urban,Secondary,Farmer,Married,Yes,170.8,77.5,26.6,Never,None,Low,No,No,143,70,5.8,1.92,2.6,0.4,6.0,94,139,3.9,17,1.3,0,Yes,30,Yes,Good,No
PHC-1220,Igoma HC,16/07/2024,64,Male,Rural,Secondary,Trader,Widowed,No,156.0,47.8,19.6,Never,None,Moderate,N,No,125,73,3.8,1.5,1.0,0.4,5.7,105,137,4.1,9,23.9,0,No,0,N,,
PHC-1162,Nyamagana PHC,2024-08-27,65,Male,Urban,Primary,Unemployed,Married,No,180.7,89.3,27.3,Never,Moderate,Low,No,0,158,98,4.1,1.4,1.8,2.6,5.4,106,136,4.4,11,2.9,0,1,23,Yes,Good,No
PHC-0495,Buzuruga PHC,2024-02-09,74,Male,Urban,Secondary,Unemployed,Married,No,163.7,76.4,28.5,Never,None,Low,No,No,153,81,6.5,0.87,4.8,2.1,6.0,119,141,3.7,12,,1,1,102,Yes,Poor,No
PHC-0773,Bugando PHC,2024-02-10,40,Female,Urban,,Farmer,Married,N,160.6,72.6,28.1,Never,None,High,No,0,149,82,7.7,1.36,5.5,1.2,6.9,87,137,4.3,13,2.8,1,Yes,58,N,,
PHC-0551,Bugando PHC,06/03/2024,68,Female,Urban,None,Professional,Single,No,156.4,76.2,31.2,Never,Moderate,High,No,No,150,70,6.0,0.98,4.2,2.6,5.3,124,144,4.8,12,NA,1,Yes,19,1,Good,No
PHC-0202,Nyamagana PHC,2024-05-31,47,Male,Rural,Secondary,Trader,Married,Yes,167.7,75.2,26.7,Never,None,Low,Yes,No,155,86,4.4,1.13,2.3,3.3,4.7,100,142,3.8,0,4.1,0,Yes,89,No,,
PHC-0313,Nyamagana PHC,2024-10-12,78,Female,Urban,Primary, Trader ,Widowed,No,157.4,66.4,26.8,Current,Moderate,Moderate,Yes,No,126,93,,0.72,4.1,2.4,5.4,86,141,4.0,9,1.0,0,1,10,Y,Poor,No
PHC-0291,Kisesa HC,2024-04-09,33,female, Urban ,Primary,Professional,Widowed,Y,166.3,78.5,28.4,Never,None,Low,No,No,133,90,5.1,1.32,2.5,0.5,5.4,97,134,4.4,6,0.6,1,Yes,109,Yes,Poor,No
PHC-1214,Igoma HC,2024-01-22,67,Female, Rural ,Secondary,Professional,Married,No,158.9,64.4,25.5,Never,None,High,Yes,N,168,96,4.3,1.51,1.5,1.3,,114,141,4.8,14,4.7,1,Yes,102,1,Good,No
PHC-0764,Ilemela HC,29/07/2024,48,Male,Rural,,Unemployed,Married,No,172.6,107.1,36.0,Never,None,Low,1,No,151,63,5.2,1.0,3.4,2.2,6.1,64,142,4.9,6,8.0,1,Yes,68,No,,
PHC-1137,Nyamagana PHC,06/07/2024,34,Female,Urban,Primary,Farmer,Married,Yes,163.3,57.8,21.7,Never,Moderate,Moderate,No,No,110,97,4.1,0.95,NA,1.8,5.9,62,139,4.9,15,7.2,1,Yes,22,Yes,Poor,No
PHC-0950,Kisesa HC,05/09/2024,69,Female,Urban,None,Trader,Married,Y,171.6,110.6,37.6,Current,None,High,No,No,161,82,5.5,1.04,3.0,1.7,6.9,67,140,3.8,8,1.6,2,Yes,27,N,,
PHC-0184,Igoma HC,2024-10-01,68,Female,Urban,Primary,Professional,Married,1,162.5,70.9,26.8,Never,None,Low,0,No,122,98,4.3,1.26,1.6,2.1,,119,141,4.4,8,9.7,0,Yes,28,No,,
PHC-1177,Buzuruga PHC,2024-07-31,34,Male,Urban,Primary,Trader,Divorced,N,168.1,65.8,23.3,Never,None,Moderate,Yes,0,113,87,3.9,1.5,1.3,2.7,4.2,80,137,4.6,7,11.3,0,0,0,0,,
PHC-1350, Kisesa HC ,2024-07-26,36,Male,Urban,Primary,Farmer,Married,No,170.3,49.4,NA,Former,None,Low,Yes,No,118,72,4.6,1.72,1.5,1.5,5.1,69,137,4.2,12,1.1,0,Yes,47,1,Good,Yes
PHC-1069,Bugando PHC,18/08/2024,59,Male,Rural,None,Other,Married,0,173.1,75.3,25.1,Never,Moderate,High,No,No,140,90,4.7,1.16,1.8,1.0,5.2,87,139,4.2,6,5.3,1,Yes,19,No,,
PHC-1469,Buzuruga PHC,2024-11-27,37,Female, Rural ,Primary,Unemployed,Married,0,161.4,68.0,26.1,Never,None,Low,No,No,127,84,4.4,1.2,2.1,1.5,5.7,72,136,3.9,11,14.7,0,No,0,No,,
PHC-1031, Igoma HC ,25/08/2024,37,M,Rural,Tertiary,Farmer,Single,N,157.3,71.4,28.9,Current,Moderate,Moderate,Yes,0,154,81,-99,1.32,3.5,1.4,3.7,98,136,4.6,7,12.9,1,Yes,43,0,,
PHC-0251,Bugando PHC,2024-01-28,51,Female,Urban,Primary,Unemployed,Married,N,164.1,75.9,28.2,Never,Moderate,Moderate,Yes,No,131,73,3.2,1.17,1.3,0.6,3.0,66,136,4.5,12,6.5,0,N,0,No,,
PHC-0824,Buzuruga PHC,2024-07-24,38,Female,Urban,,Farmer,Widowed,0,156.7,54.9,22.4,Never,None,Low,Yes,No,106,72,5.1,0.99,3.2,2.8,5.0,97,137,3.6,14,0.6,0,Yes,99,Yes,Poor,Yes
PHC-1100,Ilemela HC,2024-04-09,68,Male,Rural,Primary,Unemployed,Married,No,170.4,80.5,27.7,Never,None,Moderate,1,No,173,87,-99,0.8,3.1,2.6,5.9,127,145,4.6,12,7.0,0,Yes,39,Y,Poor,No
PHC-0941,Nyamagana PHC,2024-10-19,32,Female,Urban,Secondary,Professional,Married,Y,163.5,73.8,NA,Never,Moderate,Low,No,No,149,69,-99,1.13,4.8,3.3,4.6,49,138,4.2,12,1.4,1,Yes,81,No,,
PHC-0392,Nyamagana PHC,2024-04-27,71,Female,Rural,Primary,Trader,Married,1,151.4,41.7,18.2,Never,None,Moderate,Y,No,152,91,4.7,1.01,2.3,0.8,4.2,78,138,4.1,8,8.1,0,1,73,Yes,Poor,No
PHC-1457,Kisesa HC,16-Apr-2024,56,Female,Urban,Primary, Farmer ,Single,No,161.2,89.0,34.2,Former,None,High,Yes,No,142,100,5.5,0.73,3.2,2.3,5.0,78,141,4.7,5,8.8,1,1,109,No,,
PHC-1093,Bugando PHC,2024-03-17,80,Female,Rural,Primary,Farmer,Single,No,152.4,71.0,30.6,Never,None,Moderate,No,No,184,84,5.2,0.88,3.0,1.3,5.8,99,134,4.2,7,11.3,1,Yes,80,Yes,Good,No
PHC-1192,Nyamagana PHC,28-Feb-2024,46,Female,Urban,Primary,Trader,Married,Yes,165.8,75.1,27.3,Former,None,Low,No,No,111,81,5.1,1.58,2.8,2.9,5.7,70,141,3.7,4,14.7,0,0,0,0,,
PHC-0905,Nyamagana PHC,2024-10-18,42,Male,Rural,Primary,Farmer,Married,Yes,165.5,85.8,31.3,Current,None,Low,Yes,No,156,84,4.0,1.31,1.2,2.6,5.9,76,141,4.5,9,13.6,2,Yes,54,Yes,Poor,No
PHC-0731,Nyamagana PHC,21-Oct-2024,35,Male, Urban ,None,Other,Widowed,Yes,164.3,69.9,25.9,Never,None,Moderate,No,No,157,92,5.5,1.12,3.1,1.5,4.1,84,136,4.5,12,0.2,0,Y,75,0,,
PHC-0555,Bugando PHC,2024-01-15,48,Female,Rural, Secondary ,Other,Married,0,175.9,46.4,15.0,Former,None,Moderate,N,No,126,88,4.7,1.34,2.5,1.1,4.9,80,143,4.0,6,4.1,0,No,0,No,,
PHC-0367,Nyamagana PHC,31/05/2024,45,Male,Rural,Primary,Unemployed,Single,No,163.8,62.3,23.2,Never,None,Low,No,No,134,80,3.3,1.49,1.0,1.8,3.7,86,147,4.0,10,8.7,0,No,0,No,,
PHC-0346,Ilemela HC,29/02/2024,34,Male,Urban,Primary,Unemployed,Married,No,173.8,,16.5,Never,Moderate,Moderate,0,No,112,69,4.9,1.28,2.3,1.1,4.4,110,139,4.2,12,23.3,0,No,0,No,,
PHC-0536,Kisesa HC,19/07/2024,23,Female,Rural,Secondary,Trader,Single,No,159.2,70.2,27.7,Current,None,Low,No,No,118,83,3.7,0.87,2.0,1.5,6.2,64,139,5.0,NA,7.8,0,No,0,N,,
PHC-1423,Nyamagana PHC,2024-10-21,31,Female,Urban,,Professional,Married,No,151.7,60.0,26.1,Former,None,Low,Yes,No,135,97,3.9,1.43,1.0,1.1,999,40,137,3.8,12,2.5,0,1,58,Yes,Poor,No
PHC-1210, Bugando PHC ,2024-10-16,45,f,Rural,Secondary,Trader,Married,Yes,155.2,52.4,21.8,Former,None,Moderate,No,0,144,103,4.0,1.09,2.0,2.8,5.6,88,139,4.2,15,11.3,0,Yes,94,Yes,Poor,No
PHC-1373,Ilemela HC,2024-01-29,41,Male,Rural,None,Trader,Single,Yes,151.6,43.8,19.1,Never,Moderate,Moderate,0,No,104,89,5.7,1.46,,2.5,5.5,51,134,5.0,16,25.0,0,No,0,No,,
PHC-0920,Igoma HC,2024-09-25,54,male,Urban,Secondary, Trader ,Married,No,173.1,72.9,24.3,Never,Heavy,Moderate,Yes,No,167,84,5.9,0.78,4.4,2.3,4.0,94,142,4.3,14,13.1,0,Yes,115,Yes,Poor,No
PHC-0212,Kisesa HC,2024-05-17,65,Female,Rural,Secondary,Trader,Single,No,157.0,76.3,31.0,Former,None,Moderate,No,No,176,88,,1.55,2.4,2.6,4.4,107,137,4.1,6,4.7,1,1,119,Yes,Good,No
PHC-0503,Buzuruga PHC,2024-08-19,50,F,Urban,Primary, Farmer ,Single,Yes,168.6,53.9,19.0,Never,None,Low,No,No,157,80,6.5,1.66,3.6,1.9,4.8,68,138,3.4,12,5.4,1,Yes,47,No,,
PHC-0538,Bugando PHC,2024-07-20,59,Female,Urban,Primary,Other,Single,No,157.4,68.9,27.8,Former,None,Moderate,No,No,166,78,6.6,1.27,4.2,2.1,5.1,95,136,4.9,9,3.1,2,Yes,16,No,,
PHC-1221,Ilemela HC,2024-03-10,75,Female,Urban,Primary,Trader,Married,Y,161.7,62.6,23.9,Never,None,Moderate,Yes,No,124,78,4.6,1.16,2.5,1.6,5.5,101,138,4.4,14,8.1,0,No,0,No,,
PHC-0176,Bugando PHC,26/08/2024,52,Female,Rural,Tertiary,Farmer,Single,No,156.2,41.9,17.2,Current,Moderate,High,No,No,127,97,5.3,1.32,2.6,1.0,5.1,70,137,3.7,9,7.1,1,Yes,3,No,,
